n_threads,Time,GFLOPS
24,3.416217,585.442961
24,3.386765,590.534043
24,3.443104,580.871192
24,3.410830,586.367607
24,3.542760,564.531581
