n_threads,Time,GFLOPS
96,3.080142,649.320794
96,3.078212,649.727776
96,3.059802,653.637100
96,3.572259,559.869782
96,3.220426,621.035906
