n_threads,Time,GFLOPS
46,3.096795,645.828942
46,3.031784,659.677660
46,3.052761,655.144576
46,3.094569,646.293634
46,2.990167,668.858908
