n_threads,Time,GFLOPS
36,3.278760,609.986715
36,3.290942,607.728694
36,3.260904,613.326806
36,3.255395,614.364819
36,3.267665,612.057859
