n_threads,Time,GFLOPS
22,3.056979,654.240774
22,3.063682,652.809249
22,3.023167,661.557790
22,3.051376,655.441900
22,3.060490,653.490072
