n_threads,Time,GFLOPS
50,1.697920,1177.911944
50,1.746267,1145.300412
50,1.682226,1188.900886
50,1.720653,1162.349304
50,1.738561,1150.376504
