n_threads,Time,GFLOPS
14,2.957496,676.247775
14,2.941729,679.872219
14,2.917643,685.484747
14,2.858880,699.574696
14,2.904616,688.559271
