n_threads,Time,GFLOPS
94,3.205911,623.847542
94,3.672540,544.582176
94,3.213334,622.406565
94,3.682437,543.118639
94,3.228426,619.497020
