n_threads,Time,GFLOPS
114,3.282587,609.275503
114,3.792046,527.419748
114,3.885531,514.730190
114,3.746166,533.879227
114,3.879511,515.528954
