n_threads,Time,GFLOPS
116,3.294212,607.125455
116,3.793401,527.231430
116,3.658363,546.692672
116,3.588585,557.322698
116,3.836326,521.332148
