n_threads,Time,GFLOPS
92,3.506738,570.330590
92,3.171630,630.590552
92,3.513121,569.294299
92,3.080202,649.308026
92,3.113600,642.343218
