n_threads,Time,GFLOPS
72,3.446087,580.368458
72,3.508850,569.987397
72,3.434920,582.255142
72,3.068444,651.796221
72,3.467277,576.821546
