n_threads,Time,GFLOPS
128,3.213534,622.367844
128,3.240948,617.103427
128,3.227567,619.661860
128,3.707126,539.501452
128,3.881214,515.302629
