n_threads,Time,GFLOPS
30,3.191362,626.691761
30,3.136594,637.634424
30,3.127495,639.489384
30,3.250876,615.218862
30,3.126840,639.623478
