n_threads,Time,GFLOPS
48,3.373890,592.787493
48,3.342483,598.357551
48,3.334767,599.742099
48,3.351614,596.727500
48,3.381619,591.432708
