n_threads,Time,GFLOPS
52,3.365167,594.324086
52,3.415604,585.547940
52,3.411385,586.272087
52,3.424059,584.102073
52,3.381445,529.107488
