n_threads,Time,GFLOPS
122,3.901509,512.622107
122,3.456544,578.612546
122,5.629892,355.246616
122,3.517025,568.662368
122,3.761728,531.670504
