n_threads,Time,GFLOPS
28,3.379903,591.733038
28,3.442054,581.048344
28,3.473314,575.818869
28,3.244130,616.498037
28,3.471025,576.198644
