n_threads,Time,GFLOPS
24,1.904255,1050.279517
24,1.924463,1039.251056
24,1.928866,1036.878651
24,1.972573,1013.904366
24,1.913318,1045.304651
