n_threads,Time,GFLOPS
60,3.399204,588.372959
60,3.407341,586.967929
60,3.392779,589.487258
60,3.405117,587.351245
60,3.407582,586.926400
