n_threads,Time,GFLOPS
8,5.946297,336.343755
8,5.916666,338.028185
8,5.968471,335.094200
8,5.960066,335.566773
8,5.997436,333.475840
