n_threads,Time,GFLOPS
118,2.592174,771.553113
118,2.597168,770.069417
118,2.597447,769.986903
118,2.073444,964.578781
118,2.581181,774.839248
