n_threads,Time,GFLOPS
98,2.506569,797.903582
98,2.292349,872.467588
98,2.155087,928.036749
98,2.669511,749.200811
98,2.198980,909.512731
