n_threads,Time,GFLOPS
2,10.611798,188.469482
2,10.569065,189.231502
2,10.442223,191.530090
2,10.636886,188.024957
2,10.595080,188.766865
