n_threads,Time,GFLOPS
74,1.834100,1090.453105
74,1.932390,1034.987574
74,1.874859,1066.747097
74,1.935561,1033.291898
74,1.901499,1051.801824
