n_threads,Time,GFLOPS
128,2.694889,742.145591
128,3.154106,634.094095
128,2.830586,706.567368
128,2.888268,692.456523
128,2.616282,764.443645
