n_threads,Time,GFLOPS
8,2.735041,731.250330
8,2.788883,717.132933
8,2.727461,733.282603
8,2.803767,713.325932
8,2.829236,706.904531
