n_threads,Time,GFLOPS
102,2.485941,804.524266
102,2.188804,913.740818
102,2.488644,803.650524
102,2.416672,827.584491
102,2.599330,769.428917
