n_threads,Time,GFLOPS
42,2.783621,718.488590
42,2.790675,716.672389
42,2.802178,713.730576
42,2.795356,715.472309
42,2.810165,711.702067
