n_threads,Time,GFLOPS
32,2.606446,767.328469
32,2.576826,776.148764
32,2.568979,778.519308
32,2.596779,770.184803
32,2.689172,743.723346
