n_threads,Time,GFLOPS
56,3.151733,634.571616
56,3.063909,652.760884
56,3.083780,648.554632
56,3.171270,630.662237
56,3.061597,653.253834
