n_threads,Time,GFLOPS
54,1.584680,1262.084313
54,1.650713,1211.597834
54,1.620091,1475.690236
54,1.636373,1222.215006
54,1.577841,1267.555152
