n_threads,Time,GFLOPS
60,1.685307,1186.727348
60,1.670085,1197.543754
60,1.677938,1191.939383
60,1.689648,1183.678652
60,1.697687,1178.073560
