n_threads,Time,GFLOPS
44,2.834367,705.625018
44,2.784567,718.244473
44,2.864959,698.090258
44,2.827800,707.263652
44,2.902892,688.967999
