n_threads,Time,GFLOPS
114,2.884291,693.411386
114,2.375227,842.024723
114,2.673585,748.059137
114,2.318571,862.600334
114,2.436503,820.848461
