n_threads,Time,GFLOPS
12,1.935708,1033.213875
12,1.824482,1096.201515
12,1.858090,1076.374411
12,1.858079,1076.380314
12,1.876691,1065.705459
