n_threads,Time,GFLOPS
18,1.359520,1471.107700
18,1.356142,1474.771722
18,1.365423,
18,1.360212,1470.358842
18,1.342961,1489.246107
