n_threads,Time,GFLOPS
66,3.449941,579.719976
66,3.380671,591.598608
66,3.468389,576.636631
66,3.203692,624.279711
66,3.463417,577.464415
