n_threads,Time,GFLOPS
100,2.294808,871.532616
100,2.170331,921.518335
100,2.025762,987.282637
100,2.459753,813.089794
100,2.167764,922.609454
