n_threads,Time,GFLOPS
8,5.485791,364.578249
8,5.498655,363.725318
8,5.497115,363.827221
8,5.489002,364.364973
8,5.501211,363.556306
