n_threads,Time,GFLOPS
94,4.263890,469.055203
94,3.966972,504.162855
94,3.819312,523.654455
94,4.287347,466.488991
94,4.151885,481.708903
