n_threads,Time,GFLOPS
86,2.202661,907.992692
86,2.216369,902.376771
86,2.031818,984.340048
86,1.984284,1007.920261
86,1.407160,1421.302454
