n_threads,Time,GFLOPS
48,2.927905,683.082185
48,2.904159,688.667539
48,2.950583,677.832049
48,2.828671,707.045751
48,2.906218,688.179667
