n_threads,Time,GFLOPS
102,4.190383,477.283369
102,4.005345,499.332784
102,4.209181,475.151787
102,4.031399,496.105678
102,4.445318,449.911538
