n_threads,Time,GFLOPS
22,2.430794,822.776470
22,2.435254,821.269467
22,2.440395,819.539408
22,2.469371,809.922949
22,2.463096,811.986207
