n_threads,Time,GFLOPS
14,3.345989,597.730665
14,3.340014,598.799899
14,3.339387,598.912232
14,3.370317,593.415916
14,3.339267,598.933801
