n_threads,Time,GFLOPS
106,4.537663,440.755473
106,4.556466,438.936715
106,4.706549,424.939824
106,4.422590,452.223706
106,4.466391,447.788796
