n_threads,Time,GFLOPS
88,4.254292,470.113511
88,4.008848,498.896490
88,3.876810,515.888076
88,4.122628,485.127429
88,,
