Size,Time,GFLOPS
3000,0.652676,82.736304
3000,0.183868,293.688750
3000,0.100487,537.381731
3000,0.244395,220.953897
3000,0.195601,276.072385
