Size,Time,GFLOPS
20000,20.257325,789.837746
20000,15.880143,1007.547584
20000,21.049556,760.111055
20000,20.949832,763.729289
20000,20.850484,767.368262
