Size,Time,GFLOPS
15000,4.974339,1356.964120
15000,4.967230,1358.906393
15000,5.016022,1345.687906
15000,5.029057,1342.200023
15000,5.015325,1345.874925
