Size,Time,GFLOPS
18000,18.118638,643.756997
18000,14.798826,788.170621
18000,18.092493,644.687267
18000,16.104238,724.281405
18000,16.744044,696.605925
