Size,Time,GFLOPS
19000,15.423219,889.438192
19000,21.090235,650.443192
19000,17.495029,784.108439
19000,20.949940,654.799017
19000,21.044016,651.871759
