Size,Time,GFLOPS
13000,3.468208,1266.936542
13000,3.450494,1273.440911
13000,3.478103,1263.332331
13000,3.465788,1267.821390
13000,3.456951,1271.062226
