Size,Time,GFLOPS
17000,7.457090,1317.672195
17000,7.438936,1320.887881
17000,7.459263,1317.288405
17000,7.490788,1311.744457
17000,7.525304,1305.727929
