Size,Time,GFLOPS
5000,0.973023,256.931252
5000,1.012248,246.975099
5000,0.744478,335.805951
5000,0.979164,255.319837
5000,1.057885,236.320606
