Size,Time,GFLOPS
20000,11.713082,1365.993990
20000,11.795315,1356.470765
20000,11.736041,1363.321764
20000,11.750235,1361.674922
20000,10.880663,1470.498582
