Size,Time,GFLOPS
5000,0.911292,274.335913
5000,0.797293,313.560944
5000,0.908887,275.061630
5000,0.579978,431.050921
5000,0.785722,318.178837
