Size,Time,GFLOPS
13000,6.229910,705.307149
13000,6.245338,703.564754
13000,6.245895,703.502033
13000,6.322304,694.999819
13000,6.247025,703.374772
