Size,Time,GFLOPS
14000,3.289267,1668.456715
14000,3.269836,1678.371467
14000,4.197517,1307.439520
14000,4.191054,1309.455896
14000,4.181378,1312.485974
