Size,Time,GFLOPS
10000,2.351479,850.528391
10000,2.230348,896.720873
10000,2.046621,977.220661
10000,1.865700,1071.983660
10000,1.945612,1027.954145
