Size,Time,GFLOPS
2000,0.498179,32.116987
2000,0.483585,33.086191
2000,0.268938,59.493303
2000,0.097498,164.106370
2000,0.187961,85.124012
