Size,Time,GFLOPS
16000,13.214703,619.915566
16000,13.320049,615.012740
16000,10.444866,784.308780
16000,10.422485,785.992999
16000,10.483826,781.394116
