Size,Time,GFLOPS
11000,3.199370,832.038896
11000,4.317255,616.595508
11000,4.354051,611.384600
11000,4.393084,605.952469
11000,2.692105,988.817290
