Size,Time,GFLOPS
9000,3.160483,461.321961
9000,3.071622,474.667808
9000,2.808806,519.081806
9000,2.613615,557.847949
9000,2.714443,537.126739
