Size,Time,GFLOPS
6000,0.949478,454.986900
6000,0.848514,509.125175
6000,0.669737,645.029261
6000,0.672835,642.059813
6000,0.524910,822.997886
