Size,Time,GFLOPS
4000,0.536631,238.525317
4000,0.527316,242.738861
4000,0.294883,434.071082
4000,0.515664,248.223845
4000,0.357653,357.888566
