Size,Time,GFLOPS
14000,8.903248,616.404258
14000,8.952258,613.029691
14000,8.987456,610.628861
14000,9.025219,608.073911
14000,8.974343,611.521056
