Size, Time, GFLOPS
13000,5.641704,778.842752
13000,5.666658,775.412925
13000,5.588987,786.188965
13000,5.574680,788.206642
13000,5.493725,799.821583
