Size,Time,GFLOPS
18000,14.264003,817.722752
18000,14.403244,809.817549
18000,14.435771,807.992891
18000,11.859144,983.544856
18000,14.494532,804.717257
