Size,Time,GFLOPS
18000,6.146630,1897.625248
18000,6.081862,1917.833581
18000,6.185677,1885.646607
18000,5.926588,1968.080122
18000,5.996493,1945.137053
