Size,Time,GFLOPS
11000,3.970586,670.429942
11000,3.914630,680.013206
11000,3.234589,822.979466
11000,3.962395,671.815904
11000,3.969696,670.580234
