Size,Time,GFLOPS
20000,19.524734,819.473385
20000,16.677974,959.349131
20000,16.996171,941.388496
20000,16.808265,951.912665
20000,16.626913,962.295309
