Size,Time,GFLOPS
3000,0.351642,153.565303
3000,0.764648,70.620767
3000,0.256444,210.571913
3000,0.421176,128.212371
3000,0.729487,74.024651
