Size, Time, GFLOPS
4000,1.054857,121.343511
4000,1.374336,93.135883
4000,2.034521,62.914075
4000,2.382383,53.727723
4000,2.607751,49.084434
