Size,Time,GFLOPS
16000,10.464637,782.826967
16000,10.300119,795.330627
16000,10.408176,787.073549
16000,10.402371,787.512753
16000,10.321535,793.680408
