Size, Time, GFLOPS
2000,0.951712,16.811814
2000,0.836578,19.125526
2000,0.841683,19.009543
2000,0.150673,106.190244
2000,0.904865,17.682200
