Size, Time, GFLOPS
12000,4.789875,721.521958
12000,4.791685,721.249415
12000,3.648263,947.300126
12000,4.803058,719.541653
12000,4.826509,716.045493
