Size,Time,GFLOPS
8000,3.529950,290.089062
8000,3.377274,303.203121
8000,2.538733,403.350777
8000,3.562693,287.422994
8000,3.523795,290.595779
