Size, Time, GFLOPS
15000,8.716451,774.397763
15000,8.723090,773.808359
15000,8.857782,762.041825
15000,8.755335,770.958479
15000,8.818139,765.467593
