Size,Time,GFLOPS
7000,3.040549,225.617149
7000,2.587619,265.108582
7000,2.922920,234.696837
7000,3.012587,227.711231
7000,2.334189,293.892233
