Size, Time, GFLOPS
19000,14.186200,966.996080
19000,15.390091,891.352764
19000,15.462006,887.206975
19000,14.959625,917.001594
19000,15.006993,914.107166
