Size,Time,GFLOPS
10000,2.450205,816.258307
10000,2.409054,830.201231
10000,4.037879,495.309595
10000,2.242626,891.811576
10000,2.234873,894.905607
