Size, Time, GFLOPS
5000,2.020661,123.721877
5000,0.755120,331.073135
5000,1.671962,149.524911
5000,1.587432,157.487071
5000,2.304284,108.493583
