Size,Time,GFLOPS
11000,2.126357,1251.906355
11000,2.136135,1246.176211
11000,2.064346,1289.512257
11000,2.138037,1245.067398
11000,2.098870,1268.301759
