Size,Time,GFLOPS
3000,1.310572,41.203378
3000,0.521658,103.516191
3000,1.173289,46.024475
3000,1.735279,31.118913
3000,1.491723,36.199750
