Size, Time, GFLOPS
6000,2.268855,190.404449
6000,2.429646,177.803646
6000,2.572758,167.913165
6000,2.781625,155.304878
6000,3.402428,126.968138
