Size, Time, GFLOPS
17000,12.227884,803.573224
17000,11.660670,842.661695
17000,11.950563,822.220691
17000,12.270417,800.787803
17000,11.793542,833.167878
