Size,Time,GFLOPS
2000,0.404954,39.510673
2000,0.532554,30.043905
2000,0.420750,38.027321
2000,0.299595,53.405461
2000,0.689598,23.201940
