Size,Time,GFLOPS
14000,3.554719,1543.863216
14000,3.529810,1554.758123
14000,3.653234,1502.230510
14000,3.602820,1523.251303
14000,3.650251,1503.458090
