n_threads,Time,GFLOPS
21,1.237675,1615.933616
21,1.247369,1603.374255
21,1.287705,1553.150567
21,1.246181,1604.902860
21,1.244381,1607.224443
