n_threads,Time,GFLOPS
13,2.159736,926.039016
13,2.172224,920.715160
13,2.178273,918.158767
13,2.179094,917.812497
13,2.180500,917.220922
