n_threads,Time,GFLOPS
18,3.144233,636.085085
18,3.253453,614.731476
18,3.135099,637.938357
18,3.161743,632.562463
18,3.161808,632.549401
