n_threads,Time,GFLOPS
12,2.024614,987.842655
12,2.009009,995.515929
12,2.051507,974.892916
12,2.048347,976.396989
12,2.022226,989.009244
