n_threads,Time,GFLOPS
9,6.157459,324.809332
9,6.211800,321.967855
9,6.280258,318.458255
9,6.222406,321.419067
9,6.143104,325.568324
