n_threads,Time,GFLOPS
18,1.403054,1425.462080
18,1.449960,1379.348454
18,1.496685,1336.286262
18,1.407079,1421.384762
18,1.392860,1435.894932
