n_threads,Time,GFLOPS
2,25.697377,77.828955
2,25.713741,77.779425
2,25.650728,77.970496
2,25.422352,78.670926
2,25.592365,78.148309
