n_threads,Time,GFLOPS
23,2.576028,776.389166
23,2.589412,772.376020
23,2.568976,778.520174
23,2.574655,776.803008
23,2.563929,780.052889
