n_threads,Time,GFLOPS
15,3.764022,531.346465
15,3.790391,527.650096
15,3.802146,526.018769
15,3.806042,525.480253
15,3.865066,517.455541
