n_threads,Time,GFLOPS
20,1.270667,1573.976041
20,1.259644,1587.750004
20,1.337118,1495.754786
20,1.293785,1545.852453
20,1.324294,1510.238519
