n_threads,Time,GFLOPS
19,3.226785,619.811892
19,3.195157,625.947395
19,3.239263,617.424343
19,3.212564,622.555676
19,3.190030,626.953318
