n_threads,Time,GFLOPS
20,2.834844,705.506298
20,2.826990,707.466178
20,2.835396,705.368919
20,2.841817,703.775159
20,2.873810,695.940300
