n_threads,Time,GFLOPS
24,2.432603,822.164714
24,2.420691,826.210354
24,2.442036,818.988772
24,2.430800,822.774469
24,2.430225,822.969105
