n_threads,Time,GFLOPS
22,2.570915,777.933203
22,2.615096,764.790394
22,2.604851,767.798297
22,2.582804,774.352214
22,2.585078,773.671078
