n_threads,Time,GFLOPS
8,6.921339,288.961429
8,6.880168,290.690580
8,6.915142,289.220384
8,6.896689,289.994219
8,6.885683,290.457757
