n_threads,Time,GFLOPS
22,1.202610,1663.050170
22,1.195580,1672.828515
22,1.203344,1662.035270
22,1.193651,1675.531519
22,1.198556,1668.674961
