n_threads,Time,GFLOPS
4,13.158647,151.991312
4,12.991002,153.952718
4,13.062161,153.114025
4,13.177791,151.770510
4,13.054711,153.201403
