n_threads,Time,GFLOPS
9,2.693686,742.477153
9,2.694235,742.325753
9,2.703487,739.785271
9,2.697201,741.509474
9,2.705805,739.151578
