n_threads,Time,GFLOPS
19,1.433929,1394.768799
19,1.427730,1400.824639
19,1.386857,1442.110220
19,1.447280,1381.902287
19,1.432024,1396.624570
