n_threads,Time,GFLOPS
17,3.556597,562.335244
17,3.540568,564.881131
17,3.598388,555.804492
17,3.589406,557.195235
17,3.545017,564.172236
