n_threads,Time,GFLOPS
7,3.485999,573.723646
7,3.486345,573.666671
7,3.480322,574.659537
7,3.512998,569.314294
7,3.487492,573.477948
