n_threads,Time,GFLOPS
11,4.894825,408.594798
11,5.037411,397.029329
11,4.852359,412.170684
11,4.963048,402.978187
11,5.027293,397.828411
