n_threads,Time,GFLOPS
17,1.567286,1276.091447
17,1.599823,1250.137921
17,1.664671,1201.438491
17,1.607380,1244.260825
17,1.620743,1234.001600
