n_threads,Time,GFLOPS
2,7.736373,258.519080
2,7.727831,258.804848
2,7.731167,258.693167
2,7.732982,258.632424
2,7.733379,258.619178
