n_threads,Time,GFLOPS
17,0.917900,2178.885647
17,0.913862,2188.514934
17,0.911205,2194.896093
17,0.921883,2169.472696
17,0.922606,2167.772543
