n_threads,Time,GFLOPS
9,3.242518,616.804583
9,3.242463,616.815018
9,3.243223,616.670485
9,3.241636,616.972435
9,3.241019,617.089824
