n_threads,Time,GFLOPS
19,1.600787,1249.385808
19,1.607961,1243.811273
19,1.612954,1239.961088
19,1.603966,1246.909136
19,1.609469,1242.645951
