n_threads,Time,GFLOPS
8,3.661819,546.176578
8,3.649147,548.073329
8,3.663299,545.955968
8,3.660182,546.420952
8,3.662385,546.092179
