n_threads,Time,GFLOPS
19,0.826008,2421.285075
19,0.828674,2413.494198
19,0.826022,2421.242364
19,0.821756,2433.813652
19,0.826749,2419.115240
