n_threads,Time,GFLOPS
6,2.496233,801.207245
6,2.493820,801.982649
6,2.498488,800.484141
6,2.498697,800.417213
6,2.500895,799.713595
