n_threads,Time,GFLOPS
23,1.345904,1485.990541
23,1.347078,1484.695475
23,1.350511,1480.921248
23,1.345606,1486.318780
23,1.347659,1484.054435
