n_threads,Time,GFLOPS
24,0.650816,3073.065987
24,0.653327,3061.256260
24,0.653542,3060.246003
24,0.652763,3063.900416
24,0.656598,3046.002144
