n_threads,Time,GFLOPS
4,7.379659,271.015230
4,7.427585,269.266518
4,7.379296,271.028575
4,7.389989,270.636381
4,7.432664,269.082508
