n_threads,Time,GFLOPS
21,1.460433,1369.457232
21,1.463369,1366.708910
21,1.456962,1372.719216
21,1.471906,1358.782147
21,1.466734,1363.573869
