n_threads,Time,GFLOPS
8,1.871437,1068.697543
8,1.870890,1069.009871
8,1.869590,1069.753154
8,1.873808,1067.345306
8,1.872554,1068.059862
