n_threads,Time,GFLOPS
21,0.748468,2672.124099
21,0.742544,2693.444178
21,0.753572,2654.026526
21,0.744505,2686.348987
21,0.743322,2690.623776
