n_threads,Time,GFLOPS
6,4.878444,409.966763
6,4.890170,408.983746
6,4.889402,409.047976
6,4.891700,408.855838
6,4.861792,411.370931
