n_threads,Time,GFLOPS
14,2.156974,927.224771
14,2.239639,893.001107
14,2.167337,922.791287
14,2.161664,925.213331
14,2.130818,938.606868
