n_threads,Time,GFLOPS
18,1.698600,1177.440563
18,1.700940,1175.820194
18,1.698568,1177.462268
18,1.684888,1187.022259
18,1.697687,1178.073537
