n_threads,Time,GFLOPS
10,2.920310,684.858868
10,2.921003,684.696204
10,2.920615,684.787235
10,2.921868,684.493593
10,2.920619,684.786436
