n_threads,Time,GFLOPS
11,2.658718,752.242312
11,2.663633,750.854216
11,2.658952,752.175963
11,2.660667,751.691148
11,2.657667,752.539623
