n_threads,Time,GFLOPS
22,0.714390,2799.591518
22,0.711950,2809.184878
22,0.716716,2790.504338
22,0.719522,2779.621821
22,0.711593,2810.596228
