n_threads,Time,GFLOPS
22,1.401869,1426.666720
22,1.405060,1423.426703
22,1.398477,1430.127565
22,1.407585,1420.873844
22,1.411166,1417.267320
