n_threads,Time,GFLOPS
18,0.862860,2317.873891
18,0.869513,2300.138785
18,0.862174,2319.718210
18,0.869967,2298.938619
18,0.868805,2302.012540
