n_threads,Time,GFLOPS
14,1.115212,1793.380552
14,1.129098,1771.325152
14,1.134610,1762.720890
14,1.120090,1785.571129
14,1.126124,1776.003642
