n_threads,Time,GFLOPS
10,1.493073,1339.519421
10,1.492655,1339.893997
10,1.491221,1341.183170
10,1.494146,1338.557110
10,1.497767,1335.320925
