n_threads,Time,GFLOPS
12,1.246605,1604.356970
12,1.248547,1601.861594
12,1.245367,1605.952218
12,1.245770,1605.432547
12,1.246453,1604.553693
