n_threads,Time,GFLOPS
1,15.111160,132.352514
1,15.108518,132.375658
1,15.100781,132.443480
1,15.102480,132.428584
1,15.098458,132.463860
