n_threads,Time,GFLOPS
14,1.117697,1789.393611
14,1.109451,1802.692784
14,1.122109,1782.357839
14,1.134185,1763.381211
14,1.124128,1779.157522
