n_threads,Time,GFLOPS
20,1.601282,1248.999170
20,1.600148,1249.884705
20,1.622178,1232.910506
20,1.674004,1194.739998
20,1.763097,1134.367671
