n_threads,Time,GFLOPS
15,2.081161,961.001890
15,2.100624,952.097951
15,2.100914,951.966625
15,2.174412,919.788785
15,2.111462,947.211131
