n_threads,Time,GFLOPS
17,0.917685,2179.397098
17,0.928723,2153.494721
17,0.908502,2201.424940
17,0.926170,2159.429911
17,0.908821,2200.654522
