n_threads,Time,GFLOPS
24,0.664906,3007.942876
24,0.658811,3035.773960
24,0.665722,3004.255146
24,0.670620,2982.316870
24,0.657427,3042.164263
