n_threads,Time,GFLOPS
7,4.188700,477.475101
7,4.187671,477.592475
7,4.216695,474.305149
7,4.189140,477.424936
7,4.187125,477.654706
