n_threads,Time,GFLOPS
5,2.946596,678.749309
5,2.947578,678.523095
5,2.984442,670.142080
5,2.974881,672.295710
5,2.951116,677.709682
