n_threads,Time,GFLOPS
1,29.009102,68.943879
1,29.003717,68.956678
1,29.045187,68.858224
1,29.050382,68.845911
1,29.050321,68.846055
