n_threads,Time,GFLOPS
3,9.817827,203.711062
3,9.799222,204.097831
3,9.801349,204.053536
3,9.782663,204.443315
3,9.796756,204.149213
