n_threads,Time,GFLOPS
16,2.020123,990.038720
16,1.974922,1012.698377
16,1.967023,1016.764813
16,1.972957,1013.707051
16,1.966812,1016.873810
