n_threads,Time,GFLOPS
19,0.832532,2402.310607
19,0.800451,2498.591325
19,0.812948,2460.181162
19,0.823332,2429.153714
19,0.818315,2444.045667
