n_threads,Time,GFLOPS
9,3.280033,609.750000
9,3.275635,610.568662
9,3.266827,612.214924
9,3.271682,611.306353
9,3.263316,612.873564
