n_threads,Time,GFLOPS
4,3.708894,539.244368
4,3.714544,538.424158
4,3.707004,539.519243
4,3.710822,538.964115
4,3.705881,539.682716
