n_threads,Time,GFLOPS
21,0.745976,2681.049662
21,0.741274,2698.057617
21,0.731336,2734.721427
21,0.750944,2663.313902
21,0.747018,2677.310260
