n_threads,Time,GFLOPS
22,0.731082,2735.670400
22,0.744770,2685.394594
22,0.741620,2696.797769
22,0.737963,2710.163097
22,0.748092,2673.467229
