n_threads,Time,GFLOPS
5,5.899280,339.024435
5,5.887916,339.678757
5,5.887029,339.729941
5,5.899976,338.984431
5,5.911812,338.305760
