n_threads,Time,GFLOPS
6,4.930700,405.621949
6,4.895404,408.546426
6,4.864341,411.155349
6,4.892831,408.761308
6,4.886835,409.262880
