n_threads,Time,GFLOPS
23,0.690211,2897.664678
23,0.688525,2904.759830
23,0.694098,2881.438322
23,0.690406,2896.847576
23,0.692137,2889.601165
