n_threads,Time,GFLOPS
6,2.470883,809.427303
6,2.479868,806.494524
6,2.481734,805.888000
6,2.472187,809.000307
6,2.471557,809.206659
