n_threads,Time,GFLOPS
7,2.125125,941.120936
7,2.123899,941.664536
7,2.124503,941.396745
7,2.122646,942.220201
7,2.124170,941.544415
