n_threads,Time,GFLOPS
10,1.477312,1353.810254
10,1.477981,1353.197056
10,1.476249,1354.784657
10,1.477555,1353.587145
10,1.477835,1353.331128
