n_threads,Time,GFLOPS
124,1.817495,1100.415837
124,1.964599,1018.019446
124,1.956237,1022.371221
124,2.055279,973.103757
124,1.965927,1017.332014
