n_threads,Time,GFLOPS
110,3.919651,510.249527
110,3.897434,513.158108
110,3.802164,526.016186
110,3.768963,530.649973
110,4.084968,489.599899
