n_threads,Time,GFLOPS
104,3.826292,522.699279
104,3.813126,524.504006
104,3.804244,525.728610
104,3.793051,527.280043
104,3.837260,521.205170
