n_threads,Time,GFLOPS
44,3.514799,569.022502
44,3.511724,569.520870
44,2.865245,698.020593
44,3.519887,568.200092
44,3.531903,566.266954
