n_threads,Time,GFLOPS
112,3.857286,
112,3.865167,517.442027
112,3.911814,511.271716
112,3.859090,518.256935
112,3.855500,518.739506
