n_threads,Time,GFLOPS
8,6.033969,331.456796
8,6.041906,331.021365
8,6.023063,332.056981
8,6.011762,332.681150
8,6.031826,331.574527
