n_threads,Time,GFLOPS
14,3.511330,569.584750
14,3.463458,577.457492
14,3.495484,572.166791
14,3.478961,574.884335
14,3.487506,573.475709
