n_threads,Time,GFLOPS
58,3.220309,621.058483
58,3.213397,622.394381
58,3.239507,617.377832
58,3.082371,648.851064
58,3.243950,616.532388
