n_threads,Time,GFLOPS
114,3.922471,509.882662
114,3.946789,506.741109
114,4.064276,492.092512
114,4.067628,491.687100
114,3.878973,515.600341
