n_threads,Time,GFLOPS
122,4.078742,490.347293
122,3.987042,501.625024
122,4.115966,485.912672
122,3.966258,504.253596
122,3.804826,525.648160
