n_threads,Time,GFLOPS
8,4.705327,425.050177
8,4.832314,413.880367
8,4.910140,407.320331
8,4.914795,406.934605
8,5.004161,399.667377
