n_threads,Time,GFLOPS
4,11.965782,167.143282
4,11.733434,170.453076
4,11.873167,168.447059
4,11.876683,168.397185
4,11.869477,168.499422
