n_threads,Time,GFLOPS
12,3.321073,602.215040
12,3.388614,590.211763
12,3.282824,609.231632
12,3.321124,602.205804
12,3.318325,602.713737
