n_threads,Time,GFLOPS
116,3.855007,518.805817
116,3.853822,518.965268
116,3.882373,515.148822
116,3.897023,513.212308
116,3.868183,517.038597
