n_threads,Time,GFLOPS
32,1.783641,1121.302088
32,1.775240,1126.608509
32,1.737186,
32,1.736357,1151.836864
32,1.729848,1156.171095
