n_threads,Time,GFLOPS
46,1.665150,1201.092807
46,1.674252,1194.563407
46,1.650447,1211.792605
46,1.655479,1208.109575
46,1.665662,1200.723566
