n_threads,Time,GFLOPS
20,3.276156,610.471479
20,3.264440,612.662513
20,3.250155,615.355184
20,3.282556,609.281277
20,3.260019,613.493271
