n_threads,Time,GFLOPS
28,1.761945,1135.109405
28,1.746054,1145.439923
28,1.744582,1146.406549
28,1.766619,1132.105977
28,1.764578,1133.415701
