n_threads,Time,GFLOPS
102,3.731216,536.018285
102,3.957599,505.356967
102,3.754810,532.650141
102,3.708166,539.350199
102,3.710273,539.043903
