n_threads,Time,GFLOPS
78,3.714700,538.401426
78,3.609785,554.049660
78,3.622596,552.090296
78,3.690038,541.999887
78,3.735680,535.377707
