n_threads,Time,GFLOPS
60,3.562575,561.391688
60,3.560609,561.701682
60,3.595801,556.204351
60,3.598090,555.850526
60,3.559146,561.932592
