n_threads,Time,GFLOPS
80,3.826481,522.673419
80,3.785982,528.264588
80,3.804418,
80,3.809687,524.977523
80,3.805148,525.603764
