n_threads,Time,GFLOPS
114,1.796333,1113.379538
114,1.780696,1123.156596
114,1.796945,1113.000410
114,1.721716,1161.631869
114,1.834434,1090.254571
