n_threads,Time,GFLOPS
92,3.915375,510.806764
92,3.890208,514.111345
92,3.907152,511.881772
92,3.891207,513.979341
92,3.886511,514.600406
