n_threads,Time,GFLOPS
38,2.035123,982.741381
38,,
38,2.001230,999.385496
38,1.928071,1037.306243
38,1.911186,1046.470545
