n_threads,Time,GFLOPS
68,3.743682,534.233478
68,3.778046,529.374126
68,3.787691,528.026140
68,3.795719,526.909445
68,3.799711,526.355829
