n_threads,Time,GFLOPS
50,1.562906,1279.667395
50,1.543970,1295.362243
50,1.592483,1255.900421
50,,
50,1.587709,1259.676308
