n_threads,Time,GFLOPS
54,1.549895,1290.410055
54,1.537085,1301.164404
54,1.616158,1237.502597
54,1.591955,1256.317008
54,,
