n_threads,Time,GFLOPS
2,17.510953,114.214227
2,17.666283,113.210009
2,17.563437,113.872928
2,17.763145,112.592675
2,17.713245,112.909861
