n_threads,Time,GFLOPS
76,1.873849,1067.321889
76,1.854607,1078.395742
76,1.866234,1071.676754
76,1.866742,1071.385604
76,1.878803,1064.507553
