n_threads,Time,GFLOPS
26,3.374725,592.640811
26,3.220972,620.930601
26,3.322599,601.938334
26,3.259435,613.603297
26,3.332376,600.172447
