n_threads,Time,GFLOPS
106,4.104027,487.326286
106,3.812685,524.564701
106,3.734817,535.501519
106,3.941879,507.372241
106,3.891199,513.980339
