n_threads,Time,GFLOPS
50,3.215222,622.040939
50,3.221976,620.736997
50,3.199287,625.139201
50,3.218584,621.391271
50,3.194211,626.132687
