n_threads,Time,GFLOPS
24,3.583248,558.152753
24,3.587997,557.413993
24,3.600429,555.489284
24,3.643418,548.935130
24,3.664548,545.769856
