n_threads,Time,GFLOPS
56,1.497173,1335.850726
56,,
56,1.490190,1342.110324
56,1.486252,1345.666720
56,1.497057,1335.954517
