n_threads,Time,GFLOPS
68,3.065038,652.520381
68,2.962502,675.105010
68,2.957560,676.233118
68,3.030420,659.974457
68,2.888095,692.497953
