n_threads,Time,GFLOPS
34,2.580458,775.056322
34,2.566160,779.374484
34,2.548862,784.663908
34,2.568120,778.779725
34,2.546306,785.451592
