n_threads,Time,GFLOPS
114,2.890254,691.980623
114,2.981608,670.779072
114,3.090532,647.137690
114,2.991188,668.630626
114,2.946832,678.694998
