n_threads,Time,GFLOPS
108,2.986112,669.767321
108,2.963475,674.883368
108,3.086653,647.951079
108,3.072587,650.917302
108,2.882161,693.923672
