n_threads,Time,GFLOPS
68,1.374769,1454.789771
68,1.374693,1454.870679
68,1.373690,1455.932638
68,1.250036,1599.953503
68,1.361396,1469.080145
