n_threads,Time,GFLOPS
104,1.358985,1471.686655
104,1.371481,1458.277985
104,1.357033,1473.803354
104,1.383689,1445.411549
104,1.347759,1483.944959
