n_threads,Time,GFLOPS
38,1.174114,1703.412604
38,1.196778,1671.154089
38,1.180194,1694.636389
38,1.182357,1691.536257
38,1.183273,1690.226671
