n_threads,Time,GFLOPS
84,1.471283,1359.357509
84,1.596091,1253.061478
84,1.489057,1343.132296
84,1.408738,1419.710613
84,1.531798,1305.655227
