n_threads,Time,GFLOPS
48,1.169273,1710.464990
48,1.113246,1796.548009
48,1.183962,1689.243542
48,1.192992,1676.457695
48,1.175218,1701.811929
