n_threads,Time,GFLOPS
78,2.952043,677.496988
78,2.956072,676.573491
78,2.935369,681.345275
78,2.947045,678.645947
78,2.933527,681.773204
