n_threads,Time,GFLOPS
94,1.385031,1444.011264
94,,
94,1.380031,1449.243173
94,1.416431,1411.999928
94,1.354278,1476.801230
