n_threads,Time,GFLOPS
98,1.367035,1463.020649
98,1.397589,1431.035745
98,1.445952,1383.172029
98,1.460213,1369.662940
98,1.377150,1452.274934
