n_threads,Time,GFLOPS
66,2.922251,684.403933
66,3.006952,665.125287
66,3.037502,658.435818
66,3.108071,643.486027
66,2.970522,673.282372
