n_threads,Time,GFLOPS
80,3.076312,650.129080
80,3.033681,659.265084
80,2.998274,667.050410
80,2.961972,675.225925
80,3.012246,663.956472
