n_threads,Time,GFLOPS
128,3.102530,644.635169
128,3.099658,645.232502
128,3.031881,659.656508
128,3.038859,658.141860
128,3.021287,661.969552
