n_threads,Time,GFLOPS
24,1.435731,1393.018160
24,1.452856,1376.599212
24,1.433033,1395.641666
24,1.437833,1390.982043
24,1.435153,1393.579292
