n_threads,Time,GFLOPS
40,2.547129,785.197789
40,,
40,2.569149,778.467758
40,2.576652,776.200980
40,2.394313,835.312714
