n_threads,Time,GFLOPS
78,1.311613,1524.840269
78,1.230701,1625.090620
78,1.321448,1513.491354
78,1.340669,1491.792299
78,1.313264,1522.923177
