n_threads,Time,GFLOPS
14,3.367842,593.852155
14,3.345140,597.882347
14,3.349641,597.078940
14,3.367350,593.938774
14,3.366307,594.122866
