n_threads,Time,GFLOPS
14,1.643861,1216.647814
14,1.651232,1211.217185
14,1.652257,1210.465708
14,1.667184,1199.627405
14,1.655521,1208.079217
