n_threads,Time,GFLOPS
128,1.505696,1328.289216
128,1.503281,1330.423614
128,1.487017,1344.974601
128,1.548882,1291.254050
128,1.483129,1348.500198
