n_threads,Time,GFLOPS
96,2.821047,708.956619
96,3.014584,663.441440
96,3.463611,577.432078
96,3.035404,658.890820
96,3.114329,642.192999
