n_threads,Time,GFLOPS
18,1.385964,1443.039024
18,1.349766,1481.737811
18,1.370092,1459.755633
18,1.384768,1444.285688
18,1.355307,1475.680293
