n_threads,Time,GFLOPS
88,3.154914,633.931757
88,3.186043,627.738013
88,3.074945,650.418178
88,3.200896,624.824988
88,3.203286,624.358922
