n_threads,Time,GFLOPS
102,3.088945,647.470348
102,2.980044,671.130942
102,3.018169,662.653386
102,3.010568,664.326566
102,3.138254,637.297007
