n_threads,Time,GFLOPS
64,,
64,2.490275,803.124025
64,2.487833,803.912393
64,2.549247,784.545479
64,2.481663,805.911280
