n_threads,Time,GFLOPS
8,5.497304,363.814681
8,5.495797,363.914429
8,5.511415,362.883238
8,5.499507,363.668935
8,5.511314,
