n_threads,Time,GFLOPS
54,2.455236,814.585732
54,2.505900,798.116368
54,2.406286,831.156349
54,2.450859,816.040313
54,2.526154,596.925599
