n_threads,Time,GFLOPS
106,2.936550,681.071425
106,2.921305,684.625479
106,3.136650,637.622924
106,3.096190,645.955104
106,3.162168,632.477520
