n_threads,Time,GFLOPS
58,2.462214,812.277126
58,1.597117,1252.256478
58,1.237045,1616.756575
58,1.145279,1746.298705
58,1.664485,1201.572779
