n_threads,Time,GFLOPS
120,2.756703,725.504267
120,2.782919,718.669740
120,2.719520,735.423984
120,2.713883,736.951398
120,2.816172,710.183871
