n_threads,Time,GFLOPS
6,8.003284,249.897429
6,7.940954,251.858907
6,8.040463,248.741904
6,8.018193,249.432749
6,7.988724,250.352859
