n_threads,Time,GFLOPS
44,1.308148,1528.879434
44,1.317948,1517.510065
44,1.284569,1556.942663
44,1.307716,1529.383489
44,1.328264,1505.724567
