n_threads,Time,GFLOPS
94,2.458500,813.504170
94,1.489676,1342.574005
94,1.099533,1818.953281
94,1.811028,1104.345124
94,1.216485,1644.080866
