n_threads,Time,GFLOPS
126,1.330766,1502.893990
126,1.319465,1515.765888
126,1.247762,1602.869176
126,1.219601,1639.880113
126,1.221942,1636.738821
