n_threads,Time,GFLOPS
26,4.810185,415.784420
26,2.803142,713.484972
26,2.892195,691.516192
26,2.771269,721.691163
26,2.741758,729.458866
