n_threads,Time,GFLOPS
94,3.358379,595.525399
94,3.277788,610.167586
94,2.621973,762.784355
94,2.328452,858.939922
94,2.397813,834.093439
