n_threads,Time,GFLOPS
110,1.767519,1131.529454
110,1.514954,1320.172312
110,1.645555,1215.395619
110,1.776527,1125.791829
110,1.758011,1137.649158
