n_threads,Time,GFLOPS
58,2.572566,777.433870
58,2.242267,891.954565
58,2.405099,831.566754
58,2.586492,773.248171
58,2.289421,873.583229
