n_threads,Time,GFLOPS
40,1.318793,1516.538292
40,1.538227,1300.197903
40,1.357258,1473.559661
40,1.256799,1591.344376
40,1.332433,1501.013261
