n_threads,Time,GFLOPS
46,2.502225,799.288730
46,2.414366,828.374749
46,2.404559,831.753440
46,2.497555,800.783105
46,2.689644,743.592931
