n_threads,Time,GFLOPS
66,2.663825,750.799996
66,2.802707,713.595843
66,3.074338,650.546595
66,2.756873,725.459577
66,2.819563,709.329721
