n_threads,Time,GFLOPS
52,1.427164,1401.380842
52,1.507237,1326.931749
52,1.553977,1287.020210
52,1.480025,1351.328821
52,1.451014,1378.346600
