n_threads,Time,GFLOPS
12,4.626573,432.285445
12,4.634195,431.574396
12,4.547928,439.760707
12,4.566462,437.975870
12,4.547788,439.774276
