n_threads,Time,GFLOPS
118,1.013935,1972.512165
118,2.380867,840.030022
118,1.308207,1528.810411
118,1.957216,1021.859547
118,0.938382,2131.327757
