n_threads,Time,GFLOPS
96,1.475445,1355.523483
96,1.507802,1326.434483
96,1.363544,1466.765864
96,1.514842,1320.270022
96,1.303491,1534.341335
