n_threads,Time,GFLOPS
74,3.634367,550.302106
74,2.981883,670.717239
74,2.456434,814.188451
74,2.926507,683.408640
74,2.360481,847.285006
