n_threads,Time,GFLOPS
36,2.578688,775.588180
36,2.465421,811.220627
36,2.286643,874.644592
36,2.320968,861.709421
36,2.298161,870.261085
