n_threads,Time,GFLOPS
24,1.549213,1290.978109
24,1.268994,1576.052124
24,1.265695,1580.159870
24,1.280597,1561.771603
24,1.844999,1084.011345
