n_threads,Time,GFLOPS
70,2.541866,786.823671
70,2.489834,803.266448
70,2.637044,758.424964
70,2.468946,810.062267
70,2.510245,796.735080
