n_threads,Time,GFLOPS
116,4.334581,461.405608
116,4.139766,483.119138
116,4.350893,459.675715
116,4.241398,471.542603
116,3.517911,568.519263
