n_threads,Time,GFLOPS
60,1.325791,1508.533838
60,1.344321,1487.740017
60,1.274354,1569.422864
60,1.255049,1593.562991
60,1.260237,1587.003532
