n_threads,Time,GFLOPS
30,2.851454,701.396515
30,2.822029,708.709960
30,2.876841,695.206887
30,2.580285,775.108028
30,2.737417,730.615843
