n_threads,Time,GFLOPS
100,1.834033,1090.493071
100,1.651711,1210.865405
100,1.692180,1181.907586
100,1.756227,1138.805055
100,1.845989,1083.430208
