n_threads,Time,GFLOPS
86,1.149591,1739.749893
86,1.190070,1680.573344
86,1.385509,1443.512977
86,1.193254,1676.089291
86,1.252994,1596.177255
