n_threads,Time,GFLOPS
84,2.678922,746.569078
84,2.664826,750.517948
84,3.078200,649.730327
84,2.615207,764.757765
84,2.673221,748.161171
