n_threads,Time,GFLOPS
68,2.936104,681.174829
68,2.942246,679.752912
68,2.951700,677.575654
68,2.872339,696.296750
68,2.873102,696.111688
