n_threads,Time,GFLOPS
112,1.843955,1084.624889
112,1.685727,1186.431850
112,1.699005,1177.159703
112,1.491940,1340.536558
112,1.726290,1158.553690
