n_threads,Time,GFLOPS
8,2.814968,710.487761
8,2.829411,706.861013
8,2.793085,716.053994
8,2.826965,707.472570
8,2.785728,717.945099
