n_threads,Time,GFLOPS
44,2.689977,743.500822
44,2.454275,814.904750
44,2.436926,820.706100
44,2.470769,809.464615
44,2.494043,801.910951
