n_threads,Time,GFLOPS
78,1.647275,1214.126653
78,1.741134,1148.676716
78,1.793132,1115.366778
78,1.626985,1229.267643
78,1.626985,1229.267802
