n_threads,Time,GFLOPS
112,2.802441,713.663623
112,2.859912,699.322296
112,2.792051,716.319238
112,2.807442,712.392225
112,2.791622,716.429426
