n_threads,Time,GFLOPS
22,2.944192,679.303601
22,2.947891,678.451108
22,2.929221,682.775470
22,2.950774,677.788379
22,2.988147,669.311064
