n_threads,Time,GFLOPS
32,1.138934,1756.027728
32,1.140271,1753.968885
32,1.121631,1783.117990
32,1.133961,1763.729215
32,1.135709,1761.014139
