n_threads,Time,GFLOPS
10,5.131348,389.761152
10,5.049859,396.050657
10,5.017541,398.601643
10,5.070650,394.426717
10,5.052255,395.862850
