n_threads,Time,GFLOPS
84,1.963854,1018.405720
84,1.676779,1192.763215
84,1.612525,1240.290994
84,1.598305,1251.325906
84,1.636729,1221.949756
