n_threads,Time,GFLOPS
52,2.666575,750.025834
52,3.235375,618.166422
52,2.653717,753.659887
52,2.626302,761.526990
52,2.814039,710.722236
