n_threads,Time,GFLOPS
26,1.268102,1577.160487
26,1.265787,1580.045020
26,1.267549,1577.848765
26,1.717994,1164.148666
26,1.229169,1627.115411
