n_threads,Time,GFLOPS
18,1.499085,1334.147330
18,1.509715,1324.753251
18,3.183984,628.143793
18,1.490986,1341.394635
18,1.828653,1093.701272
