n_threads,Time,GFLOPS
60,2.426871,824.106273
60,2.295155,871.400838
60,2.370374,843.748614
60,2.423348,825.304626
60,2.317159,863.125797
