n_threads,Time,GFLOPS
24,3.401555,587.966418
24,3.145503,635.828284
24,3.386620,590.559320
24,3.452356,579.314549
24,3.965843,504.306455
