n_threads,Time,GFLOPS
68,1.817182,1100.604942
68,1.761619,1135.319337
68,1.782135,1122.249420
68,1.871046,1068.921029
68,1.665618,1200.755853
