n_threads,Time,GFLOPS
54,1.312541,1523.762485
54,1.398924,1429.669957
54,1.250181,1599.768794
54,1.298383,1540.377022
54,1.259604,1587.801125
