n_threads,Time,GFLOPS
20,3.309382,604.342358
20,3.173667,630.185766
20,3.519176,568.314897
20,3.729781,536.224549
20,3.176250,629.673429
