n_threads,Time,GFLOPS
80,1.565271,1277.734279
80,1.530313,1306.922077
80,1.612919,1239.988193
80,1.495630,1337.229013
80,1.466935,1363.386502
