n_threads,Time,GFLOPS
88,2.413021,828.836433
88,2.421100,826.070892
88,2.502863,799.084782
88,2.466578,810.839891
88,2.533594,789.392365
