n_threads,Time,GFLOPS
126,2.463171,811.961641
126,2.486946,804.199320
126,2.436971,820.690796
126,2.496662,801.069477
126,2.505821,798.141474
