n_threads,Time,GFLOPS
122,2.438172,820.286680
122,2.385240,838.489930
122,2.421545,825.918913
122,2.534975,788.962457
122,2.952395,677.416230
