n_threads,Time,GFLOPS
102,2.023528,988.372888
102,1.939822,1031.022589
102,2.008958,995.540787
102,2.198133,909.863098
102,1.878524,1064.665661
