n_threads,Time,GFLOPS
98,2.786526,717.739458
98,2.809788,711.797373
98,2.851926,701.280380
98,2.860224,699.245847
98,2.951051,677.724632
