n_threads,Time,GFLOPS
62,2.569443,778.378862
62,2.925076,683.742979
62,2.505578,798.219065
62,2.870523,696.737038
62,3.072048,651.031393
