n_threads,Time,GFLOPS
50,1.918818,1042.308321
50,1.395728,1432.943462
50,1.505317,1328.623883
50,1.422472,1406.003437
50,1.764415,1133.520126
