n_threads,Time,GFLOPS
10,2.294258,871.741368
10,2.278307,877.844972
10,2.306202,867.226839
10,2.338603,855.211556
10,2.364923,845.693629
