n_threads,Time,GFLOPS
110,2.712750,737.259162
110,2.712732,737.264213
110,2.645874,755.893937
110,2.732388,731.960424
110,2.770262,721.953321
