n_threads,Time,GFLOPS
62,1.376594,1452.861261
62,1.171731,1706.877092
62,1.210602,1652.071263
62,1.255907,1592.473969
62,1.190086,1680.550957
