n_threads,Time,GFLOPS
36,1.223744,1634.328152
36,1.255045,1593.568123
36,1.265440,1580.477885
36,1.245305,1606.032580
36,1.295648,1543.629579
