n_threads,Time,GFLOPS
14,1.710728,1169.092981
14,1.791445,1116.417087
14,1.736656,1151.638350
14,1.805798,1107.543828
14,1.763935,1133.828734
