n_threads,Time,GFLOPS
12,2.002862,998.571245
12,1.954684,1023.183182
12,1.954392,1023.336193
12,1.965434,1017.586885
12,1.972347,1014.020418
