n_threads,Time,GFLOPS
96,2.407734,830.656446
96,2.467207,810.633323
96,2.502155,799.310938
96,2.467242,810.621782
96,2.563291,780.246941
