n_threads,Time,GFLOPS
64,1.215395,1645.555188
64,1.208380,1655.107839
64,1.228059,1628.586457
64,1.228746,1627.676070
64,1.203311,1662.081270
