n_threads,Time,GFLOPS
54,1.712786,1167.688141
54,1.778679,1124.429839
54,1.962106,1019.312856
54,1.718353,1163.905450
54,1.897707,1053.903683
