n_threads,Time,GFLOPS
38,3.148069,635.310126
38,2.668454,749.497709
38,2.960215,675.626669
38,2.721449,734.902656
38,2.763424,723.739855
