n_threads,Time,GFLOPS
34,2.824021,708.210004
34,3.219229,621.266691
34,3.040989,657.680870
34,2.804726,713.082115
34,2.812809,711.032940
