n_threads,Time,GFLOPS
92,3.442068,581.046102
92,3.491289,572.854383
92,3.463801,577.400372
92,3.496973,571.923280
92,3.499507,571.509014
