n_threads,Time,GFLOPS
4,10.957111,182.529869
4,10.891198,183.634523
4,10.961945,182.449378
4,10.890621,183.644249
4,10.960126,182.479652
