n_threads,Time,GFLOPS
128,3.133595,638.244561
128,3.471707,576.085476
128,3.118184,641.398944
128,2.657333,752.634399
128,3.483344,574.160965
