n_threads,Time,GFLOPS
92,2.154233,928.404651
92,2.136070,936.298840
92,2.073029,964.771819
92,2.060201,970.779241
92,2.118746,943.954468
