n_threads,Time,GFLOPS
58,2.848711,702.072007
58,2.748121,727.769868
58,3.364478,594.445833
58,2.740228,729.866379
58,3.168773,631.159137
