n_threads,Time,GFLOPS
86,3.390979,589.800220
86,3.068998,651.678579
86,3.391998,589.622971
86,3.383682,591.072079
86,3.387661,590.377857
