n_threads,Time,GFLOPS
114,2.860719,699.125056
114,2.902132,689.148646
114,2.904061,688.690786
114,3.848108,519.735955
114,3.216746,621.746338
