n_threads,Time,GFLOPS
114,2.407246,830.824846
114,2.319487,862.259762
114,2.455467,814.509095
114,2.314922,863.960033
114,2.348680,851.542005
