n_threads,Time,GFLOPS
48,3.326188,601.288884
48,3.335197,599.664779
48,3.411108,586.319804
48,3.313418,603.606241
48,3.319423,602.514431
