n_threads,Time,GFLOPS
24,3.516741,568.708347
24,3.576039,559.278036
24,3.561953,561.489662
24,3.559029,561.951037
24,3.571417,560.001802
