n_threads,Time,GFLOPS
126,3.330284,600.549464
126,3.068324,651.821687
126,4.038262,495.262546
126,3.748374,533.564621
126,3.843070,520.417227
