n_threads,Time,GFLOPS
20,2.184015,915.744681
20,2.677733,746.900354
20,3.155256,633.862896
20,2.272504,880.086414
20,2.554516,782.927066
