n_threads,Time,GFLOPS
96,2.087571,958.051351
96,2.024839,987.733095
96,2.090837,956.554831
96,2.048943,976.113204
96,2.076172,963.311408
