n_threads,Time,GFLOPS
118,2.000767,999.616661
118,2.103307,950.883632
118,2.081121,961.020578
118,2.071435,965.514414
118,2.072196,965.159787
