n_threads,Time,GFLOPS
44,1.921010,1041.119132
44,1.724979,1159.434555
44,1.620529,1234.164753
44,1.690584,1183.023165
44,1.730744,1155.572190
