n_threads,Time,GFLOPS
94,2.555605,782.593404
94,2.569602,778.330658
94,2.652329,754.054336
94,2.629874,760.492686
94,2.502503,799.199909
