n_threads,Time,GFLOPS
112,3.564222,561.132339
112,3.571972,559.914860
112,3.455961,578.710235
112,3.077449,649.888933
112,3.451448,579.466916
