n_threads,Time,GFLOPS
96,3.455075,578.858694
96,3.572338,559.857418
96,3.500184,571.398471
96,3.449212,579.842588
96,3.514787,569.024529
