n_threads,Time,GFLOPS
16,2.643965,756.439787
16,2.619657,763.458640
16,2.645585,755.976390
16,2.624571,762.029342
16,2.626894,761.355436
