n_threads,Time,GFLOPS
76,3.515331,568.936393
76,3.508172,570.097549
76,3.525486,567.297735
76,3.489837,573.092697
76,3.542417,564.586252
