n_threads,Time,GFLOPS
28,1.986139,1006.978835
28,1.847407,1082.598356
28,1.985858,1007.121516
28,1.936522,1032.779555
28,1.771110,1129.235232
