n_threads,Time,GFLOPS
98,3.033244,659.360118
98,3.355412,596.051931
98,3.001349,666.366955
98,2.616442,764.396840
98,3.041881,657.487820
