n_threads,Time,GFLOPS
124,3.104130,644.302974
124,3.141965,636.544245
124,2.877945,694.940373
124,2.986024,669.786973
124,2.939507,680.386117
