n_threads,Time,GFLOPS
44,3.336479,599.434306
44,2.776419,720.352314
44,3.394474,589.192837
44,3.350490,596.927581
44,3.344508,597.995231
