n_threads,Time,GFLOPS
22,2.287880,874.171558
22,2.057341,972.128372
22,3.033319,659.343742
22,2.076942,962.954385
22,2.110053,947.843606
