n_threads,Time,GFLOPS
6,7.486275,267.155564
6,7.552747,264.804305
6,7.457411,268.189588
6,7.517852,266.033447
6,7.503575,266.539631
