n_threads,Time,GFLOPS
14,2.736636,730.824315
14,2.702798,739.973861
14,2.720396,735.187057
14,2.756577,725.537474
14,2.747786,727.858675
