n_threads,Time,GFLOPS
8,5.861117,341.231864
8,5.864720,341.022236
8,5.866275,340.931841
8,5.862759,341.136335
8,5.879249,340.179499
