n_threads,Time,GFLOPS
86,2.179111,917.805593
86,2.174868,919.595877
86,2.126854,940.355911
86,2.175056,919.516752
86,2.133529,937.414239
