n_threads,Time,GFLOPS
88,2.002976,998.514249
88,2.014924,992.593047
88,2.019184,990.499313
88,2.004082,997.963103
88,2.028753,985.827150
