n_threads,Time,GFLOPS
124,3.559363,561.898343
124,3.217061,621.685399
124,3.568428,560.470934
124,3.532254,566.210701
124,3.529949,566.580449
