n_threads,Time,GFLOPS
10,4.860578,411.473726
10,4.879423,409.884505
10,4.894997,408.580432
10,4.869933,410.683293
10,4.856690,411.803119
