n_threads,Time,GFLOPS
72,3.415459,585.572905
72,3.543537,564.407861
72,3.477475,575.129957
72,3.493895,572.427065
72,2.916386,685.780242
