n_threads,Time,GFLOPS
8,4.334335,461.431800
8,4.357091,459.021804
8,4.350056,459.764211
8,4.347863,459.996082
8,4.371414,457.517857
