n_threads,Time,GFLOPS
110,2.020369,989.918302
110,2.003209,998.398119
110,1.982892,1008.627757
110,2.009276,995.383252
110,1.986262,1006.916278
