n_threads,Time,GFLOPS
36,3.073705,650.680566
36,3.374002,592.767795
36,2.919795,684.979710
36,2.870554,696.729517
36,3.134958,637.966989
