n_threads,Time,GFLOPS
26,3.399496,588.322460
26,3.277823,610.161015
26,3.084551,648.392610
26,3.353027,596.475900
26,3.426587,583.671085
