n_threads,Time,GFLOPS
58,2.162820,924.718797
58,2.055173,973.154094
58,2.113844,946.143635
58,2.143650,932.988153
58,2.104488,950.349987
