n_threads,Time,GFLOPS
30,2.152628,929.096958
30,2.206547,906.393536
30,1.702503,1174.740735
30,2.178001,918.273316
30,2.077711,962.597784
