n_threads,Time,GFLOPS
106,3.018504,662.579915
106,3.489369,573.169556
106,3.590661,557.000546
106,3.419994,584.796315
106,3.104501,644.225926
