n_threads,Time,GFLOPS
46,3.152593,634.398406
46,3.129731,639.032592
46,2.659980,751.885478
46,2.629767,760.523638
46,3.335915,599.535579
