n_threads,Time,GFLOPS
22,4.276035,467.722981
22,3.331753,600.284580
22,3.775610,529.715698
22,3.295074,606.966692
22,4.147681,482.197121
