n_threads,Time,GFLOPS
14,3.812274,524.621277
14,3.824539,522.938850
14,3.817590,523.890735
14,3.822545,523.211609
14,3.826066,522.730194
