n_threads,Time,GFLOPS
32,1.666759,1199.933800
32,1.672544,1195.783125
32,1.678223,1191.736716
32,1.687122,1185.450787
32,1.676722,1192.803592
