n_threads,Time,GFLOPS
36,2.146818,931.611332
36,1.715628,1165.754085
36,1.759223,1136.865729
36,1.862700,1073.710463
36,1.674172,1194.620694
