n_threads,Time,GFLOPS
54,3.212304,622.606171
54,2.748991,727.539658
54,2.783527,718.512999
54,3.148943,635.133829
54,2.944764,679.171618
