n_threads,Time,GFLOPS
80,3.626532,551.491031
80,3.577523,559.046019
80,3.620987,552.335564
80,3.569168,560.354700
80,3.641776,549.182642
