n_threads,Time,GFLOPS
60,3.736939,535.197334
60,3.719365,537.726252
60,3.574888,559.458088
60,3.647584,548.308191
60,3.594575,556.394026
