n_threads,Time,GFLOPS
116,2.557788,781.925656
116,2.599228,769.459191
116,2.581179,774.839644
116,2.534535,789.099492
116,2.524820,792.135777
