n_threads,Time,GFLOPS
84,3.498753,571.632272
84,3.424686,583.995142
84,2.855007,700.523705
84,3.538100,565.275140
84,2.930375,682.506398
