n_threads,Time,GFLOPS
12,3.153423,634.231473
12,3.166745,631.563322
12,3.143696,636.193768
12,3.149969,634.926978
12,3.143749,636.183152
