n_threads,Time,GFLOPS
126,1.901853,1051.606043
126,2.048556,976.297263
126,2.042510,979.187197
126,1.889223,1058.636100
126,2.030281,985.085493
