n_threads,Time,GFLOPS
18,2.613850,765.154879
18,2.293071,872.192844
18,3.258696,613.742465
18,2.391984,836.126167
18,3.108282,643.442242
