n_threads,Time,GFLOPS
56,1.644855,1215.912552
56,1.646656,1214.582457
56,1.746166,1145.366776
56,1.662202,1203.223251
56,1.655056,1208.418637
