n_threads,Time,GFLOPS
2,16.216897,123.328154
2,16.239032,123.160050
2,16.258794,123.010351
2,16.257309,123.021587
2,16.245948,123.107621
