n_threads,Time,GFLOPS
12,4.314561,463.546563
12,4.335075,461.353024
12,4.317181,463.265311
12,4.325534,462.370670
12,4.329378,461.960151
