n_threads,Time,GFLOPS
6,5.648173,354.096779
6,6.239467,320.540217
6,5.651147,353.910466
6,5.650191,353.970356
6,5.636713,354.816735
