n_threads,Time,GFLOPS
40,1.663216,1202.489974
40,1.742172,1147.992242
40,1.808712,1105.759346
40,1.683183,1188.224785
40,1.696134,1179.151847
