n_threads,Time,GFLOPS
50,3.255867,614.275674
50,3.251489,615.102875
50,2.747232,728.005557
50,2.719777,735.354333
50,3.159751,632.961268
