n_threads,Time,GFLOPS
76,1.953556,1023.773867
76,1.951827,1024.680833
76,1.961153,1019.808475
76,1.941596,1030.080434
76,1.929738,1036.410286
