n_threads,Time,GFLOPS
40,3.025905,660.959386
40,3.341852,598.470476
40,3.137745,637.400444
40,3.384813,590.874641
40,3.376573,592.316484
