n_threads,Time,GFLOPS
128,2.153246,928.830244
128,2.240731,892.565793
128,2.103842,950.641633
128,2.102080,951.438560
128,2.092416,955.832817
