n_threads,Time,GFLOPS
52,2.901364,689.331022
52,3.065588,652.403379
52,3.468599,576.601714
52,2.837072,704.952118
52,2.896028,690.601076
