n_threads,Time,GFLOPS
2,22.292597,89.715880
2,22.113139,90.443966
2,22.134668,90.355996
2,22.112820,90.445272
2,22.111387,90.451132
