n_threads,Time,GFLOPS
82,2.935633,681.284038
82,2.530310,790.417109
82,3.367979,593.827926
82,2.602927,768.365869
82,2.829688,706.791727
