n_threads,Time,GFLOPS
110,3.460283,577.987479
110,3.546209,563.982565
110,3.481923,574.395279
110,3.537605,565.354193
110,3.508367,570.065830
