n_threads,Time,GFLOPS
46,1.946513,1027.478562
46,1.618130,1235.994647
46,1.937492,1032.262547
46,1.660584,1204.395815
46,1.928075,1037.303868
