n_threads,Time,GFLOPS
116,3.684455,542.821195
116,3.681988,543.184859
116,3.723407,537.142460
116,2.668938,749.361605
116,3.633161,550.484894
