n_threads,Time,GFLOPS
62,2.818293,709.649313
62,2.922443,684.359042
62,2.770882,721.791742
62,3.362972,594.712124
62,3.480060,574.702768
