n_threads,Time,GFLOPS
30,2.186219,914.821335
30,1.488362,1343.759451
30,1.503544,1330.190834
30,2.169661,921.803153
30,1.562617,1279.904455
