n_threads,Time,GFLOPS
82,4.051671,493.623535
82,3.894800,513.505149
82,3.671737,544.701327
82,3.814889,524.261644
82,3.702193,540.220327
