n_threads,Time,GFLOPS
72,3.754466,532.698952
72,3.783816,528.566968
72,3.768413,530.727426
72,3.608765,554.206257
72,3.786982,528.125026
