n_threads,Time,GFLOPS
106,2.851482,701.389631
106,2.896384,690.516208
106,2.748368,727.704655
106,2.907604,687.851499
106,2.760217,724.580612
