n_threads,Time,GFLOPS
66,1.828037,1094.069848
66,1.755050,1139.568522
66,1.882666,1062.323338
66,1.815419,1101.674160
66,1.852305,1079.735651
