n_threads,Time,GFLOPS
46,3.422187,584.421552
46,3.191349,626.694159
46,3.586926,557.580555
46,3.148951,635.132186
46,2.807059,712.489399
