n_threads,Time,GFLOPS
92,2.381520,839.799788
92,2.431566,822.515058
92,2.337310,855.684385
92,2.318015,862.807260
92,2.412419,829.043531
