n_threads,Time,GFLOPS
42,1.326017,1508.276327
42,1.506906,1327.223205
42,1.380645,1448.597966
42,1.322967,1511.753964
42,1.345012,1486.975872
