n_threads,Time,GFLOPS
30,2.644019,756.424310
30,2.544917,785.880113
30,2.560326,781.150444
30,2.462038,812.334986
30,2.450729,816.083745
