n_threads,Time,GFLOPS
72,1.874723,1066.824014
72,1.923194,1039.936508
72,1.900452,1052.381167
72,1.981917,1009.123813
72,1.871782,1068.500325
