n_threads,Time,GFLOPS
2,10.662026,187.581617
2,10.458195,191.237586
2,10.543523,189.689914
2,10.517520,190.158889
2,10.549622,189.580255
