n_threads,Time,GFLOPS
12,3.970705,503.688896
12,3.998101,500.237504
12,3.980239,502.482393
12,3.979533,502.571569
12,4.016190,497.984444
