n_threads,Time,GFLOPS
84,2.310666,865.551359
84,2.279476,877.394620
84,2.292035,872.586959
84,2.278988,877.582579
84,2.419995,826.448067
