n_threads,Time,GFLOPS
38,2.951673,677.581875
38,1.265145,1580.846747
38,2.512335,796.072075
38,1.425577,1402.940389
38,3.286829,608.489205
