n_threads,Time,GFLOPS
122,3.138131,637.322103
122,3.181742,628.586474
122,2.702989,739.921582
122,3.177694,629.387296
122,3.115734,641.903318
