n_threads,Time,GFLOPS
44,2.722820,734.532521
44,2.734288,731.451945
44,2.738675,730.280223
44,2.763899,723.615549
44,2.729573,732.715282
