n_threads,Time,GFLOPS
76,3.255073,614.425622
76,3.906913,511.913177
76,3.902150,512.538023
76,3.423669,584.168696
76,3.674972,544.221875
