n_threads,Time,GFLOPS
96,2.544713,785.943373
96,2.548560,784.756941
96,2.604669,767.851821
96,2.593310,771.215065
96,2.582162,774.544680
