n_threads,Time,GFLOPS
68,1.925551,1038.663587
68,1.827014,1094.682212
68,1.812494,1103.452065
68,1.825785,1095.419193
68,1.855338,1077.970758
