n_threads,Time,GFLOPS
94,4.341839,460.634278
94,5.097239,392.369275
94,3.137733,637.402814
94,4.678908,427.450163
94,4.873700,410.365842
