n_threads,Time,GFLOPS
124,3.261662,613.184347
124,3.256404,614.174318
124,3.264210,612.705592
124,3.257292,614.006980
124,3.301867,605.717950
