n_threads,Time,GFLOPS
110,2.916924,685.653779
110,2.869611,696.958506
110,2.953707,677.115289
110,2.951672,677.582164
110,2.942805,679.623789
