n_threads,Time,GFLOPS
8,5.591923,357.658688
8,5.676465,352.331941
8,5.604563,356.852111
8,5.615362,356.165803
8,5.703166,350.682388
