n_threads,Time,GFLOPS
2,21.468268,93.160751
2,21.316554,93.823795
2,21.333281,93.750230
2,21.318560,93.814966
2,21.499915,93.023625
