n_threads,Time,GFLOPS
64,1.652944,1209.962410
64,1.670806,1197.026838
64,1.673269,1195.265130
64,1.646389,1214.779813
64,1.632004,1225.486831
