n_threads,Time,GFLOPS
70,1.854594,1078.403118
70,1.941159,1030.312320
70,1.798437,1112.076507
70,1.799547,1111.390898
70,1.923756,1039.632888
