n_threads,Time,GFLOPS
16,3.249363,615.505243
16,3.248450,615.678244
16,3.264342,612.680979
16,3.249130,615.549366
16,3.247619,615.835834
