n_threads,Time,GFLOPS
86,4.320366,462.923724
86,4.581816,436.508136
86,4.161701,480.572727
86,4.145213,482.484213
86,3.972532,503.457226
