n_threads,Time,GFLOPS
34,3.136575,637.638158
34,2.880343,694.361743
34,2.374530,842.271918
34,1.170725,1708.342862
34,2.199399,909.339327
