n_threads,Time,GFLOPS
8,2.746515,728.195540
8,2.755646,725.782634
8,2.752164,726.700768
8,2.755087,725.929947
8,2.745735,728.402320
