n_threads,Time,GFLOPS
14,3.673869,544.385290
14,3.612335,553.658470
14,3.653943,547.353848
14,3.635308,550.159749
14,3.656461,546.976916
