n_threads,Time,GFLOPS
80,3.837555,521.165155
80,4.131434,484.093474
80,4.104819,487.232173
80,3.961827,504.817613
80,3.788644,527.893372
