n_threads,Time,GFLOPS
116,2.991768,668.500926
116,3.129723,639.034215
116,3.013495,663.681316
116,2.990994,668.674071
116,3.023739,661.432707
