n_threads,Time,GFLOPS
74,1.980867,1009.658927
74,2.055513,972.993324
74,1.965228,1017.693830
74,1.995623,1002.193269
74,1.999441,1000.279674
