n_threads,Time,GFLOPS
126,3.260016,613.493866
126,3.236593,617.933795
126,3.197772,625.435462
126,3.265562,612.451921
126,3.233663,618.493633
