n_threads,Time,GFLOPS
4,10.740455,186.211858
4,10.785618,185.432126
4,10.692649,187.044394
4,10.702468,186.872793
4,10.717437,186.611774
