n_threads,Time,GFLOPS
120,3.063727,652.799590
120,3.100289,645.101089
120,3.114957,642.063491
120,3.051524,655.410182
120,3.139524,637.039220
