n_threads,Time,GFLOPS
22,2.630159,760.410160
22,3.613064,553.546828
22,2.666881,749.939628
22,3.461360,577.807582
22,2.578540,775.632745
