n_threads,Time,GFLOPS
74,3.851716,519.249016
74,3.808679,525.116415
74,3.922375,509.895155
74,3.809004,525.071622
74,3.763833,531.373260
