n_threads,Time,GFLOPS
62,1.820954,1098.325625
62,2.405155,831.547091
62,1.737134,1151.321830
62,1.772016,1128.657832
62,1.646532,1214.674161
