n_threads,Time,GFLOPS
32,2.438135,820.299013
32,2.579631,775.304800
32,2.609706,766.369781
32,2.574576,776.826823
32,2.577935,775.814721
