n_threads,Time,GFLOPS
28,2.425996,824.403604
28,2.512432,796.041514
28,2.426547,824.216418
28,2.513020,795.855279
28,2.567669,778.916498
