n_threads,Time,GFLOPS
62,3.398118,588.561092
62,2.599071,769.505693
62,2.898151,690.095255
62,2.552642,783.501964
62,2.742244,729.329582
