n_threads,Time,GFLOPS
6,7.253223,275.739505
6,7.327815,272.932652
6,7.275512,274.894755
6,7.269901,275.106903
6,7.300556,273.951736
