n_threads,Time,GFLOPS
84,4.247392,470.877161
84,4.439591,450.491919
84,3.894493,513.545650
84,3.965168,504.392240
84,4.273603,467.989220
