n_threads,Time,GFLOPS
26,2.665361,750.367392
26,3.286967,608.463680
26,2.919711,684.999254
26,2.373345,842.692334
26,3.451741,579.417677
