n_threads,Time,GFLOPS
90,4.566140,438.006718
90,4.719367,423.785630
90,4.575659,437.095475
90,4.709759,424.650152
90,4.598595,434.915466
