n_threads,Time,GFLOPS
92,4.892741,408.768842
92,4.668771,428.378289
92,4.639575,431.073984
92,4.684347,426.953847
92,4.619758,432.923110
