n_threads,Time,GFLOPS
96,4.928598,405.794931
96,5.022203,398.231631
96,4.904035,407.827432
96,4.744857,421.509023
96,4.819461,414.984137
