n_threads,Time,GFLOPS
82,2.130948,938.549390
82,2.091087,956.440284
82,1.999952,1000.024197
82,2.150349,930.081635
82,2.132439,937.893153
