n_threads,Time,GFLOPS
24,2.831891,706.241881
24,2.512487,796.023861
24,2.771480,721.636124
24,2.535124,788.916177
24,3.553379,562.844576
