n_threads,Time,GFLOPS
18,3.070419,651.376987
18,5.586025,358.036332
18,3.216352,621.822412
18,3.087894,647.690641
18,8.155639,245.229106
