n_threads,Time,GFLOPS
28,1.530859,1306.456130
28,1.429425,1399.164433
28,1.433203,1395.476031
28,1.434036,1394.664781
28,1.400872,1427.681855
