n_threads,Time,GFLOPS
94,2.450281,816.232849
94,2.425058,824.722393
94,2.451210,815.923635
94,2.560019,781.244139
94,2.475612,807.880967
