n_threads,Time,GFLOPS
26,2.368182,844.529542
26,1.331842,1501.679843
26,1.524959,1311.510286
26,1.413711,1414.716429
26,2.097612,953.465079
