n_threads,Time,GFLOPS
14,1.742224,1147.957815
14,1.736060,1152.033717
14,1.731519,1155.054903
14,1.735230,1152.584761
14,1.747891,1144.235887
