n_threads,Time,GFLOPS
42,2.806551,712.618324
42,3.274419,610.795303
42,2.821776,708.773369
42,3.917574,510.520001
42,2.698031,741.281232
