n_threads,Time,GFLOPS
48,2.879989,694.447139
48,2.862583,698.669675
48,2.918888,685.192457
48,2.903821,688.747615
48,2.904649,688.551361
