n_threads,Time,GFLOPS
98,2.587545,772.933340
98,2.468202,810.306399
98,2.509883,796.849931
98,2.605303,767.665029
98,2.326947,859.495417
