Size,Time,GFLOPS
3000,0.045819,1178.556865
3000,0.043854,1231.371571
3000,0.044451,1214.811495
3000,0.043721,1235.106700
3000,0.042592,1267.855693
