Size,Time,GFLOPS
20000,9.309882,1718.603942
20000,7.762451,2061.204738
20000,9.282563,1723.661965
20000,7.743999,2066.115906
20000,9.485478,1686.789074
