Size,Time,GFLOPS
6000,0.615458,701.916169
6000,0.597495,723.018257
6000,0.611296,706.695034
6000,0.599276,720.869415
6000,0.597407,723.124755
