Size,Time,GFLOPS
15000,4.132098,1633.552849
15000,4.126703,1635.688421
15000,4.121659,1637.690219
15000,4.126542,1635.752330
15000,4.135822,1632.081751
