Size,Time,GFLOPS
18000,6.175866,1888.642137
18000,6.204636,1879.884532
18000,6.797655,1715.885729
18000,6.152253,1895.890752
18000,6.194279,1883.027764
