Size,Time,GFLOPS
9000,1.231360,1184.056504
9000,1.223514,1191.649390
9000,1.205069,1209.889431
9000,1.277719,1141.095937
9000,1.267380,1150.405053
