Size,Time,GFLOPS
13000,2.831615,1551.764432
13000,2.853459,1539.885589
13000,2.865767,1533.271731
13000,2.859809,1536.466283
13000,2.843361,1545.354429
