Size,Time,GFLOPS
11000,1.868080,1424.992608
11000,1.884631,1412.478120
11000,1.890612,1408.009840
11000,1.870487,1423.159011
