Size,Time,GFLOPS
3000,0.060200,897.015152
3000,0.060325,895.152050
3000,0.060995,885.317235
3000,0.060273,895.929509
3000,0.058464,923.646237
