Size,Time,GFLOPS
5000,0.334721,746.890221
5000,0.328096,761.971541
5000,0.337520,740.696799
5000,0.337533,740.667866
5000,0.335241,745.731614
