Size,Time,GFLOPS
13000,4.866646,902.880556
13000,5.047608,870.511367
13000,5.031217,873.347261
13000,5.037285,872.295262
13000,5.014886,876.191322
13000,5.044298,871.082506
