Size,Time,GFLOPS
5000,0.136834,1827.036554
5000,0.145455,1718.745409
5000,0.140048,1785.097382
5000,0.142574,1753.471379
5000,0.138086,1810.469390
