Size,Time,GFLOPS
8000,0.701631,1459.457512
8000,0.698061,1466.920042
8000,0.692500,1478.701322
8000,0.699222,1464.484847
8000,0.699136,1464.665899
