Size,Time,GFLOPS
19000,7.030840,1951.118215
19000,7.004434,1958.473745
19000,7.025353,1952.642189
19000,7.057809,1943.662645
19000,7.025568,1952.582213
