Size,Time,GFLOPS
16000,5.256464,1558.462004
16000,5.189545,1578.558399
16000,3.770039,2172.921791
16000,5.157418,1588.391811
