Size,Time,GFLOPS
20000,16.695287,958.354321
20000,14.047316,1139.007597
20000,14.413975,1110.033824
20000,14.403941,1110.807128
20000,16.671979,959.694128
