Size,Time,GFLOPS
17000,6.472750,1518.056497
17000,6.490842,1513.825199
17000,6.475560,1517.397699
17000,6.492915,1513.341841
17000,6.509859,1509.402989
