Size,Time,GFLOPS
3000,0.082268,656.389822
3000,0.083611,645.846196
3000,0.083575,646.123056
3000,0.091723,588.729551
