Size,Time,GFLOPS
15000,8.054985,837.990366
15000,8.039251,839.630447
15000,8.067775,836.661872
15000,8.034063,840.172630
15000,7.976618,846.223256
