Size,Time,GFLOPS
9000,1.952364,746.786916
9000,1.947922,748.489932
9000,1.937823,752.390886
9000,1.930460,755.260239
9000,1.941799,750.850290
