Size,Time,GFLOPS
8000,1.438749,711.729597
8000,1.447409,707.471247
8000,1.453781,704.370253
8000,1.432035,715.066243
8000,1.439784,711.217782
