Size,Time,GFLOPS
2000,0.040512,394.946911
2000,0.038608,414.421892
2000,0.038966,410.609924
2000,0.038507,415.513196
2000,0.039281,407.325111
