Size,Time,GFLOPS
17000,10.830743,907.232347
17000,10.839707,906.482080
17000,10.916933,900.069624
17000,10.846250,905.935230
17000,8.767991,1120.667247
