Size,Time,GFLOPS
11000,2.932825,907.657371
11000,3.049431,872.949716
11000,3.846321,692.089938
11000,3.758587,708.244926
11000,2.958444,899.797346
