Size,Time,GFLOPS
10000,1.306668,1530.610334
10000,1.292410,1547.496334
10000,1.305511,1531.967302
10000,1.317711,1517.783606
10000,1.306463,1530.850464
