Size,Time,GFLOPS
2000,0.025152,636.126473
2000,0.022915,698.226505
2000,0.023410,683.463669
2000,0.023310,686.399744
2000,0.023274,687.452805
