Size,Time,GFLOPS
20000,15.941245,1003.685750
20000,15.560096,1028.271281
20000,16.069573,995.670511
20000,16.652914,960.792809
20000,15.868304,1008.299320
