Size,Time,GFLOPS
19000,7.024529,1952.871263
19000,7.033099,1950.491450
19000,6.951023,1973.522580
19000,7.040383,1948.473656
19000,6.899944,1988.132098
