Size,Time,GFLOPS
17000,6.040858,1626.590222
17000,6.041436,1626.434422
17000,5.980041,1643.132434
17000,5.925524,1658.250080
17000,6.070094,1618.755809
