Size,Time,GFLOPS
14000,6.412585,855.817072
14000,6.458312,849.757589
14000,6.540772,839.044691
14000,6.538186,839.376558
14000,6.532099,840.158733
