Size,Time,GFLOPS
4000,0.198288,645.525094
4000,0.216404,904.038326
4000,0.240088,533.138478
4000,0.222102,576.312166
4000,0.202880,630.914771
