Size,Time,GFLOPS
14000,3.424505,1602.567496
14000,3.438518,1596.036522
14000,3.421141,1604.143363
14000,3.425511,1602.096543
14000,3.443594,1593.684034
