Size,Time,GFLOPS
18000,6.269904,1860.315583
18000,5.986166,1948.492625
18000,6.008550,1941.233641
18000,6.272159,1859.646756
18000,6.230961,1871.942424
