Size,Time,GFLOPS
12000,4.130560,836.690520
12000,3.531357,978.660713
12000,4.139506,834.882191
12000,4.139778,834.827293
12000,4.142019,834.375665
