Size,Time,GFLOPS
6000,0.720492,599.589887
6000,0.725713,595.277011
6000,0.719135,600.721732
6000,0.743061,581.379106
6000,0.731380,590.664057
