Size,Time,GFLOPS
8000,0.963521,1062.769189
8000,0.969215,1056.524916
8000,0.965177,1060.945500
8000,0.953688,1073.725874
8000,0.965027,1061.109894
