Size,Time,GFLOPS
4000,0.068154,1878.099074
4000,0.069783,1834.250557
4000,0.070900,1805.354671
4000,0.071024,1802.202630
4000,0.070069,1826.771928
