Size,Time,GFLOPS
13000,4.857706,904.542143
13000,4.818926,911.821507
13000,4.830273,909.679456
13000,4.859364,904.233545
13000,4.846639,906.607725
