Size,Time,GFLOPS
16000,7.456627,1098.620080
16000,7.453620,1099.063330
16000,8.940938,916.234935
16000,7.677960,1066.950135
16000,7.492659,1093.336838
