Size,Time,GFLOPS
11000,4.237457,628.206916
11000,4.245190,627.062586
11000,4.234909,628.584976
11000,4.203590,633.268295
11000,4.491445,592.682291
