Size,Time,GFLOPS
19000,15.798187,868.327507
19000,15.802058,868.114781
19000,15.811372,867.603393
19000,15.838432,866.121084
19000,15.852252,865.366031
