Size,Time,GFLOPS
2000,0.030011,533.141065
2000,0.028372,563.944027
2000,0.027078,590.877930
2000,0.026797,597.073006
2000,0.027910,573.262726
