Size,Time,GFLOPS
10000,1.578445,1267.069428
10000,1.536064,1302.028972
10000,1.524127,1312.226558
10000,1.484160,1347.564026
10000,1.534605,1303.266972
