Size,Time,GFLOPS
12000,2.083182,1659.000487
12000,2.304655,1499.573595
12000,2.108245,1639.277871
12000,2.291787,1507.993823
12000,2.094562,1649.987046
