Size,Time,GFLOPS
10000,2.572343,777.501344
10000,2.569357,778.404808
10000,2.592667,771.406304
10000,2.594069,770.989532
10000,2.568658,778.616785
