Size,Time,GFLOPS
18000,13.472678,865.752136
18000,13.422138,869.012048
18000,13.530984,862.021596
18000,13.489109,864.697591
18000,13.560736,860.130316
