Size,Time,GFLOPS
8000,1.318452,776.668315
8000,1.305653,784.282166
8000,1.317052,777.493715
8000,1.297906,788.963140
8000,1.313135,779.813326
