Size,Time,GFLOPS
6000,0.290710,1486.019017
6000,0.294205,1468.364859
6000,0.287374,1503.268147
6000,0.289129,1494.140546
6000,0.286070,1510.119843
