Size,Time,GFLOPS
16000,7.480011,1095.185507
16000,7.493771,1093.174639
16000,7.516755,1089.831973
16000,7.527728,1088.243367
16000,7.473009,1096.211760
