Size,Time,GFLOPS
6000,0.212917,2028.961852
6000,0.195654,2207.983782
6000,0.195744,2206.963172
6000,0.198589,2175.349889
6000,0.199684,2163.423412
