Size,Time,GFLOPS
7000,1.042914,657.772285
7000,1.040534,
7000,1.041908,658.407564
7000,1.031721,664.908719
7000,1.034621,663.044701
