Size,Time,GFLOPS
7000,0.603017,1137.612987
7000,0.606556,1130.974784
7000,0.602271,1139.021291
7000,0.602195,1139.166278
7000,0.607019,1130.112756
