Size,Time,GFLOPS
15000,3.970842,1699.891236
15000,3.968713,1700.803262
15000,3.950669,1708.571405
15000,4.020169,1679.033818
15000,3.996709,1688.889691
