Size,Time,GFLOPS
5000,0.452763,552.164675
5000,0.458820,544.876554
5000,0.450587,554.831312
5000,0.453811,550.889877
5000,0.445065,561.715447
