Size,Time,GFLOPS
2000,0.019273,830.161123
2000,0.019435,823.266330
2000,0.019937,802.514116
2000,0.019022,841.130216
2000,0.018859,848.418479
