Size,Time,GFLOPS
11000,1.653675,1609.747915
11000,1.650252,1613.086934
11000,1.656892,1606.622324
11000,1.645538,1617.708347
11000,1.642891,1620.314694
