Size,Time,GFLOPS
18000,18.454957,632.025330
18000,18.707139,623.505267
18000,18.433405,632.764259
18000,18.551928,628.721711
18000,18.478577,631.217443
