Size,Time,GFLOPS
4000,0.227482,562.681492
4000,0.264872,483.252454
4000,0.226483,565.164705
4000,0.238166,537.440372
4000,0.244834,522.803267
