Size,Time,GFLOPS
9000,2.937389,496.359256
9000,2.932414,497.201355
9000,2.944601,495.143444
9000,2.927069,498.109152
9000,2.937111,496.406081
