Size,Time,GFLOPS
13000,8.498071,517.058490
13000,7.116969,617.397646
13000,7.081164,620.519431
13000,8.325935,527.748558
13000,6.986640,628.914595
