Size,Time,GFLOPS
13000,6.762009,649.806860
13000,6.762522,649.757564
13000,6.784904,647.614195
13000,6.749890,650.973588
13000,6.784488,647.653879
