Size,Time,GFLOPS
11000,2.248468,1183.917108
11000,2.224321,1196.769472
11000,2.239557,1188.627977
11000,2.232821,1192.213899
11000,2.235942,1190.549815
