Size,Time,GFLOPS
18000,7.221961,1615.073766
18000,7.471095,1561.216956
18000,7.231870,1612.860943
18000,7.217636,1616.041490
18000,7.215383,1616.546118
