Size,Time,GFLOPS
3000,0.050431,1070.763890
3000,0.052648,1025.682326
3000,0.054307,994.352703
3000,0.051033,1058.143703
3000,0.052432,1029.905912
