Size,Time,GFLOPS
17000,15.568407,631.150007
17000,15.502521,633.832414
17000,16.061978,611.755290
17000,15.673253,626.927922
17000,15.531597,632.645824
