Size,Time,GFLOPS
18000,7.086090,1646.041713
18000,7.049401,1654.608721
18000,6.834670,1706.592882
18000,7.692916,1516.200082
18000,7.191389,1621.939881
