Size,Time,GFLOPS
19000,24.844474,552.154973
19000,24.900279,550.917520
19000,25.046916,547.692174
19000,22.357698,
19000,25.003981,548.632638
