Size,Time,GFLOPS
17000,7.909984,1242.227544
17000,7.922766,1240.223492
17000,7.847010,1252.196760
17000,6.803954,1444.160226
17000,7.850876,1251.580109
