Size,Time,GFLOPS
6000,0.238545,1810.976791
6000,0.250272,1726.123200
6000,0.245793,1757.579043
6000,0.234723,1840.464193
6000,0.234494,1842.264676
