Size,Time,GFLOPS
8000,0.887507,1153.793356
8000,0.898869,1139.209464
8000,0.884683,1157.476691
8000,0.859429,1191.488214
8000,0.876043,1168.892696
