Size,Time,GFLOPS
3000,0.108785,496.391555
3000,0.118841,454.389643
3000,0.105960,509.628044
3000,0.105006,514.256960
3000,0.105580,511.459390
