Size,Time,GFLOPS
20000,24.548908,651.760152
20000,25.435805,629.034544
20000,24.384469,656.155350
20000,24.253608,659.695666
