Size,Time,GFLOPS
2000,0.023874,670.184156
2000,0.023815,671.839410
2000,0.023226,688.897178
2000,0.024340,657.356850
2000,0.023326,685.938539
