Size,Time,GFLOPS
10000,1.556634,1284.823388
10000,1.546385,1293.338779
10000,1.546139,1293.545104
10000,1.548538,1291.540891
10000,1.569550,1274.250513
