Size,Time,GFLOPS
12000,4.109845,840.907709
12000,5.582948,619.027809
12000,4.013687,861.053749
12000,5.387644,641.467739
12000,4.017887,860.153507
