Size,Time,GFLOPS
9000,1.260568,1156.621613
9000,1.246544,1169.633905
9000,1.257392,1159.543113
9000,1.256077,1160.757217
9000,1.243655,1172.350837
