Size,Time,GFLOPS
14000,10.577033,518.860061
14000,10.481644,523.581976
14000,10.662152,514.717860
14000,10.439414,525.699987
14000,10.632260,516.164941
