Size,Time,GFLOPS
6000,0.883062,489.206793
6000,0.886677,487.212326
6000,0.880973,490.366756
6000,0.889353,485.746246
6000,0.885221,488.013583
6000,0.214804,2011.136239
