Size,Time,GFLOPS
5000,0.146222,1709.724611
5000,0.156589,1596.539428
5000,0.143107,1746.940102
5000,0.154508,1618.043479
5000,0.144103,1734.872388
