Size,Time,GFLOPS
16000,13.249974,618.265387
16000,14.042362,583.377653
16000,10.611433,771.997514
16000,9.245867,886.017467
16000,9.152522,895.053877
