Size,Time,GFLOPS
7000,0.546639,1254.942374
7000,0.526837,1302.111528
7000,0.568344,1207.014607
7000,0.558728,1227.788716
7000,0.584018,1174.620735
