Size,Time,GFLOPS
10000,4.080566,490.128097
10000,4.047676,494.110667
10000,4.085868,489.492077
10000,4.071575,491.210441
10000,4.073105,491.025894
