Size,Time,GFLOPS
14000,9.256192,592.900390
14000,9.378733,585.153653
14000,9.363522,586.104264
14000,9.225705,594.859670
14000,9.298912,590.176573
