Size,Time,GFLOPS
14000,4.431417,1238.429989
14000,4.400982,1246.994423
14000,4.432929,1238.007527
14000,4.444795,1234.702751
14000,4.416747,1242.543378
