Size,Time,GFLOPS
16000,9.446301,867.217736
16000,9.479034,864.223122
16000,10.587074,773.773719
16000,9.454956,866.423929
16000,9.479946,864.139989
