Size,Time,GFLOPS
19000,9.349862,1467.187469
19000,8.350348,1642.805800
19000,9.354048,1466.530888
19000,8.374542,1638.059794
19000,9.305364,1474.203405
