Size,Time,GFLOPS
4000,0.080425,1591.536111
4000,0.075625,1692.559566
4000,0.079286,1614.417332
4000,0.079339,1613.324813
4000,0.081552,1569.542652
