Size,Time,GFLOPS
12000,2.831385,1220.604124
12000,2.856154,1210.018604
12000,2.866006,1205.859102
12000,2.851414,1212.030108
12000,2.846763,1214.010617
