Size,Time,GFLOPS
16000,6.188267,1323.795530
16000,6.074078,1348.682038
16000,6.124252,1337.632768
16000,6.183524,1324.810800
16000,6.170482,1327.610959
