Size,Time,GFLOPS
13000,2.610744,1683.045227
13000,2.658864,1652.585550
13000,2.642266,1662.966761
13000,2.674538,1642.900495
13000,2.718220,1616.499151
