Size,Time,GFLOPS
16000,6.749499,1213.719722
16000,6.738057,1215.780782
16000,6.762888,1211.316850
16000,6.653903,1231.157122
16000,6.763297,1211.243487
