Size,Time,GFLOPS
12000,2.631766,1313.186808
12000,2.650211,1304.047205
12000,2.631893,1313.123337
12000,2.640428,1308.878792
12000,2.627441,1315.348390
