Size,Time,GFLOPS
6000,0.284793,1516.891514
6000,0.305377,1414.643380
6000,0.290508,1487.051919
6000,0.291332,1482.843465
6000,0.303048,1425.515748
