Size,Time,GFLOPS
17000,7.338594,1338.948629
17000,7.275912,1350.483629
17000,7.457768,1317.552438
17000,7.470908,1315.235033
17000,7.658458,1283.025943
