Size,Time,GFLOPS
5000,0.493074,507.023256
5000,0.488962,511.286971
5000,0.493961,506.112927
5000,0.501001,499.001420
5000,0.496351,503.675567
