Size,Time,GFLOPS
15000,5.402173,1249.497081
15000,5.373341,1256.201629
15000,5.340477,1263.931956
15000,5.390538,1252.194071
15000,5.367553,1257.556213
