Size,Time,GFLOPS
9000,2.513206,580.135410
9000,2.519296,578.733214
9000,2.532790,575.649828
9000,2.509514,580.989074
9000,2.516697,579.330863
