Size,Time,GFLOPS
20000,12.533253,1276.603958
20000,12.463007,1283.799301
20000,10.418837,1535.680024
20000,12.457542,1284.362520
20000,10.482260,1526.388351
