Size,Time,GFLOPS
20000,12.005244,1332.750939
20000,11.749637,1361.744152
20000,11.883913,1346.357941
20000,9.797444,1633.078948
20000,11.806174,1355.223093
