Size,Time,GFLOPS
4000,0.065767,1946.275024
4000,0.068183,1877.306273
4000,0.076208,1679.604895
4000,0.078673,1626.986727
4000,0.078391,1632.849336
