Size,Time,GFLOPS
11000,2.054419,1295.743553
11000,2.067773,1287.375452
11000,2.059765,1292.380249
11000,2.065475,1288.807478
11000,2.062182,1290.865648
