Size,Time,GFLOPS
10000,1.693552,1180.949688
10000,1.697797,1177.996889
10000,1.707358,1171.400573
10000,1.698720,1177.357135
10000,1.712722,1167.732068
