Size,Time,GFLOPS
15000,9.063339,744.758614
15000,13.113845,514.723168
15000,13.147641,513.400073
15000,13.111892,514.799845
15000,8.377580,805.721963
