Size,Time,GFLOPS
5000,0.121313,2060.781090
5000,0.120358,2077.130468
5000,0.120097,2081.648204
5000,0.122412,2042.277297
5000,0.123381,2026.245274
