Size,Time,GFLOPS
8000,2.099602,487.711490
8000,2.089650,490.034290
8000,2.090733,489.780268
8000,2.090701,489.787936
8000,2.092808,489.294748
