Size,Time,GFLOPS
7000,1.233913,555.954844
7000,1.229336,558.024754
7000,1.245896,550.607659
7000,1.224208,560.362386
7000,1.233706,556.048415
