Size,Time,GFLOPS
12000,4.049232,853.495244
12000,5.980327,577.894844
12000,4.068278,849.499475
12000,4.101754,842.566436
12000,4.050440,853.240664
