Size,Time,GFLOPS
9000,1.154140,1263.277851
9000,1.117882,1304.252329
9000,1.118937,1303.022648
9000,1.128896,1291.527501
9000,1.123632,1297.577432
