Size,Time,GFLOPS
13000,2.894718,1517.937406
13000,2.929741,1499.791288
13000,3.316430,1324.918683
13000,3.559091,1234.584826
13000,2.924566,1502.444923
