Size,Time,GFLOPS
11000,5.003296,532.049245
11000,4.933906,539.532001
11000,4.927571,540.225646
11000,4.925520,540.450522
11000,4.930120,539.946245
