Size,Time,GFLOPS
11000,4.600804,578.594464
11000,4.558036,584.023518
11000,4.567618,582.798313
11000,3.379476,787.696056
11000,3.398041,783.392645
