Size,Time,GFLOPS
10000,3.490859,572.924818
10000,3.470618,576.266266
10000,3.508269,570.081716
10000,2.811707,711.311670
10000,3.548526,563.614365
