Size,Time,GFLOPS
2000,0.051405,311.251704
2000,0.050141,319.098177
2000,0.049788,321.360867
2000,0.049475,323.398818
2000,0.050541,316.573672
