Size,Time,GFLOPS
6000,0.766381,563.688209
6000,0.771725,559.784857
6000,0.774557,557.738358
6000,0.773717,558.343984
6000,0.759743,568.613102
