Size,Time,GFLOPS
18000,20.832857,559.884801
18000,20.817411,560.300209
18000,20.848191,559.472989
18000,20.981016,555.931125
18000,20.883380,558.530267
