Size,Time,GFLOPS
17000,17.628314,557.398724
17000,17.614353,557.840525
17000,17.607847,558.046636
17000,17.505542,561.307947
17000,17.507220,561.254161
