Size,Time,GFLOPS
2000,0.030114,531.320814
2000,0.027543,580.901709
2000,0.029094,549.950699
2000,0.029198,547.987956
2000,0.029352,545.110222
