Size,Time,GFLOPS
7000,1.421724,482.512694
7000,1.418104,483.744577
7000,1.425858,481.113798
7000,1.429475,479.896471
7000,1.423445,481.929398
