Size,Time,GFLOPS
20000,8.435867,1896.663434
20000,8.714578,1836.003981
20000,8.628468,1854.326833
20000,8.463790,1890.406003
20000,8.577382,1865.371106
