Size,Time,GFLOPS
7000,0.700330,979.537615
7000,0.670734,1022.760063
7000,0.694477,987.793028
7000,0.710037,966.146968
7000,0.709135,967.375120
