Size,Time,GFLOPS
6000,0.956074,451.848097
6000,0.948302,455.550904
6000,0.960033,449.984548
6000,0.927115,465.961525
6000,0.937451,460.823931
