Size,Time,GFLOPS
2000,0.042453,376.889148
2000,0.035691,448.294447
2000,0.036960,432.903982
2000,0.034550,463.090688
2000,0.033758,473.954806
