Size,Time,GFLOPS
6000,0.430872,1002.616811
6000,0.428935,1007.146455
6000,0.446796,966.883633
6000,0.447503,965.356816
6000,0.445554,969.579782
