Size,Time,GFLOPS
15000,3.901998,1729.882983
15000,3.663569,1842.465885
15000,3.815037,1769.314340
15000,3.955667,1706.412482
15000,4.159149,1622.927995
