Size,Time,GFLOPS
8000,0.629896,1625.665210
8000,0.617878,1657.284073
8000,0.645844,1585.521798
8000,0.617901,1657.224361
8000,0.624084,1640.803912
