Size,Time,GFLOPS
5000,0.260224,960.711884
5000,0.264327,945.799038
5000,0.262482,952.447936
5000,0.261037,957.718979
5000,0.255927,976.842018
