Size,Time,GFLOPS
17000,5.813473,1690.211713
17000,4.826578,2035.811029
17000,5.836625,1683.507117
17000,4.772267,2058.979400
17000,5.793679,1695.986357
