Size,Time,GFLOPS
17000,11.243271,873.944986
17000,10.666687,921.185706
17000,10.680814,919.967299
17000,10.592234,927.660750
17000,10.693524,918.873883
