Size,Time,GFLOPS
11000,1.547864,1719.789548
11000,1.877282,1840.959918
11000,2.150324,1237.952996
11000,2.073815,1283.624504
11000,2.187907,1216.688047
11000,2.158089,1233.498839
