Size,Time,GFLOPS
20000,15.432769,1036.754990
20000,13.888493,1152.032879
20000,17.317432,923.924537
20000,16.225685,986.090898
20000,17.387074,920.223859
