Size,Time,GFLOPS
10000,2.411076,829.505281
10000,2.522625,792.824980
10000,2.507074,797.742623
10000,2.443115,818.626908
10000,2.457952,813.685636
