Size,Time,GFLOPS
14000,3.508428,1564.233229
14000,3.541077,1549.810759
14000,3.516878,1560.475124
14000,3.506493,1565.096522
14000,3.777734,1452.722756
