Size,Time,GFLOPS
17000,11.668416,842.102295
17000,11.725246,838.020775
17000,11.684538,840.940406
17000,11.695592,840.145588
17000,12.171284,807.310071
