Size,Time,GFLOPS
18000,14.551406,801.572018
18000,14.432367,808.183462
18000,14.474589,805.825975
18000,13.957367,835.687712
18000,14.439188,807.801634
