Size,Time,GFLOPS
9000,1.221089,1194.016082
9000,1.227619,1187.664973
9000,1.243243,1172.739697
