Size,Time,GFLOPS
13000,2.224754,1975.049485
13000,2.271824,1934.128783
13000,2.241001,1960.730710
13000,2.292622,1916.582750
13000,2.309996,1902.167635
