Size,Time,GFLOPS
9000,1.854227,786.311335
9000,1.827382,797.862622
9000,1.895863,769.043002
9000,1.878293,776.236823
9000,1.855409,785.810369
