Size,Time,GFLOPS
2000,0.064419,248.374995
2000,0.066040,242.278339
2000,0.065529,244.165632
2000,0.064349,248.643023
2000,0.067357,237.539953
