Size,Time,GFLOPS
11000,3.665787,726.174252
11000,3.654180,728.480898
11000,3.703224,718.833105
11000,3.688958,721.613052
11000,3.643645,730.587064
