Size,Time,GFLOPS
15000,8.683973,777.294011
15000,8.611668,783.820321
15000,8.621352,782.939801
15000,7.300536,924.589591
15000,7.282351,926.898512
