Size,Time,GFLOPS
5000,0.600549,416.285482
5000,0.626057,399.324404
5000,0.630392,396.578773
5000,0.618894,403.946309
5000,0.615825,405.959587
