Size,Time,GFLOPS
12000,3.897399,886.745126
12000,3.988251,866.545361
12000,3.980752,868.177602
12000,3.807006,907.799992
12000,3.912650,883.288831
