Size,Time,GFLOPS
12000,2.462587,1403.402140
12000,2.471876,1398.128426
12000,2.476174,1395.701808
12000,2.462618,1403.384646
12000,2.382540,1450.552717
