Size,Time,GFLOPS
4000,0.331838,385.730546
4000,0.330288,387.540104
4000,0.343734,372.380731
4000,0.333931,383.312882
4000,0.332857,384.549093
