Size,Time,GFLOPS
13000,2.914911,1507.421812
13000,2.960685,1484.116229
13000,2.916860,1506.414313
13000,2.969533,1479.693903
13000,2.973527,1477.706325
