Size,Time,GFLOPS
3000,0.168553,320.374509
3000,0.154717,349.024623
3000,0.156365,345.345934
3000,0.167600,322.195696
3000,0.155886,346.406923
