Size,Time,GFLOPS
2000,0.033547,476.944048
2000,0.033317,480.236771
2000,0.033650,475.478885
2000,0.032739,488.708034
