Size,Time,GFLOPS
10000,3.032218,659.583241
10000,2.969536,673.505809
10000,3.015149,663.317159
10000,3.025423,661.064692
10000,3.022911,661.613824
