Size,Time,GFLOPS
9000,2.364636,616.585477
9000,2.332756,625.011687
9000,2.379726,612.675656
9000,2.337203,623.822636
9000,2.345117,621.717279
