Size,Time,GFLOPS
14000,6.325011,867.666427
14000,6.294218,871.911381
14000,6.349940,864.260202
14000,6.351548,864.041277
14000,6.826528,803.922619
