Size,Time,GFLOPS
17000,4.674801,2101.907531
17000,4.815479,2040.503257
17000,4.750690,2068.330916
17000,4.935731,1990.789122
17000,4.895674,2007.078232
