Size,Time,GFLOPS
3000,0.076330,707.455392
3000,0.077582,696.033488
3000,0.077647,695.457007
3000,0.076402,706.785310
3000,0.077018,701.133771
