Size,Time,GFLOPS
18000,5.929743,1967.032857
18000,6.703530,1739.978839
18000,5.897117,1977.915729
18000,5.633410,2070.504509
18000,5.224051,2232.750159
