Size,Time,GFLOPS
8000,0.955012,1072.238073
8000,0.954107,1073.255237
8000,0.968128,1057.711537
8000,0.949837,1078.080112
8000,0.941599,1087.511376
