Size,Time,GFLOPS
16000,4.915166,1666.678309
16000,4.913300,1667.311273
16000,4.924584,1663.490831
16000,4.793733,1708.897956
16000,4.507335,1817.482046
