Size,Time,GFLOPS
11000,1.506046,1767.542168
11000,1.544655,1723.362212
11000,1.522604,1748.320176
11000,1.510550,1762.272588
11000,1.537789,1731.057091
