Size,Time,GFLOPS
20000,7.393020,2164.203600
20000,7.222547,2215.284919
20000,7.275693,2199.103232
20000,7.329931,2182.830980
20000,7.241506,2209.485041
