Size,Time,GFLOPS
6000,0.228754,1888.494605
6000,0.234529,1841.987334
6000,0.236194,1829.003987
6000,0.238290,1812.920275
6000,0.238467,1811.571899
