Size,Time,GFLOPS
16000,7.974742,1027.243221
16000,8.058930,1016.512166
16000,7.702999,1063.481955
16000,7.716765,1061.584755
16000,7.730859,1059.649333
