Size,Time,GFLOPS
13000,5.432371,808.854857
13000,5.237267,838.987245
13000,5.903107,744.353819
13000,5.245110,837.732738
13000,5.263062,834.875252
