Size,Time,GFLOPS
14000,7.174520,764.929227
14000,7.279440,753.904188
14000,7.181596,764.175590
14000,7.141304,768.487152
14000,7.107310,772.162714
