Size,Time,GFLOPS
19000,6.558921,2091.502483
19000,6.519365,2104.192768
19000,6.379808,2150.221303
19000,6.300467,2177.298947
19000,6.321803,2169.950424
