Size,Time,GFLOPS
19000,6.256529,2192.589533
19000,5.768373,2378.140312
19000,5.760590,2381.353409
19000,6.068413,2260.557932
19000,6.295571,2178.992163
