Size,Time,GFLOPS
19000,16.706916,821.097074
19000,16.683902,822.229737
19000,16.252979,844.029889
19000,16.681908,822.327985
19000,16.691430,821.858891
