Size,Time,GFLOPS
11000,3.158167,842.894008
11000,3.180474,836.982147
11000,3.116451,854.176628
11000,3.175835,838.204869
11000,3.172093,839.193596
