Size,Time,GFLOPS
8000,1.772701,577.649489
8000,1.753222,584.067647
8000,1.785778,573.419641
8000,1.763147,580.779753
8000,1.781033,574.947381
