Size,Time,GFLOPS
10000,1.078645,1854.178872
10000,1.472673,1358.075098
10000,1.513541,1321.404823
10000,1.498965,1334.254248
10000,1.474071,1356.786954
