Size,Time,GFLOPS
10000,1.117407,1789.858526
10000,1.111620,1799.175629
10000,1.139338,1755.405253
10000,1.110111,1801.622292
10000,1.133034,1765.172483
