Size,Time,GFLOPS
16000,3.956507,2070.513291
16000,4.005521,2045.176909
16000,4.086928,2004.439512
16000,4.043699,2025.868124
16000,3.984821,2055.801058
