Size,Time,GFLOPS
7000,,
7000,1.317400,520.722541
7000,1.302285,526.766608
7000,1.343993,510.419480
7000,1.289138,532.138587
