Size,Time,GFLOPS
12000,4.437707,778.780534
12000,4.549337,759.671130
12000,4.635458,745.557465
12000,4.561670,757.617216
12000,4.541114,761.046703
