Size,Time,GFLOPS
7000,0.976988,702.157984
7000,0.963086,712.293949
7000,0.928678,738.684608
7000,0.942690,727.704559
7000,0.942299,728.006347
