Size,Time,GFLOPS
4000,0.146063,876.331719
4000,0.145904,877.290674
4000,0.146577,873.264042
4000,0.148752,860.491811
4000,0.146938,871.118418
