Size,Time,GFLOPS
16000,10.388465,788.566903
16000,10.335371,792.617874
16000,7.647490,1071.201140
16000,10.464375,782.846559
16000,10.387741,788.621901
