n_threads,Time,GFLOPS
10,5.253649,380.687771
10,5.277745,378.949698
10,,
10,5.248811,
10,5.275936,379.079628
