n_threads,Time,GFLOPS
16,3.053534,654.978805
16,3.066605,652.187133
16,3.052303,655.242914
16,3.078228,649.724381
16,3.028908,660.303990
