n_threads,Time,GFLOPS
8,5.904856,338.704281
8,5.871281,340.641153
8,5.746352,348.046929
8,5.897112,339.149053
8,6.008890,332.840195
