n_threads,Time,GFLOPS
6,8.288017,241.312252
6,8.233249,242.917476
6,8.225919,243.133937
6,8.251950,242.366967
6,8.183366,244.398224
