n_threads,Time,GFLOPS
14,3.948109,506.571619
14,3.951278,506.165291
14,3.934759,508.290402
14,3.935353,508.213604
14,3.947122,506.698353
