n_threads,Time,GFLOPS
42,1.553359,1287.532191
42,1.533852,1303.907090
42,1.537692,1300.650333
42,1.517635,1317.840357
42,1.528515,1308.459288
