n_threads,Time,GFLOPS
52,1.586778,1260.415364
52,1.571081,1273.008967
52,1.569733,1274.102379
52,1.580090,1265.750632
52,1.579214,1266.453042
