n_threads,Time,GFLOPS
48,1.488119,1151.287118
48,1.491903,1340.569289
48,1.497529,1335.533797
48,1.500216,1333.141301
48,1.495098,1337.704946
