n_threads,Time,GFLOPS
82,1.735771,1152.225536
82,1.737189,1151.284945
82,1.719431,1163.175193
82,1.777639,1125.087827
82,1.721995,1161.443857
