n_threads,Time,GFLOPS
64,3.467168,576.839638
64,3.463277,577.487728
64,3.483563,574.124810
64,3.481824,574.411638
64,3.475026,575.535311
