n_threads,Time,GFLOPS
14,3.824973,522.879518
14,3.829323,522.285545
14,3.831715,521.959504
14,3.823748,523.046957
14,3.822762,523.181896
