n_threads,Time,GFLOPS
54,2.026300,987.020857
54,1.519965,1315.819993
54,1.523249,1312.983396
54,1.528478,1308.490960
54,1.527570,1309.268867
