n_threads,Time,GFLOPS
54,3.201664,624.675188
54,3.204411,624.139717
54,3.216218,621.848484
54,3.209558,623.138828
54,3.199062,625.183222
