n_threads,Time,GFLOPS
4,11.483761,174.158978
4,11.516505,173.663802
4,11.528079,173.489441
4,11.515277,173.682321
4,11.522529,173.573013
