n_threads,Time,GFLOPS
10,3.923535,509.744337
10,3.887817,514.427477
10,3.900074,512.810785
10,3.904509,512.228294
10,3.884458,514.872379
