n_threads,Time,GFLOPS
122,3.806843,525.369775
122,3.981162,502.365847
122,4.039437,495.118492
122,4.127270,484.581776
122,4.243929,471.261434
