n_threads,Time,GFLOPS
56,1.538660,1299.832254
56,1.525500,1311.045537
56,2.128901,939.451856
56,1.524118,1312.234064
56,1.540178,1298.551597
