n_threads,Time,GFLOPS
34,3.264520,612.647578
34,3.284278,608.961797
34,3.253875,614.651696
34,3.243241,616.667059
34,3.244124,616.499256
