n_threads,Time,GFLOPS
114,3.980228,502.483737
114,3.854337,518.895925
114,3.935200,508.233319
114,3.976078,503.008303
114,4.014296,498.219425
