n_threads,Time,GFLOPS
118,4.118474,485.616723
118,3.923392,509.762917
118,3.996707,500.411978
118,3.925904,509.436807
118,3.842456,520.500453
