n_threads,Time,GFLOPS
102,1.687327,1185.307019
102,1.678911,1191.248558
102,1.689859,1183.530941
102,1.676979,1192.620687
102,1.730445,1155.771815
