n_threads,Time,GFLOPS
74,2.172373,920.652258
74,2.083260,960.033746
74,2.099299,952.699063
74,2.147287,931.407762
74,2.167526,922.710811
