n_threads,Time,GFLOPS
8,6.035627,331.365717
8,6.020923,332.174971
8,6.045728,330.812121
8,6.053292,330.398738
8,6.058311,330.125012
