n_threads,Time,GFLOPS
104,3.810916,524.808154
104,3.843360,520.377991
104,3.840367,520.783504
104,3.839102,520.955191
104,3.836577,521.298066
