n_threads,Time,GFLOPS
2,22.394552,89.307435
2,22.390747,89.322610
2,22.467843,89.016112
2,22.403066,89.273496
2,22.399259,89.288669
