n_threads,Time,GFLOPS
44,3.409643,586.571667
44,3.397458,588.675473
44,3.401441,587.986086
44,3.398403,588.511807
44,3.397761,588.622963
