n_threads,Time,GFLOPS
94,3.767369,530.874462
94,3.731448,535.984952
94,3.774787,529.831265
94,3.974210,503.244643
94,3.767960,530.791173
