n_threads,Time,GFLOPS
98,1.655551,1208.057191
98,1.640031,1219.489174
98,1.683987,1187.657958
98,1.641888,1218.110098
98,1.633111,1224.656432
