n_threads,Time,GFLOPS
110,4.046517,494.252224
110,3.871917,516.540011
110,3.897359,513.168006
110,3.913426,511.061200
110,3.757252,532.303920
