n_threads,Time,GFLOPS
28,3.541885,564.670996
28,3.543471,564.418312
28,3.552995,562.905358
28,3.536398,565.547129
28,3.546466,563.941747
