n_threads,Time,GFLOPS
16,2.612336,765.598420
16,2.608548,766.710101
16,2.611856,765.739139
16,2.606595,767.284622
16,2.594841,770.760208
