n_threads,Time,GFLOPS
128,3.895161,513.457602
128,3.897005,513.214576
128,3.901982,512.559972
128,3.806172,525.462309
128,3.737445,535.124979
