n_threads,Time,GFLOPS
26,3.435438,582.167344
26,3.424770,583.980906
26,3.427804,583.463913
26,3.439175,581.534786
26,3.437495,581.819086
