n_threads,Time,GFLOPS
36,1.582425,1263.883222
36,1.594010,1254.697124
36,1.596225,1252.956138
36,1.592433,1255.939981
36,1.593266,1255.283528
