n_threads,Time,GFLOPS
112,1.640941,1218.813187
112,,
112,1.694675,1180.167032
112,1.691362,1182.479302
112,1.664597,1201.491976
