n_threads,Time,GFLOPS
38,1.741161,1148.658942
38,1.695887,1179.323911
38,1.757264,1138.132642
38,1.755355,1139.370715
38,1.747482,1144.504236
