n_threads,Time,GFLOPS
62,3.213243,622.424051
62,3.234710,618.293432
62,3.228427,619.496700
62,3.227516,619.671553
62,3.346120,597.707122
