n_threads,Time,GFLOPS
32,1.695118,1179.859162
32,1.684878,1187.029827
32,1.717899,1164.212524
32,1.659396,1205.257553
32,,
