n_threads,Time,GFLOPS
40,3.410252,586.466992
40,3.402664,587.774783
40,3.407559,586.930363
40,3.410192,586.477300
40,3.413348,585.935006
