n_threads,Time,GFLOPS
22,2.011063,994.499143
22,2.009009,995.515492
22,2.009419,995.312767
22,2.012810,993.635752
22,2.010310,994.871656
