n_threads,Time,GFLOPS
102,3.884017,514.930815
102,3.896346,513.301442
102,3.811137,524.777824
102,3.791296,527.524101
102,3.815542,524.171930
