n_threads,Time,GFLOPS
128,1.675897,1193.390500
128,1.616371,1237.340018
128,1.678334,1191.658171
128,1.711187,1168.779056
128,1.702435,1174.787826
