n_threads,Time,GFLOPS
50,3.182582,628.420661
50,3.185705,627.804586
50,3.174481,630.024204
50,3.216191,621.853619
50,3.203963,624.226979
