n_threads,Time,GFLOPS
20,2.579954,775.207487
20,2.594411,770.888020
20,2.579353,775.388137
20,2.580937,774.912388
20,2.577707,775.883276
