n_threads,Time,GFLOPS
8,2.769470,722.159888
8,2.741245,729.595626
8,2.712370,737.362551
8,2.729838,732.644218
8,2.749806,727.323992
