n_threads,Time,GFLOPS
76,2.984662,670.092679
76,3.021106,662.009246
76,2.925685,683.600535
76,3.020127,662.223754
76,2.932259,682.068021
