n_threads,Time,GFLOPS
6,3.553190,562.874511
6,3.529752,566.612066
6,3.569872,560.244182
6,3.514567,569.060064
6,3.532224,566.215503
