n_threads,Time,GFLOPS
96,1.312971,1523.262903
96,1.298496,1540.243566
96,1.352252,1479.014053
96,1.362053,1468.371695
96,1.380837,1448.397242
