n_threads,Time,GFLOPS
48,0.973264,2054.941377
48,0.967793,2066.557683
48,0.970031,2061.789329
48,0.973970,2053.451024
48,0.974221,2052.923289
