n_threads,Time,GFLOPS
30,1.305174,1532.362444
30,1.274620,1569.095318
30,1.298012,1540.817358
30,1.275689,1567.779786
30,1.275296,1568.263394
