n_threads,Time,GFLOPS
122,2.977888,671.617007
122,2.979177,671.326399
122,2.988021,669.339251
122,2.981863,670.721656
122,2.875738,695.473688
