n_threads,Time,GFLOPS
76,1.249952,1600.061330
76,1.332809,1500.590231
76,1.345321,1486.634319
76,1.360268,1470.298856
76,1.310426,1526.221574
