n_threads,Time,GFLOPS
8,5.593349,357.567518
8,5.696219,351.110081
8,5.695787,351.136755
8,5.708734,350.340364
8,5.606686,356.716953
