n_threads,Time,GFLOPS
56,2.470034,809.705545
56,2.350232,850.979718
56,2.352831,850.039963
56,2.360340,847.335715
56,2.474537,808.232045
