n_threads,Time,GFLOPS
50,2.304036,868.042102
50,2.297301,870.586954
50,2.273903,879.544884
50,2.251725,888.207854
50,2.279398,877.424496
