n_threads,Time,GFLOPS
88,3.229191,619.350219
88,3.214004,622.276848
88,3.151592,634.599926
88,3.109399,643.211182
88,3.123173,640.374328
