n_threads,Time,GFLOPS
42,1.030274,1941.230994
42,0.961991,2079.021473
42,1.028231,1945.088697
42,0.960715,2081.782516
42,1.036584,1929.413527
