n_threads,Time,GFLOPS
68,3.000488,666.558203
68,2.693056,742.650659
68,2.933350,681.814246
68,2.886967,692.768591
68,3.084575,648.387548
