n_threads,Time,GFLOPS
64,1.101009,1816.516330
64,1.106595,1807.346508
64,1.098678,1820.369500
64,1.128427,1772.379235
64,1.106380,1807.697823
