n_threads,Time,GFLOPS
90,1.439031,1389.824464
90,1.386308,1442.680534
90,1.383783,1445.312902
90,1.462027,1367.963388
90,1.416250,1412.180515
