n_threads,Time,GFLOPS
106,1.358515,1472.195980
106,1.385779,1443.231308
106,1.370453,1459.371435
106,1.360958,1469.552771
106,1.360109,1470.470517
