n_threads,Time,GFLOPS
16,1.502523,1331.094520
16,1.500049,1333.289643
16,1.502617,1331.011599
16,1.506755,1327.355588
16,1.495765,
