n_threads,Time,GFLOPS
50,,
50,1.067104,1874.231627
50,1.032639,1936.785506
50,1.036105,1930.306576
50,1.022425,1956.133468
