n_threads,Time,GFLOPS
60,1.081775,1848.812973
60,1.085667,1737.525380
60,1.104581,1418.870263
60,1.141814,1751.599002
60,1.121670,1783.055815
