n_threads,Time,GFLOPS
108,3.114973,642.060178
108,2.913187,686.533362
108,3.032279,659.569920
108,2.932205,682.080587
108,3.077931,649.787146
