n_threads,Time,GFLOPS
36,,
36,2.173753,920.067692
36,2.252792,887.787363
36,2.255794,886.605862
36,2.263671,883.520592
