n_threads,Time,GFLOPS
104,2.927408,683.198249
104,3.020116,662.226323
104,2.990965,668.680411
104,2.985637,669.873868
104,3.083029,648.712582
