n_threads,Time,GFLOPS
126,3.120908,640.839230
126,2.927784,683.110397
126,2.941154,680.005214
126,2.919782,684.982699
126,2.969844,673.436100
