n_threads,Time,GFLOPS
112,2.898326,690.053402
112,2.995520,667.663738
112,2.895072,690.829157
112,3.139385,637.067359
112,2.981520,670.798873
