n_threads,Time,GFLOPS
38,2.251439,888.320650
38,2.259280,885.237847
38,2.258259,885.637913
38,2.259539,885.136418
38,2.258460,885.559028
