n_threads,Time,GFLOPS
94,2.995212,667.732397
94,2.916388,685.779804
94,3.051019,655.518606
94,3.030113,660.041422
94,3.002579,666.094032
