n_threads,Time,GFLOPS
74,3.041593,657.550066
74,2.998827,666.927373
74,2.843310,703.405617
74,3.028179,660.462922
74,2.729371,732.769604
