Size,Time,GFLOPS
3000,0.247239,218.412184
3000,0.257776,209.484071
3000,0.248995,216.871449
3000,0.299351,180.390473
3000,0.195775,275.826598
