Size,Time,GFLOPS
18000,5.952816,1959.408724
18000,5.812588,2006.679286
18000,5.846564,1995.017797
18000,6.128161,1903.344233
18000,4.780592,2439.865139
