Size,Time,GFLOPS
15000,8.225081,820.660624
15000,8.413744,802.258816
15000,8.295888,813.656162
15000,8.208523,822.315993
15000,8.061138,837.350713
