Size,Time,GFLOPS
15000,4.112866,1641.191328
15000,4.151995,1625.724654
15000,4.120951,1637.971319
15000,4.086878,1651.627279
15000,4.145578,1628.240952
