Size,Time,GFLOPS
11000,4.282619,621.582222
11000,4.315750,616.810465
11000,4.244999,627.090838
11000,4.239311,627.932170
11000,4.245946,626.950947
