Size,Time,GFLOPS
17000,5.875856,1672.267029
17000,6.244181,1573.625138
17000,5.845226,1681.029910
17000,6.103144,1609.989876
17000,5.902509,1664.715687
