Size,Time,GFLOPS
16000,5.295571,1546.953081
16000,4.600088,1780.835509
16000,4.720796,1735.300721
16000,5.144615,1592.344464
16000,5.174243,1583.226825
