Size,Time,GFLOPS
7000,1.167756,587.451527
7000,1.110671,617.644402
7000,1.086306,631.497992
7000,1.081755,634.154779
7000,1.107514,619.405493
