Size,Time,GFLOPS
11000,1.883561,1413.280848
11000,1.904002,1398.107557
11000,1.822140,1460.919650
11000,1.938752,1373.048334
11000,1.962754,1356.257541
