Size,Time,GFLOPS
9000,2.001402,728.489474
9000,1.962363,742.981637
9000,1.976974,737.490694
9000,1.996847,730.151202
9000,1.984493,734.696410
