Size,Time,GFLOPS
9000,1.258825,1158.222551
9000,1.336588,1090.837629
9000,1.240692,1175.150848
9000,1.289721,1130.477237
9000,1.245816,1170.317440
