Size,Time,GFLOPS
16000,9.764071,838.994318
16000,7.928210,1033.272328
16000,8.393079,976.042302
16000,9.867562,830.194946
16000,7.302951,1121.738398
