Size,Time,GFLOPS
13000,4.626793,949.685851
13000,5.003293,878.221595
13000,5.032785,873.075302
13000,4.994016,879.852956
13000,5.271410,833.553073
