Size,Time,GFLOPS
2000,0.455265,35.144333
2000,0.227158,70.435405
2000,0.339946,47.066231
2000,0.399097,40.090528
2000,0.194843,82.117581
