Size,Time,GFLOPS
18000,13.893073,839.555101
18000,13.602645,857.480305
18000,13.934992,837.029560
18000,13.945719,836.385677
18000,14.264239,817.709235
