Size,Time,GFLOPS
5000,0.564442,442.915653
5000,0.512264,488.029844
5000,0.507891,492.231703
5000,0.544857,458.836177
5000,0.617708,404.722232
