Size,Time,GFLOPS
14000,9.490074,578.288452
14000,9.601731,571.563622
14000,9.470310,579.495280
14000,9.117029,601.950479
14000,9.584722,572.577879
