Size,Time,GFLOPS
14000,4.297145,1277.126884
14000,4.307730,1273.988730
14000,4.415611,1242.863013
14000,4.388792,1250.458099
14000,4.304866,1274.836420
