Size,Time,GFLOPS
8000,1.231218,831.697014
8000,1.227610,834.141023
8000,1.239163,826.364428
8000,1.232719,830.684323
8000,1.245699,822.028243
