Size,Time,GFLOPS
6000,0.864886,499.487719
6000,0.865278,499.261600
6000,0.824513,523.945386
6000,0.806931,535.361444
6000,0.850502,507.935108
