Size,Time,GFLOPS
4000,0.280411,456.472714
4000,0.331447,386.185723
4000,0.293847,435.600441
4000,0.288801,443.211400
4000,0.306525,417.584280
