Size,Time,GFLOPS
2000,0.043009,372.014718
2000,0.043850,364.879342
2000,0.044140,362.481801
2000,0.046316,345.451819
2000,0.061061,262.033388
