Size,Time,GFLOPS
18000,7.747312,1505.554468
18000,7.825500,1490.511825
18000,7.822721,1491.041295
18000,7.864049,1483.205473
18000,7.945831,1467.939644
