Size,Time,GFLOPS
12000,2.544086,1358.444669
12000,2.557344,1351.401967
12000,2.970838,1163.308007
12000,2.972318,1162.728764
12000,2.579701,1339.689965
