Size,Time,GFLOPS
5000,0.235562,1061.291580
5000,0.211573,1181.627466
5000,0.225317,1109.548719
5000,0.216504,1154.712330
5000,0.208957,1196.416444
