Size,Time,GFLOPS
12000,5.522762,625.773870
12000,5.393499,640.771434
12000,6.167770,560.332210
12000,5.430305,636.428354
12000,5.432218,636.204245
