Size,Time,GFLOPS
19000,9.993672,1372.668578
19000,9.139266,1500.995738
19000,6.598080,2079.089762
19000,7.622624,1799.642696
19000,7.563079,1813.811531
