Size,Time,GFLOPS
9000,2.686433,542.727170
9000,2.746732,530.812583
9000,2.637164,552.866634
9000,2.624552,555.523278
9000,2.202215,662.060707
