Size,Time,GFLOPS
11000,4.549676,585.096613
11000,4.576721,581.639152
11000,4.296404,619.587910
11000,4.514618,589.640086
11000,4.055797,656.344442
