Size,Time,GFLOPS
16000,6.502447,1259.833491
16000,6.668834,1228.400643
16000,6.483079,1263.597197
16000,5.974247,1371.218853
16000,6.738699,1215.664967
