Size,Time,GFLOPS
17000,16.029590,612.991351
17000,15.791060,622.250828
17000,16.756612,586.395399
17000,14.930072,658.134793
17000,15.794165,622.128495
