Size,Time,GFLOPS
15000,11.932738,565.670656
15000,11.161180,604.774787
15000,9.809058,688.139449
15000,11.229400,601.100685
15000,7.214346,935.635690
