Size,Time,GFLOPS
20000,12.433799,1286.815120
20000,12.251921,1305.917698
20000,12.621514,1267.676761
20000,12.524384,1277.507898
20000,12.615520,1268.279050
