Size,Time,GFLOPS
13000,3.108048,1413.749256
13000,3.664503,1199.071058
13000,3.701061,1187.227211
13000,3.682545,1193.196634
13000,3.677774,1194.744438
