Size,Time,GFLOPS
20000,17.990738,889.346498
20000,19.331808,827.651487
20000,20.980644,762.607662
20000,16.727224,956.524498
20000,18.157764,881.165781
