Size,Time,GFLOPS
3000,0.143534,376.218312
3000,0.146252,369.226104
3000,0.178464,302.582518
3000,0.152802,353.398657
3000,0.132938,406.202978
