Size,Time,GFLOPS
7000,0.810417,846.478227
7000,0.810293,846.607371
7000,0.807221,849.829146
7000,0.784063,874.929623
7000,0.790393,867.922248
