Size,Time,GFLOPS
7000,1.364199,502.859009
7000,1.342662,510.925466
7000,1.323528,518.311723
7000,1.352889,507.062996
7000,1.310154,523.602728
