Size,Time,GFLOPS
15000,5.215822,1294.139149
15000,5.136976,1314.002537
15000,5.177971,1303.599328
15000,5.202355,1297.489415
15000,5.166619,1306.463564
