Size,Time,GFLOPS
19000,13.365575,1026.368080
19000,19.177839,715.304794
19000,18.140936,756.190317
19000,17.235903,795.896808
19000,21.342440,642.756865
