Size,Time,GFLOPS
6000,0.401810,1075.136245
6000,0.405352,1065.741109
6000,0.415078,1040.767587
6000,0.421975,1023.756516
6000,0.402346,1073.703657
