Size,Time,GFLOPS
3000,0.076995,701.343059
3000,0.076044,710.119072
3000,0.077708,694.907448
3000,0.074838,721.558094
3000,0.074976,720.228870
