Size,Time,GFLOPS
16000,6.072028,1349.137335
16000,5.953704,1375.950098
16000,6.073306,1348.853485
16000,6.184599,1324.580679
16000,6.001649,1364.958310
