Size,Time,GFLOPS
17000,14.015121,701.099919
17000,13.112185,749.379294
17000,13.906558,706.573130
17000,13.998436,701.935538
17000,14.047149,699.501362
