Size,Time,GFLOPS
12000,3.261447,1059.652379
12000,3.341700,1034.204016
12000,3.325680,1039.186002
12000,3.303926,1046.028304
12000,3.356063,1029.778191
