Size,Time,GFLOPS
11000,2.828804,941.033845
11000,2.380124,1118.428970
11000,2.884205,922.958117
11000,2.861538,930.268930
11000,2.885398,922.576250
