Size,Time,GFLOPS
7000,2.021186,339.404630
7000,1.999100,343.154504
7000,2.001200,342.794349
7000,1.969890,348.242827
7000,2.009926,341.306040
