Size,Time,GFLOPS
8000,2.622171,390.516110
8000,2.618276,391.097066
8000,2.639243,387.990017
8000,2.612017,392.034276
8000,2.653121,385.960497
