Size,Time,GFLOPS
6000,1.409238,306.548574
6000,1.406436,307.159390
6000,1.407367,306.956128
6000,1.412734,305.790111
6000,1.403086,307.892786
