Size,Time,GFLOPS
7000,1.078697,635.952513
7000,1.093305,627.455138
7000,1.081599,634.246090
7000,1.161992,590.365491
7000,1.059491,647.480485
