Size,Time,GFLOPS
19000,15.656284,876.197678
19000,16.490868,831.854314
19000,18.391649,745.882002
19000,18.570836,738.685125
19000,16.413173,835.792098
