Size,Time,GFLOPS
3000,0.139075,388.278318
3000,0.138027,391.227012
3000,0.141219,382.385965
3000,0.140340,384.779184
3000,0.161299,334.781810
