Size,Time,GFLOPS
17000,6.172112,1591.999722
17000,5.210866,1885.675197
17000,7.092575,1385.392487
17000,7.165593,1371.275188
17000,6.097456,1611.491635
