Size,Time,GFLOPS
14000,8.747181,627.402151
14000,8.694156,631.228631
14000,8.681749,632.130717
14000,8.779786,625.072189
14000,8.738132,628.051887
