Size,Time,GFLOPS
5000,0.986198,253.498775
5000,0.962710,259.683682
5000,0.972044,257.190103
5000,0.970310,257.649621
5000,0.961949,259.888946
