Size,Time,GFLOPS
8000,1.368434,748.300852
8000,1.395127,733.983444
8000,1.402640,730.051850
8000,1.391091,736.113058
8000,1.399458,731.711825
