Size,Time,GFLOPS
19000,7.486750,1832.303735
19000,7.443839,1842.866392
19000,7.374998,1860.068318
19000,6.628891,2069.426128
19000,6.129391,2238.069071
