Size,Time,GFLOPS
18000,6.941890,1680.234158
18000,6.071468,1921.116923
18000,6.904745,1689.273050
18000,7.885844,1479.106177
18000,6.717494,1736.361834
