Size,Time,GFLOPS
18000,15.639788,745.790164
18000,15.209071,766.910750
18000,15.923991,732.479678
18000,15.660966,744.781626
18000,12.670371,920.572855
