Size,Time,GFLOPS
15000,4.705441,1434.509676
15000,4.547691,1484.269670
15000,5.468587,1234.322437
15000,4.905568,1375.987336
15000,4.609238,1464.450427
