Size,Time,GFLOPS
13000,3.830884,1146.993767
13000,3.922511,1120.200856
13000,3.841329,1143.874815
13000,3.890726,1129.352130
13000,3.948665,1112.781162
