Size,Time,GFLOPS
12000,5.692140,607.153054
12000,4.669502,740.121784
12000,5.782024,597.714567
12000,5.602664,616.849392
12000,5.480453,630.604823
