n_threads,Time,GFLOPS
78,1.970653,1014.892212
78,1.731577,1155.016376
78,2.002032,998.985224
78,1.742733,1147.622917
78,1.986554,1006.768313
