n_threads,Time,GFLOPS
110,2.538818,787.768237
110,2.365290,845.562400
110,2.466767,810.777856
110,2.336524,855.972343
110,2.382279,839.532122
