n_threads,Time,GFLOPS
120,3.624564,551.790483
120,3.507223,570.251713
120,3.648352,548.192695
120,3.701261,540.356321
120,3.496737,571.961828
