n_threads,Time,GFLOPS
102,3.272923,611.074652
102,3.538241,565.252559
102,3.442608,580.954933
102,3.276180,610.467155
102,3.321282,602.177033
