n_threads,Time,GFLOPS
122,4.375146,457.127593
122,4.545180,440.026532
122,4.418370,452.655585
122,4.650450,430.065892
122,4.399811,454.564948
