n_threads,Time,GFLOPS
74,4.267571,468.650701
74,4.178432,478.648438
74,4.305134,464.561646
74,4.206071,475.503148
74,4.121707,485.235826
