n_threads,Time,GFLOPS
48,2.218506,901.507737
48,2.225999,898.473092
48,2.244940,890.892291
48,2.233058,895.632714
48,2.252541,887.886048
