n_threads,Time,GFLOPS
66,1.418330,1410.108637
66,1.386782,1442.187856
66,1.587942,1259.491591
66,1.549117,1291.058114
66,1.451977,1377.432048
