n_threads,Time,GFLOPS
24,1.244594,1606.950127
24,1.230617,1625.201213
24,1.243180,1608.776866
24,1.238897,1614.339839
24,1.256456,1591.778543
