n_threads,Time,GFLOPS
16,2.972243,672.892466
16,2.971791,672.994805
16,2.963863,674.795067
16,2.977380,671.731469
16,2.980586,671.009014
