n_threads,Time,GFLOPS
82,4.761551,420.031219
82,4.638200,431.201795
82,4.597681,435.001931
82,4.384809,456.120255
82,4.469140,447.513423
