n_threads,Time,GFLOPS
50,1.329498,1504.326866
50,1.347039,1484.738528
50,1.352536,1478.703267
50,1.368662,1461.281671
50,1.357078,1473.755077
