n_threads,Time,GFLOPS
108,2.596761,770.190307
108,2.476001,807.754123
108,2.744445,728.744864
108,2.334217,856.818256
108,2.267293,882.109099
