n_threads,Time,GFLOPS
22,1.207404,1656.447003
22,1.229173,1627.110888
22,,
22,1.252356,1596.990225
22,1.213005,1648.798164
