n_threads,Time,GFLOPS
42,1.222979,1635.351601
42,1.210601,1652.072296
42,1.238650,1614.661406
42,1.228789,1627.618463
42,1.222177,1636.424295
