n_threads,Time,GFLOPS
18,3.008125,664.865998
18,3.000568,666.540540
18,2.991964,668.457209
18,3.010007,664.450190
18,2.985191,669.973845
