n_threads,Time,GFLOPS
94,3.989650,501.297061
94,3.687914,542.312025
94,3.995817,500.523446
94,3.881695,515.238828
94,3.969347,503.861172
