n_threads,Time,GFLOPS
4,10.764468,185.796454
4,10.808378,185.041644
4,11.111521,179.993356
4,11.024905,181.407452
4,10.755342,185.954104
