n_threads,Time,GFLOPS
56,2.297217,870.618806
56,2.300110,869.523537
56,2.291393,872.831659
56,2.277424,878.185055
56,2.291466,872.803675
