n_threads,Time,GFLOPS
74,3.103895,644.351625
74,3.009606,664.538849
74,3.021278,661.971582
74,3.213398,622.394112
74,3.217761,621.550113
