n_threads,Time,GFLOPS
88,3.110671,642.948022
88,3.195099,625.958726
88,3.251229,615.151997
88,3.491140,572.878781
88,2.980448,671.039965
