n_threads,Time,GFLOPS
112,3.535969,565.615862
112,3.388399,590.249196
112,3.536912,565.464967
112,3.272524,611.149097
112,3.596007,556.172502
