n_threads,Time,GFLOPS
96,2.321863,861.377245
96,2.382519,839.447688
96,2.207510,905.998029
96,2.241694,892.182350
96,2.216063,902.501226
