n_threads,Time,GFLOPS
110,3.436780,581.940132
110,3.493917,572.423406
110,3.362890,594.726546
110,3.538871,565.151923
110,3.429299,583.209625
