n_threads,Time,GFLOPS
106,4.476769,446.750747
106,3.846219,519.991206
106,4.131490,484.086888
106,4.182003,478.239782
106,4.045851,494.333585
