n_threads,Time,GFLOPS
78,2.991689,668.518606
78,3.042013,657.459320
78,3.091947,646.841546
78,2.990184,668.855119
78,3.466946,576.876632
