n_threads,Time,GFLOPS
34,1.112467,1797.805349
34,1.087058,1839.827684
34,1.078202,1854.939546
34,1.106947,1806.771547
34,1.111557,1799.277760
