n_threads,Time,GFLOPS
2,10.507032,190.348708
2,10.555401,189.476465
2,10.574717,189.130349
2,10.668985,187.459256
2,10.597054,188.731693
