n_threads,Time,GFLOPS
102,2.268846,881.505456
102,2.163865,924.271896
102,2.189672,913.378719
102,2.408915,830.249430
102,2.179004,917.850385
