n_threads,Time,GFLOPS
62,1.025552,1950.170104
62,1.115327,1793.195824
62,1.032172,1937.661102
62,1.047315,1909.644289
62,1.021242,1958.399076
