n_threads,Time,GFLOPS
98,3.458898,578.218902
98,2.989646,668.975443
98,3.301347,605.813377
98,3.356527,595.853954
98,3.266899,612.201368
