n_threads,Time,GFLOPS
128,2.835378,705.373405
128,,
128,2.613002,765.403235
128,2.608231,766.803319
128,2.682023,745.705647
