n_threads,Time,GFLOPS
18,1.432451,1396.208312
18,1.435084,1393.646261
18,1.393871,1434.853479
18,1.432186,1396.466613
18,1.402430,1426.096252
