n_threads,Time,GFLOPS
62,1.036395,1929.765870
62,1.076062,1858.629161
62,1.029675,1942.361018
62,1.053789,1897.913919
62,1.032656,1936.753224
