n_threads,Time,GFLOPS
22,1.192973,1676.483313
22,1.200492,1665.983790
22,1.175252,1701.762974
22,1.192766,1676.774343
22,1.199653,1667.149005
