n_threads,Time,GFLOPS
108,2.315367,863.794053
108,2.471609,809.189424
108,2.424981,824.748881
108,2.272287,880.170344
108,2.178778,917.945714
