n_threads,Time,GFLOPS
120,3.486430,573.652643
120,3.335053,599.690708
120,3.501974,571.106524
120,3.279872,609.779941
120,3.679436,543.561530
