n_threads,Time,GFLOPS
48,1.139463,1755.213229
48,1.167045,1713.730605
48,1.167672,1712.809156
48,1.160153,1723.910035
48,1.171121,1707.765973
