n_threads,Time,GFLOPS
2,21.351039,93.672258
2,21.315903,93.826662
2,21.311320,93.846839
2,21.933996,91.182654
2,21.548501,92.813882
