n_threads,Time,GFLOPS
124,4.197266,476.500643
124,4.221465,473.769172
124,4.064514,492.063724
124,3.919743,510.237500
124,3.962259,504.762608
