n_threads,Time,GFLOPS
58,2.205718,906.734333
58,2.164136,924.156330
58,2.210511,904.768134
58,2.220179,900.828072
58,2.129019,939.399670
