n_threads,Time,GFLOPS
20,2.631974,759.885968
20,2.623522,762.334085
20,2.611017,765.985140
20,2.616618,764.345352
20,2.601105,768.904069
