n_threads,Time,GFLOPS
104,2.214694,903.059292
104,2.405049,831.583773
104,2.326281,859.741339
104,2.387821,837.583717
104,2.549312,784.525327
