n_threads,Time,GFLOPS
116,3.901831,512.579922
116,4.299029,465.221374
116,4.021596,497.314982
116,3.913287,511.079281
116,3.869083,516.918324
