n_threads,Time,GFLOPS
68,2.750206,727.218217
68,2.766852,722.843092
68,2.813677,710.813574
68,2.376321,841.636986
68,3.001022,666.439724
