n_threads,Time,GFLOPS
120,2.506687,797.865747
120,2.325174,860.150680
120,2.448854,816.708492
120,2.352823,850.042555
120,2.443964,818.342770
