n_threads,Time,GFLOPS
30,2.305698,867.416292
30,,
30,2.301073,869.159823
30,2.286082,874.859430
30,2.289066,873.718843
