n_threads,Time,GFLOPS
68,1.720006,1162.786611
68,1.589216,1258.482563
68,1.616966,1236.884340
68,1.561189,1281.074536
68,1.738271,1150.568389
