n_threads,Time,GFLOPS
94,4.822938,414.684964
94,4.760771,420.100038
94,4.647302,430.357189
94,4.849920,412.377898
94,4.976341,401.901688
