n_threads,Time,GFLOPS
8,2.685918,744.624344
8,2.683654,745.252560
8,2.687591,744.160896
8,2.690096,743.467968
8,2.693357,742.567709
