n_threads,Time,GFLOPS
128,3.459867,578.056952
128,3.598381,555.805500
128,3.474570,575.610797
128,3.816238,524.076265
128,3.600790,555.433653
