n_threads,Time,GFLOPS
42,1.186061,1686.253354
42,1.207169,1656.768573
42,1.214518,1646.743513
42,1.236324,1617.699411
42,1.222860,1635.510196
