n_threads,Time,GFLOPS
92,3.683196,543.006696
92,3.600769,555.436957
92,3.588700,557.304797
92,3.585489,557.803910
92,3.396489,588.843431
