n_threads,Time,GFLOPS
110,3.592500,556.715360
110,3.922672,509.856609
110,3.514897,569.006657
110,3.651970,547.649679
110,3.354880,596.146522
