n_threads,Time,GFLOPS
16,1.456536,1373.120851
16,1.457704,1372.020619
16,1.454864,1374.699404
16,1.465992,1364.264386
16,1.464464,1365.687340
