n_threads,Time,GFLOPS
74,4.292139,465.968132
74,4.299928,465.124095
74,4.035352,495.619727
74,4.105262,487.179633
74,4.064045,492.120503
