n_threads,Time,GFLOPS
32,2.318583,862.595827
32,2.317374,863.045924
32,2.295826,871.146311
32,2.326567,859.635805
32,2.322866,861.005278
