n_threads,Time,GFLOPS
72,1.565698,1277.385264
72,1.600713,
72,1.524017,1312.320964
72,1.752041,1141.525951
72,2.051246,975.017017
