n_threads,Time,GFLOPS
58,2.157485,927.005076
58,2.193204,911.907762
58,2.160984,925.504190
58,2.190992,912.828324
58,2.168827,922.157360
