n_threads,Time,GFLOPS
8,5.404837,370.038945
8,5.383188,371.527038
8,5.377380,371.928353
8,5.407446,369.860342
8,5.391413,370.960263
