n_threads,Time,GFLOPS
34,1.094855,1826.726079
34,1.117358,1789.936383
34,1.118368,1788.319786
34,1.123344,1780.398673
34,1.089851,1835.113895
