n_threads,Time,GFLOPS
114,2.374495,842.284301
114,2.403243,832.208648
114,2.688256,743.976782
114,2.507922,797.472964
114,2.339057,855.045381
