n_threads,Time,GFLOPS
72,2.769721,722.094461
72,2.775055,720.706337
72,2.775111,720.691877
72,2.809531,711.862476
72,2.023684,988.296779
