n_threads,Time,GFLOPS
90,3.451511,579.456408
90,3.075285,650.346222
90,3.328393,600.890562
90,3.497274,571.874009
90,3.093028,646.615500
