n_threads,Time,GFLOPS
32,1.357505,1473.291277
32,1.339990,1492.548002
32,1.346803,1484.998098
32,1.358744,1471.947906
32,1.310928,1525.636944
