n_threads,Time,GFLOPS
2,10.612540,188.456307
2,10.671113,187.421880
2,10.597028,188.732166
2,10.611030,188.483113
2,10.662158,187.579285
