n_threads,Time,GFLOPS
90,3.261455,613.223158
90,3.670605,544.869376
90,3.282757,609.244010
90,3.198529,625.287481
90,3.292633,607.416587
