n_threads,Time,GFLOPS
24,2.375804,841.820204
24,2.328625,858.876109
24,2.418289,827.030993
24,2.403027,832.283769
24,2.355148,849.203462
