n_threads,Time,GFLOPS
60,1.162156,1720.939486
60,1.171479,1707.243742
60,1.167152,1713.573253
60,1.169369,1710.324843
60,1.162789,1720.003119
