n_threads,Time,GFLOPS
60,2.255192,886.842468
60,2.304787,867.759197
60,2.285794,874.969422
60,2.274207,879.427303
60,2.280557,876.978739
