n_threads,Time,GFLOPS
28,2.355286,849.153879
28,2.371241,843.440030
28,2.360561,847.256193
28,2.364435,845.868144
28,2.370516,843.698078
