n_threads,Time,GFLOPS
76,3.128784,639.226067
76,3.123808,640.244244
76,3.611058,553.854254
76,2.997222,667.284677
76,3.252939,614.828687
