n_threads,Time,GFLOPS
80,1.977732,1011.259453
80,1.940098,1030.875818
80,2.204490,907.239165
80,1.791592,1116.325389
80,2.007437,996.295367
