n_threads,Time,GFLOPS
12,3.756407,532.423667
12,3.753757,532.799573
12,3.925858,509.442749
12,3.748100,533.603726
12,3.756693,532.383166
