n_threads,Time,GFLOPS
50,2.383925,838.952679
50,2.350699,850.810718
50,2.352386,850.200757
50,2.380537,840.146717
50,2.355637,849.027307
