n_threads,Time,GFLOPS
38,2.321998,861.327129
38,2.377230,841.315264
38,2.293106,872.179350
38,2.333063,857.242317
38,2.305225,867.594232
