n_threads,Time,GFLOPS
20,1.367336,1462.698055
20,1.343328,1488.839847
20,1.372750,1456.929565
20,1.374998,1454.547232
20,1.343136,1489.052478
