n_threads,Time,GFLOPS
6,7.443275,268.698941
6,7.901093,253.129534
6,7.623259,262.354993
6,7.874919,253.970873
6,7.346853,272.225389
