n_threads,Time,GFLOPS
40,2.290051,873.342901
40,2.303077,868.403274
40,2.301190,869.115380
40,2.278774,877.664822
40,2.312382,864.908961
