n_threads,Time,GFLOPS
120,2.647005,755.570895
120,2.789954,716.857640
120,2.806329,712.674767
120,2.566802,779.179762
120,2.779061,719.667455
