n_threads,Time,GFLOPS
88,2.191862,912.466395
88,2.086425,958.577365
88,2.052130,974.597035
88,2.177681,918.408090
88,2.164949,923.809429
