n_threads,Time,GFLOPS
40,1.262717,1583.886670
40,1.334660,1498.509115
40,1.269654,1575.231838
40,1.288194,1552.560963
40,1.280197,1562.259511
