n_threads,Time,GFLOPS
86,4.618656,433.026427
86,4.647675,430.322670
86,4.889029,409.079196
86,4.426777,451.795990
86,4.584598,436.243230
