n_threads,Time,GFLOPS
34,2.446238,817.581981
34,2.446933,817.349855
34,2.468470,810.218611
34,2.460797,812.744835
34,2.430095,823.013085
