n_threads,Time,GFLOPS
80,2.960926,675.464347
80,3.166633,631.585626
80,3.076735,650.039731
80,3.184985,627.946365
80,3.171743,630.568207
