n_threads,Time,GFLOPS
28,1.309693,1527.075293
28,1.326280,1507.977176
28,1.340643,1491.821070
28,1.305156,1532.383329
28,1.306615,1530.672791
