n_threads,Time,GFLOPS
84,3.393637,589.338194
84,2.967973,673.860604
84,3.195366,625.906387
84,3.068260,651.835192
84,3.190095,626.940499
