n_threads,Time,GFLOPS
60,1.255949,1592.420993
60,1.172648,
60,,
60,1.169329,1710.383319
60,1.174797,1702.421921
