n_threads,Time,GFLOPS
88,4.233736,472.395959
88,3.174252,630.069615
88,3.166321,631.647973
88,3.176117,629.699718
88,3.089165,647.424121
