n_threads,Time,GFLOPS
112,2.264962,883.017209
112,2.607828,766.921760
112,2.355721,848.996798
112,2.237753,893.753527
112,2.310889,865.467969
