n_threads,Time,GFLOPS
106,5.304801,377.016951
106,4.866368,410.984158
106,5.211218,383.787460
106,5.033886,397.307367
106,5.309075,376.713457
