n_threads,Time,GFLOPS
38,1.057701,1890.892938
38,1.074205,1861.842121
38,1.063960,1879.770132
38,1.073930,1862.318144
38,1.077223,1856.625177
