n_threads,Time,GFLOPS
84,2.018601,990.785366
84,1.867139,1071.157296
84,2.162805,924.725202
84,2.029032,985.691594
84,1.941195,1030.293420
