n_threads,Time,GFLOPS
54,2.244851,890.927889
54,2.229609,897.018233
54,2.255027,886.907524
54,2.243888,891.309995
54,2.304599,867.829815
