n_threads,Time,GFLOPS
64,2.274314,879.386197
64,2.272943,879.916648
64,2.224188,899.204683
64,2.244662,891.002720
64,2.249478,889.095238
