n_threads,Time,GFLOPS
94,3.728272,536.441518
94,3.718175,537.898358
94,3.840124,520.816465
94,3.686656,542.497075
94,4.241415,471.540728
