n_threads,Time,GFLOPS
86,3.380255,591.671282
86,3.468733,576.579387
86,3.502031,571.097114
86,3.409416,586.610669
86,3.330761,600.463318
