n_threads,Time,GFLOPS
44,1.370725,1459.081655
44,1.402531,1425.993694
44,1.411725,1416.706339
44,1.379336,1449.972755
44,1.402122,1426.409524
