n_threads,Time,GFLOPS
10,2.194850,911.224188
10,2.318810,862.511297
10,2.334937,856.554240
10,2.199295,909.382268
10,2.341708,854.077360
