n_threads,Time,GFLOPS
100,3.252034,710.901659
100,3.254170,614.596060
100,3.303440,605.429502
100,3.342053,598.434562
100,3.301217,605.837213
