n_threads,Time,GFLOPS
36,2.235230,894.762675
36,2.295625,871.222429
36,2.131764,938.190371
36,2.288075,874.097191
36,2.310503,865.612477
