n_threads,Time,GFLOPS
96,3.477651,575.100879
96,3.486349,573.666113
96,3.265793,612.408765
96,3.298379,606.358372
96,3.076675,650.052329
