n_threads,Time,GFLOPS
84,2.107602,948.945911
84,2.084330,959.540861
84,2.039280,980.738158
84,1.971289,1014.564635
84,1.930043,1036.246391
