n_threads,Time,GFLOPS
88,2.223287,899.568929
88,2.778381,719.843743
88,2.250821,888.564581
88,2.150513,930.010657
88,2.188484,913.874488
