n_threads,Time,GFLOPS
38,1.069761,1869.576718
38,1.065532,1876.997118
38,1.076224,1858.349309
38,1.074078,1862.061532
38,1.079395,1852.889058
