n_threads,Time,GFLOPS
46,1.035625,1931.201631
46,1.052910,1899.498434
46,1.057722,1890.855695
46,1.026568,1948.239808
46,1.060301,1886.257035
