n_threads,Time,GFLOPS
46,2.224463,899.093254
46,2.217576,901.885629
46,2.272802,879.971257
46,2.261332,884.434416
46,2.231450,896.278394
