n_threads,Time,GFLOPS
86,3.640515,549.372815
86,3.535773,565.647176
86,3.349512,597.101823
86,3.867216,517.167917
86,3.470544,576.278600
