n_threads,Time,GFLOPS
52,1.383182,1445.941334
52,1.412246,1416.184178
52,1.450117,1379.199218
52,1.372223,1457.489468
52,1.426157,1402.369732
