n_threads,Time,GFLOPS
62,2.172363,920.656476
62,2.105167,950.043414
62,2.235382,894.701757
62,2.271422,880.505827
62,2.599575,769.356405
