n_threads,Time,GFLOPS
42,2.267794,881.914436
42,2.275692,878.853609
42,2.284955,875.290665
42,2.290692,873.098547
42,2.257580,885.904401
