n_threads,Time,GFLOPS
60,2.237100,894.014687
60,2.267551,882.008825
60,2.231525,896.247891
60,2.251859,888.155002
60,2.247514,889.872132
