n_threads,Time,GFLOPS
114,2.535694,788.738638
114,2.677165,747.058850
114,2.325170,860.152026
114,2.469778,809.789239
114,2.521928,793.044123
