n_threads,Time,GFLOPS
110,2.644983,756.148446
110,2.633443,759.461994
110,2.395559,834.878109
110,,
110,2.283700,875.771771
