n_threads,Time,GFLOPS
48,2.208018,905.789764
48,2.231940,896.081582
48,2.227260,897.964114
48,2.240717,892.571589
48,2.235294,894.736938
