n_threads,Time,GFLOPS
124,2.507143,797.720631
124,2.545801,785.607388
124,2.737151,730.686791
124,2.664451,750.623714
124,2.675475,747.530867
