n_threads,Time,GFLOPS
124,4.104419,487.279715
124,4.072657,491.079872
124,4.201506,476.019733
124,4.006600,499.176375
124,3.879408,515.542635
