n_threads,Time,GFLOPS
36,1.213269,1648.439257
36,1.210063,1652.806657
36,1.221510,1637.317692
36,1.222907,1635.447437
36,1.200575,1665.868667
