n_threads,Time,GFLOPS
70,2.837199,704.920685
70,2.966637,674.163953
70,2.757375,725.327576
70,2.843240,703.422940
70,2.886440,692.894964
