n_threads,Time,GFLOPS
70,2.504254,798.640960
70,2.643043,756.703558
70,2.573521,777.145322
70,2.675686,747.471980
70,2.662421,751.196084
