n_threads,Time,GFLOPS
82,3.206990,623.637644
82,3.225417,620.074866
82,4.219559,473.983168
82,3.331739,600.287121
82,3.146044,635.719067
