n_threads,Time,GFLOPS
44,2.422075,825.738408
44,2.419960,826.459974
44,2.336105,856.125804
44,2.407068,830.886466
44,2.371165,843.467359
