n_threads,Time,GFLOPS
58,1.023078,1954.885596
58,1.053179,1899.012240
58,1.049472,1905.720702
58,1.041541,1920.231583
58,1.056411,1893.202972
