n_threads,Time,GFLOPS
14,1.724686,1159.631406
14,1.750155,1142.755804
14,1.734802,1152.869186
14,1.736563,1151.700525
14,1.740284,1149.237623
