n_threads,Time,GFLOPS
128,3.647870,548.265116
128,3.647556,548.312387
128,3.672487,544.590031
128,3.758242,532.163695
128,3.564423,561.100616
