n_threads,Time,GFLOPS
118,5.254715,380.610540
118,5.513756,362.729166
118,5.257973,380.374719
118,5.336755,374.759592
118,5.471941,365.501020
