n_threads,Time,GFLOPS
66,1.681261,1189.583506
66,1.635987,1222.503618
66,1.745773,1145.624330
66,1.604805,1246.257639
66,1.567816,1275.659934
