n_threads,Time,GFLOPS
56,1.248195,1602.313297
56,1.241549,1610.891513
56,1.222016,1636.640413
56,1.216264,1644.380348
56,1.224563,1633.236287
