n_threads,Time,GFLOPS
92,2.157498,926.999870
92,2.492831,802.300649
92,2.336913,855.829869
92,2.135749,936.439606
92,2.180922,917.043507
