n_threads,Time,GFLOPS
76,1.703719,1173.902669
76,1.841741,1085.928740
76,1.854758,1078.307859
76,1.890632,1057.847066
76,1.858162,1076.332540
