n_threads,Time,GFLOPS
48,1.166689,1714.252702
48,1.174783,1702.442169
48,1.208610,1654.793761
48,1.160820,1722.920308
48,1.182336,1691.565962
