n_threads,Time,GFLOPS
46,1.006315,1987.449690
46,1.064853,1878.192754
46,1.069412,1870.186614
46,1.034510,1933.282667
46,1.075682,1859.285587
