n_threads,Time,GFLOPS
80,1.882854,1062.217213
80,2.098840,952.907412
80,2.020543,989.832896
80,1.741584,1148.380048
80,1.939095,1031.408811
