n_threads,Time,GFLOPS
126,,
126,3.091800,646.872447
126,2.638171,758.100975
126,2.766338,722.977445
126,2.851722,701.330616
