n_threads,Time,GFLOPS
90,2.292588,872.376656
90,2.170569,921.417556
90,2.330836,858.061115
90,2.202743,907.958797
90,2.365810,845.376252
