n_threads,Time,GFLOPS
24,1.247879,1602.719021
24,1.234307,1620.342283
24,1.239647,1613.362956
24,1.270016,1574.783643
24,1.235028,1619.396742
