n_threads,Time,GFLOPS
16,1.503850,1329.919860
16,1.504557,1329.294863
16,1.505607,1328.368287
16,1.509237,1325.173160
16,1.547055,1292.778512
