n_threads,Time,GFLOPS
108,3.378440,591.989247
108,3.392323,589.566534
108,3.340797,598.659454
108,3.427681,583.484876
108,3.436838,581.930186
