n_threads,Time,GFLOPS
66,2.540270,787.317760
66,2.570203,778.148760
66,2.579634,775.303704
66,2.629461,760.612278
66,2.608589,766.698118
