n_threads,Time,GFLOPS
82,4.362630,458.439108
82,4.787838,417.725112
82,4.262609,469.196160
82,4.476382,446.789412
82,4.302987,464.793359
