n_threads,Time,GFLOPS
14,3.342514,598.352014
14,3.342641,598.329196
14,3.359759,595.280769
14,3.337638,599.226153
14,3.352658,596.541687
