n_threads,Time,GFLOPS
118,4.419815,452.507674
118,4.693011,426.165677
118,4.156163,481.213134
118,4.485144,445.916543
118,4.420622,452.425042
