n_threads,Time,GFLOPS
52,2.456729,814.090764
52,2.491230,802.816356
52,2.440144,819.623625
52,2.465288,811.264081
52,2.455705,814.430177
