n_threads,Time,GFLOPS
46,2.255472,886.732350
46,2.228354,897.523577
46,2.151723,929.487614
46,2.238988,893.260560
46,2.214994,902.936791
