n_threads,Time,GFLOPS
98,2.381206,839.910405
98,2.154299,928.376354
98,2.151918,929.403462
98,2.093991,955.113841
98,2.161441,925.308473
