n_threads,Time,GFLOPS
22,2.631814,759.932063
22,2.551486,783.856953
22,2.590584,772.026672
22,2.590301,772.111041
22,2.584055,773.977412
