n_threads,Time,GFLOPS
100,2.394995,835.074803
100,2.284991,875.277157
100,2.178620,918.012227
100,2.477518,807.259543
100,2.371284,843.425023
