n_threads,Time,GFLOPS
116,2.644519,756.281306
116,2.438099,820.311236
116,2.917008,685.634152
116,2.706176,739.050345
116,2.520435,793.513730
