n_threads,Time,GFLOPS
78,3.099692,645.225353
78,3.211856,622.692958
78,2.972821,672.761636
78,3.043779,657.077938
78,2.993831,668.040489
