n_threads,Time,GFLOPS
98,2.443781,818.403936
98,2.194977,911.171290
98,2.077301,962.787582
98,2.459781,813.080647
98,2.154756,928.179502
