n_threads,Time,GFLOPS
32,2.328531,858.910594
32,2.299519,869.746950
32,2.342980,853.613737
32,2.331961,857.647328
32,2.321535,861.498835
