n_threads,Time,GFLOPS
106,4.354217,459.324801
106,4.078991,490.317294
106,4.176099,478.915891
106,4.049415,493.898507
106,3.905730,512.068215
