n_threads,Time,GFLOPS
66,2.765829,723.110420
66,2.646509,755.712619
66,2.714433,736.802185
66,2.744492,728.732351
66,2.576748,776.172190
