n_threads,Time,GFLOPS
92,3.729464,536.270128
92,3.551348,563.166501
92,3.623357,551.974244
92,3.542637,564.551274
92,3.356607,595.839847
