n_threads,Time,GFLOPS
122,5.433712,368.072533
122,5.426806,368.540930
122,5.387106,371.256875
122,5.438189,367.769462
122,5.936754,336.884407
