n_threads,Time,GFLOPS
104,3.399873,588.257294
104,3.476126,575.353142
104,3.403795,587.579535
104,3.503910,570.790877
104,3.055014,654.661567
