n_threads,Time,GFLOPS
26,1.134796,1762.430992
26,1.158260,1726.728752
26,1.141251,1752.462216
26,1.166168,1715.019108
26,1.117052,1790.426336
