n_threads,Time,GFLOPS
30,2.240896,892.500119
30,2.226041,898.455945
30,2.216851,902.180778
30,2.226044,898.454748
30,2.234334,895.121487
