n_threads,Time,GFLOPS
44,1.389199,1439.678981
44,1.409125,1419.320445
44,1.400685,1427.872464
44,1.408988,1419.458809
44,1.376530,1452.928276
