n_threads,Time,GFLOPS
24,2.377603,841.183323
24,2.375782,841.828201
24,2.365722,845.407934
24,2.369454,844.076415
24,2.388245,837.434912
