n_threads,Time,GFLOPS
30,1.199361,1667.554829
30,1.292070,1547.903881
30,1.224524,1633.288098
30,1.230785,1624.978760
30,1.263144,1583.350373
