n_threads,Time,GFLOPS
10,2.200915,908.712890
10,2.211212,904.481376
10,2.226482,898.278267
10,2.209767,905.072849
10,2.197670,910.054785
