n_threads,Time,GFLOPS
4,5.494885,363.974872
4,5.364657,372.810410
4,5.352557,373.653201
4,5.359455,373.172257
4,5.351395,373.734353
