n_threads,Time,GFLOPS
96,3.430132,583.068000
96,3.269120,611.785359
96,3.201173,624.770963
96,3.297545,606.511734
96,3.290627,607.786905
