n_threads,Time,GFLOPS
52,1.419120,1409.323838
52,1.457338,1372.365175
52,1.430443,1398.168303
52,1.405812,1422.665445
52,1.462244,1367.760414
