n_threads,Time,GFLOPS
108,3.316880,602.976362
108,3.444131,580.698084
108,3.432264,582.705832
108,3.351111,596.816924
108,3.585069,557.869341
