n_threads,Time,GFLOPS
22,2.654771,753.360676
22,2.588520,772.642197
22,2.609214,766.514501
22,2.633225,759.524920
22,2.618646,763.753396
