n_threads,Time,GFLOPS
26,2.508888,797.165861
26,3.039549,657.992247
26,2.476544,807.576876
26,2.489103,803.502263
26,2.500693,799.778261
