n_threads,Time,GFLOPS
18,2.938880,680.531318
18,2.991360,668.592136
18,,
18,2.950318,677.892955
18,2.976020,672.038476
