n_threads,Time,GFLOPS
128,2.624322,762.101731
128,2.522875,792.746495
128,2.727589,733.248219
128,2.820822,709.013279
128,2.629139,760.705335
