n_threads,Time,GFLOPS
54,2.279713,877.303427
54,2.256925,886.161643
54,2.231284,896.344896
54,2.271288,880.557629
54,2.237260,893.950667
