n_threads,Time,GFLOPS
12,1.894045,1055.941286
12,1.830199,1092.777154
12,1.901670,1051.707073
12,1.900100,1052.575925
12,1.824681,1096.081925
