n_threads,Time,GFLOPS
80,3.005747,665.392072
80,3.031855,659.662115
80,2.986674,669.641220
80,2.847129,702.461985
80,3.162273,632.456398
