n_threads,Time,GFLOPS
12,1.832780,1091.238683
12,1.834132,1090.434014
12,1.828860,1093.577439
12,1.832568,1091.364903
12,1.826369,1095.069038
