n_threads,Time,GFLOPS
36,2.298267,870.220749
36,2.278036,877.949152
36,2.257645,885.878906
36,2.303229,868.346219
36,2.278479,877.778554
