n_threads,Time,GFLOPS
64,1.188606,1682.643084
64,1.203018,1662.485141
64,1.212863,1648.990311
64,1.194162,1674.815160
64,1.191016,1679.238655
