n_threads,Time,GFLOPS
54,1.168096,1712.187770
54,1.193925,1675.147590
54,1.172868,1705.221257
54,1.185194,1687.487656
54,1.188638,1682.597571
