n_threads,Time,GFLOPS
6,3.622759,552.065378
6,3.649282,548.053027
6,3.745374,533.992031
6,3.636425,549.990757
6,3.604859,554.806685
