n_threads,Time,GFLOPS
92,2.220627,900.646438
92,2.124185,941.537409
92,2.154074,928.473387
92,2.172473,920.609966
92,2.216915,902.154749
