n_threads,Time,GFLOPS
10,4.548725,439.683692
10,4.535140,441.000672
10,4.537323,440.788559
10,4.565461,438.071819
10,4.592679,435.475713
