n_threads,Time,GFLOPS
112,3.348841,597.221562
112,3.372651,593.005266
112,3.514149,569.127809
112,3.441219,581.189403
112,3.565436,560.941157
