n_threads,Time,GFLOPS
98,3.264152,612.716550
98,3.300347,605.996970
98,3.186431,627.661498
98,3.411728,586.213133
98,3.358485,595.506691
