n_threads,Time,GFLOPS
54,1.177600,1698.369523
54,1.162818,1719.959735
54,1.175694,1701.123235
54,1.192107,1677.702255
54,1.170027,1709.361586
