n_threads,Time,GFLOPS
70,1.441079,1387.849270
70,1.555097,1286.093220
70,1.710603,1169.178057
70,1.547869,1292.099007
70,1.548211,1291.813746
