n_threads,Time,GFLOPS
16,2.847953,702.258874
16,2.880656,694.286357
16,2.890819,691.845458
16,2.866670,697.673638
16,2.888927,692.298535
