n_threads,Time,GFLOPS
4,5.306429,376.901330
4,5.348361,373.946316
4,5.412023,369.547599
4,5.409198,369.740548
4,5.356575,373.372941
