n_threads,Time,GFLOPS
126,3.869743,516.830237
126,3.917270,510.559597
126,3.779027,529.236813
126,3.617153,552.921065
126,3.759464,531.990681
