n_threads,Time,GFLOPS
114,3.992520,500.936805
114,3.586631,557.626430
114,3.633661,550.409054
114,3.454965,578.877075
114,3.527505,566.972992
