n_threads,Time,GFLOPS
106,5.241529,381.568078
106,5.375577,372.053050
106,5.073829,394.179632
106,5.237763,381.842378
106,4.898124,408.319608
