n_threads,Time,GFLOPS
40,1.843524,1084.878729
40,1.844379,1084.375749
40,1.821877,1097.768770
40,1.846287,1083.255322
40,1.876683,1065.710039
