n_threads,Time,GFLOPS
126,3.925179,509.530959
126,3.797117,526.715455
126,3.469087,576.520598
126,3.409238,586.641406
126,3.624917,551.736704
