n_threads,Time,GFLOPS
38,2.124888,941.225985
38,2.127098,940.248128
38,2.214144,903.283501
38,2.130563,938.719207
38,2.324080,860.555665
