n_threads,Time,GFLOPS
100,1.678376,1191.628047
100,1.698595,1177.443986
100,1.759833,1136.471217
100,1.733381,1153.814411
100,1.657545,1206.603488
