n_threads,Time,GFLOPS
30,1.813779,1102.670129
30,1.801385,1110.256724
30,1.796824,1113.075272
30,1.797754,1112.499075
30,1.788408,1118.313180
