n_threads,Time,GFLOPS
72,3.464244,577.326513
72,3.422354,584.393048
72,3.560435,561.729078
72,3.421815,584.485083
72,3.488703,573.278955
