n_threads,Time,GFLOPS
90,1.724599,1159.689991
90,1.825754,1095.438099
90,1.824252,1096.339688
90,1.809715,1105.146364
90,1.744464,1146.484151
