n_threads,Time,GFLOPS
86,1.924488,1039.237420
86,1.941846,1029.947944
86,2.070186,966.096720
86,2.079684,961.684582
86,2.038085,981.313316
