n_threads,Time,GFLOPS
112,3.774185,529.915752
112,3.228063,619.566665
112,3.747096,533.746610
112,3.750591,533.249268
112,3.234410,618.350869
