n_threads,Time,GFLOPS
30,1.811146,1104.272905
30,1.806435,1107.153326
30,1.819107,1099.440501
30,1.805869,1107.500005
30,1.798733,1111.893871
