n_threads,Time,GFLOPS
70,3.452252,579.331906
70,3.499252,571.550650
70,3.435485,582.159444
70,3.056541,654.334420
70,3.438924,581.577291
