n_threads,Time,GFLOPS
90,3.793273,527.249170
90,3.503857,570.799547
90,3.194782,626.020850
90,3.221592,620.811039
90,3.350080,597.000670
