n_threads,Time,GFLOPS
60,1.888230,1059.193110
60,1.861380,1074.471510
60,1.879048,1064.368673
60,1.898071,1053.701194
60,1.876513,1065.806647
