n_threads,Time,GFLOPS
100,1.821751,1097.845123
100,1.787912,1118.623578
100,1.842899,1085.246375
100,1.684606,1187.220927
100,1.783648,1121.297584
