n_threads,Time,GFLOPS
2,18.405514,108.663089
2,19.299065,103.631964
2,19.367161,103.267589
2,17.919159,111.612384
2,19.354239,103.336536
