n_threads,Time,GFLOPS
16,3.424054,584.102977
16,3.436372,582.009200
16,3.368634,593.712532
16,3.384564,590.918037
16,3.418767,585.006169
