n_threads,Time,GFLOPS
72,1.714327,1166.638808
72,1.828807,1093.609332
72,1.687209,1185.389541
72,1.782160,1122.233599
72,1.782363,1122.106186
