n_threads,Time,GFLOPS
98,3.342577,598.340799
98,3.622447,552.113013
98,3.560508,561.717653
98,3.177406,629.444357
98,3.236759,617.902131
