n_threads,Time,GFLOPS
16,3.308271,604.545342
16,,
16,3.409812,
16,3.318485,602.684688
16,,
