n_threads,Time,GFLOPS
128,3.727638,536.532746
128,3.205939,623.842124
128,3.638647,549.654813
128,3.422542,584.361056
128,3.829410,522.273660
