n_threads,Time,GFLOPS
42,1.788589,1118.199648
42,1.746692,1145.021845
42,1.818281,1099.939716
42,1.773986,1127.404804
42,1.790589,1116.950603
