n_threads,Time,GFLOPS
80,3.520908,568.035368
80,3.552084,563.049760
80,3.577333,559.075679
80,3.552301,563.015311
80,3.517370,568.606690
