n_threads,Time,GFLOPS
42,3.112761,642.516361
42,3.158069,633.298366
42,3.116850,641.673518
42,3.148649,635.192982
42,3.184045,628.131794
