n_threads,Time,GFLOPS
80,1.860389,1075.044038
80,1.839223,1087.415783
80,1.860603,1074.920176
80,1.759622,1136.607689
80,1.762200,1134.944642
