n_threads,Time,GFLOPS
6,6.432483,310.921924
6,6.382495,313.357078
6,6.559540,304.899418
6,6.383958,313.285280
6,6.595983,303.214867
