n_threads,Time,GFLOPS
24,1.952008,1024.585834
24,1.935614,1033.263922
24,1.895116,1055.344513
24,1.923574,1039.731034
24,1.940395,1030.718087
