n_threads,Time,GFLOPS
76,3.488741,573.272652
76,3.097168,645.751144
76,3.601975,555.250963
76,3.384185,590.984217
76,3.531004,566.411153
