n_threads,Time,GFLOPS
78,1.877154,1065.442743
78,1.741981,1148.118051
78,1.901465,1051.820429
78,1.813134,1103.062238
78,1.845545,1083.690772
