n_threads,Time,GFLOPS
22,2.182370,916.434682
22,2.118626,944.007923
22,2.153629,928.665245
22,2.191805,912.489844
22,2.185561,915.096756
