n_threads,Time,GFLOPS
114,2.010576,994.739676
114,1.996840,1001.582429
114,2.096668,953.894659
114,2.019930,990.133089
114,1.960742,1020.021998
