n_threads,Time,GFLOPS
4,11.738913,170.373532
4,11.830995,169.047493
4,11.742255,170.325031
4,11.846048,168.832679
4,12.147013,164.649535
