n_threads,Time,GFLOPS
36,3.283972,609.018670
36,3.307819,604.628018
36,3.302226,605.651997
36,3.270348,611.555734
36,3.267633,612.063805
