n_threads,Time,GFLOPS
76,1.986728,1006.680141
76,1.965474,1017.566155
76,1.992108,1003.961520
76,1.958431,1021.225595
76,2.039195,980.779371
