n_threads,Time,GFLOPS
44,3.271071,611.420461
44,3.267709,612.049528
44,3.242238,616.857859
44,3.275655,610.564818
44,3.338763,599.024178
