n_threads,Time,GFLOPS
74,2.531750,789.967532
74,2.449558,816.473963
74,2.501447,799.537359
74,2.467255,810.617403
74,2.534233,789.193274
