n_threads,Time,GFLOPS
120,4.004304,499.462544
120,3.657607,546.805632
120,3.724102,537.042173
120,3.321183,602.195140
120,3.790499,527.635028
