n_threads,Time,GFLOPS
126,1.689033,1184.109829
126,1.706249,1172.161898
126,1.597571,1251.900246
126,1.727047,1158.045943
126,1.664469,1201.584378
