n_threads,Time,GFLOPS
106,1.963925,1018.368648
106,1.914297,1044.769996
106,1.884502,1061.288098
106,1.855181,1078.062153
106,1.961432,1019.663439
