n_threads,Time,GFLOPS
34,3.160468,632.817661
34,3.206898,623.655560
34,3.101912,644.763581
34,3.112199,642.632467
34,3.227192,619.733717
