n_threads,Time,GFLOPS
6,7.853702,254.656975
6,7.885126,253.642123
6,7.916934,252.623063
6,7.873616,254.012905
6,7.910893,252.815955
