n_threads,Time,GFLOPS
20,3.439519,581.476678
20,3.434343,582.353051
20,3.450222,579.672818
20,3.419353,584.906050
20,3.428458,583.352611
