n_threads,Time,GFLOPS
22,2.133393,937.473621
22,2.139469,934.811566
22,2.134010,937.202818
22,2.128901,
22,2.135720,936.452206
