n_threads,Time,GFLOPS
110,1.731296,1155.203965
110,1.671665,1196.411787
110,1.685132,1186.850558
110,1.748086,1144.108645
110,1.856576,1077.252083
