n_threads,Time,GFLOPS
92,1.912924,1045.519957
92,1.796122,1113.510271
92,1.900796,1052.190647
92,1.880795,1063.380146
92,1.951167,1025.027464
