n_threads,Time,GFLOPS
90,3.657151,546.873803
90,3.609146,554.147733
90,3.207527,623.533258
90,3.294207,607.126440
90,3.636209,550.023417
