n_threads,Time,GFLOPS
62,3.227997,619.579253
62,3.096140,645.965602
62,3.187056,627.538313
62,3.214529,622.175224
62,3.184678,628.007073
