n_threads,Time,GFLOPS
12,4.011623,498.551295
12,4.025318,496.855104
12,4.126568,484.664219
12,4.005684,499.290478
12,4.088573,
