n_threads,Time,GFLOPS
122,3.939188,507.718811
122,3.856546,518.598735
122,4.204276,475.706174
122,3.673688,544.412052
122,4.029540,496.334624
