n_threads,Time,GFLOPS
98,1.850311,1080.899418
98,1.873082,1067.758787
98,21.366218,93.605709
98,1.874670,1066.854662
98,1.817796,1100.233480
