n_threads,Time,GFLOPS
100,3.162492,632.412659
100,3.519886,568.200267
100,3.026098,660.917153
100,3.609437,554.103113
100,3.183940,628.152570
