n_threads,Time,GFLOPS
68,3.458690,578.253579
68,3.493213,572.538791
68,3.544039,564.327831
68,3.047651,656.243225
68,3.489771,573.103530
