n_threads,Time,GFLOPS
64,3.464357,577.307728
64,3.473875,575.725894
64,3.547446,563.785914
64,3.485788,573.758314
64,3.509143,569.939685
