n_threads,Time,GFLOPS
98,1.802957,1109.289021
98,1.792786,1115.582123
98,1.848051,1082.221007
98,1.871736,1068.527041
98,1.957970,1021.466251
