n_threads,Time,GFLOPS
30,3.157212,633.470303
30,3.212839,622.502313
30,3.169203,631.073546
30,3.163791,632.152976
30,3.223206,620.500304
