n_threads,Time,GFLOPS
40,3.383472,591.108845
40,3.318593,602.665047
40,3.325993,601.324236
40,3.384553,590.919920
40,3.337106,599.321603
