n_threads,Time,GFLOPS
70,1.818657,1099.712538
70,1.829450,1093.224576
70,1.730608,1155.663296
70,1.847571,1082.502283
70,1.732617,1154.323241
