n_threads,Time,GFLOPS
32,1.917425,1043.065633
32,1.880025,1063.815529
32,1.862126,1074.041113
32,1.968169,1016.172657
32,1.839010,1087.541818
