n_threads,Time,GFLOPS
112,1.825855,1095.377235
112,1.745920,1145.527657
112,1.801441,1110.222115
112,1.827362,1094.473947
112,1.806486,1107.121605
