n_threads,Time,GFLOPS
56,1.782182,1122.219759
56,1.811738,1103.912635
56,1.799642,1111.332091
56,1.816633,1100.938074
56,1.793769,1114.970752
