n_threads,Time,GFLOPS
76,3.599017,555.707263
76,3.606409,554.568341
76,3.051493,
76,3.429920,583.103980
76,3.070017,651.462247
