n_threads,Time,GFLOPS
54,1.871547,1068.634808
54,1.890200,1058.089228
54,1.873639,1067.441739
54,1.874042,1067.211749
54,1.845071,1083.969079
