n_threads,Time,GFLOPS
94,2.468066,810.351097
94,2.420027,826.437157
94,2.392895,835.807841
94,2.469912,809.745396
94,2.417787,827.202745
