n_threads,Time,GFLOPS
52,1.917405,1126.664348
52,2.037425,981.631041
52,1.960843,1019.969285
52,2.033262,983.641059
52,1.952096,1024.539746
