n_threads,Time,GFLOPS
20,3.326312,601.266579
20,3.319656,602.471985
20,3.366470,594.094167
20,3.378883,591.911603
20,3.364975,594.358011
