n_threads,Time,GFLOPS
92,1.974484,1012.922821
92,1.977898,1011.174578
92,1.852353,1079.707759
92,1.922048,1040.556848
92,1.874426,1066.993488
