n_threads,Time,GFLOPS
48,3.462611,577.598848
48,3.406644,587.088076
48,3.457962,578.375284
48,3.454247,578.997374
48,3.462755,577.574848
