n_threads,Time,GFLOPS
102,2.010545,994.755145
102,2.014678,992.714231
102,1.999397,1000.301420
102,1.980942,1009.620541
102,1.996708,1001.648714
