n_threads,Time,GFLOPS
32,3.353588,596.376099
32,3.392794,589.484623
32,3.430204,583.055671
32,3.381113,591.521152
32,3.409664,586.568084
