n_threads,Time,GFLOPS
10,4.743905,421.593562
10,4.742108,421.753356
10,4.730443,422.793370
10,4.738364,422.086630
10,4.768636,419.407170
