n_threads,Time,GFLOPS
90,1.765854,1132.596218
90,1.803265,1109.099074
90,1.734252,1153.234704
90,1.718894,1163.539028
90,1.698000,1177.856517
