n_threads,Time,GFLOPS
114,3.275448,610.603459
114,3.440852,581.251331
114,3.789197,527.816343
114,3.285776,608.684306
114,3.809616,524.987311
