n_threads,Time,GFLOPS
28,1.833664,1090.712543
28,1.857830,1076.524588
28,1.845108,1083.947310
28,1.823476,1096.806344
28,1.810390,1104.734233
