n_threads,Time,GFLOPS
58,3.200396,624.922763
58,3.220594,621.003394
58,3.269316,611.748735
58,3.283482,609.109386
58,3.158046,633.302972
