n_threads,Time,GFLOPS
120,1.747246,1144.658402
120,1.738165,1150.639040
120,1.663210,1202.493882
120,1.687557,1185.144987
120,1.668871,1198.414861
