n_threads,Time,GFLOPS
44,1.915163,1044.297729
44,2.046163,977.439415
44,1.994620,1002.697135
44,1.913349,1045.287379
44,2.021320,989.452473
