n_threads,Time,GFLOPS
42,,
42,1.770071,1129.898467
42,,
42,1.778991,1124.232622
42,1.761136,1135.630340
