n_threads,Time,GFLOPS
118,3.975376,503.097073
118,3.910623,511.427438
118,3.927941,509.172657
118,3.800554,526.239047
118,3.349952,597.023544
