n_threads,Time,GFLOPS
62,2.056607,972.475652
62,2.063810,969.081263
62,2.075209,963.758471
62,2.261977,884.182394
62,2.075969,963.405511
