n_threads,Time,GFLOPS
34,2.018597,990.787344
34,2.041617,979.615690
34,2.031645,984.423740
34,1.984719,1007.699428
34,2.003584,998.211030
