n_threads,Time,GFLOPS
78,1.812136,1103.669788
78,1.856687,1077.187578
78,1.794199,1114.703408
78,1.871773, 
78,1.744456,1146.489487
