n_threads,Time,GFLOPS
96,3.103277,644.479955
96,3.066878,652.129046
96,3.096315,645.929086
96,3.568589,560.445621
96,3.061003,653.380582
