n_threads,Time,GFLOPS
122,1.738865,1150.175522
122,1.719085,1163.409341
122,1.675655,1193.562781
122,1.742941,1147.486021
122,1.629539,1227.341090
