n_threads,Time,GFLOPS
32,3.303907,605.343955
32,3.346539,597.632366
32,3.286591,608.533231
32,3.336531,599.424889
32,3.315735,603.184501
