n_threads,Time,GFLOPS
108,3.623981,551.879296
108,3.066799,652.145876
108,3.837091,521.228215
108,3.775235,529.768365
108,3.615017,553.247742
