n_threads,Time,GFLOPS
94,3.205396,623.947858
94,3.706059,539.656829
94,3.174398,630.040625
94,3.778140,529.360986
94,3.790958,527.571182
