n_threads,Time,GFLOPS
18,3.178355,629.256351
18,3.176400,629.643644
18,3.180694,628.793647
18,3.170923,630.731120
18,3.169512,631.012006
