n_threads,Time,GFLOPS
26,3.214968,622.090149
26,3.137673,637.415069
26,3.212297,622.607426
26,3.212132,622.639322
26,3.236670,617.918988
