n_threads,Time,GFLOPS
124,3.698524,540.756289
124,3.285450,608.744699
124,3.523169,567.670804
124,3.596682,556.068077
124,3.674255,544.328087
