n_threads,Time,GFLOPS
72,1.662016,1203.357744
72,1.846837,1082.932846
72,1.780119,1123.520434
72,1.693878,1180.722798
72,1.801310,1110.303156
