n_threads,Time,GFLOPS
102,3.728393,536.424161
102,3.856965,518.542466
102,3.413518,585.905823
102,3.241133,617.068179
102,3.629729,551.005265
