n_threads,Time,GFLOPS
34,3.088757,647.509709
34,3.098834,645.404135
34,3.124015,640.201731
34,3.132623,638.442559
34,3.136054,637.744034
