n_threads,Time,GFLOPS
102,2.005487,997.264137
102,2.005418,997.298504
102,1.996460,1001.773335
102,2.057623,971.995185
102,2.016978,991.582238
