n_threads,Time,GFLOPS
68,3.498833,571.619127
68,3.328439,600.882231
68,3.594041,556.476629
68,3.520907,568.035432
68,3.510680,569.690224
