n_threads,Time,GFLOPS
60,3.520822,568.049110
60,3.476839,575.235193
60,3.494157,572.384170
60,3.482519,574.296969
60,3.571849,559.934018
