n_threads,Time,GFLOPS
28,3.432279,582.703203
28,3.450451,579.634380
28,3.411927,586.179097
28,3.343242,598.221685
28,3.447111,580.196001
