n_threads,Time,GFLOPS
44,1.908525,1047.929888
44,1.925425,1038.731678
44,2.032396,984.060074
44,1.912905,1045.530070
44,1.959796,1020.514313
