n_threads,Time,GFLOPS
62,3.233929,618.442774
62,3.222993,620.541286
62,3.265920,612.384849
62,3.200618,624.879268
62,3.210683,622.920487
