n_threads,Time,GFLOPS
96,1.736401,1151.807793
96,1.745130,1146.046229
96,1.869870,1069.592822
96,1.873423,1067.564541
96,1.863209,1073.417031
