n_threads,Time,GFLOPS
54,3.232295,618.755324
54,3.161800,632.551090
54,3.196573,625.670057
54,3.186666,627.615242
54,3.124785,640.044057
