n_threads,Time,GFLOPS
50,3.111311,642.815788
50,3.146849,635.556427
50,3.109243,643.243401
50,3.138201,637.307743
50,3.090801,647.081408
