n_threads,Time,GFLOPS
108,1.754776,1139.746461
108,1.701399,1175.503176
108,1.655901,1207.801611
108,1.671635,1196.433317
108,1.687292,1185.331069
