n_threads,Time,GFLOPS
70,1.713159,1167.434266
70,1.845647,1083.630910
70,1.761854,1135.167873
70,1.825754,1095.437963
70,1.786696,1119.384815
