n_threads,Time,GFLOPS
74,3.466166,577.006436
74,3.506551,570.361050
74,3.502676,570.992006
74,3.447744,580.089442
74,3.593144,556.615533
