n_threads,Time,GFLOPS
80,3.442388,580.992058
80,3.132377,638.492799
80,3.456236,578.664186
80,3.107798,643.542556
80,3.282313,609.326341
