n_threads,Time,GFLOPS
116,2.204156,907.376677
116,2.107656,948.921489
116,2.135518,936.541072
116,2.171606,920.977579
116,2.074592,964.045043
