n_threads,Time,GFLOPS
10,4.663777,428.836992
10,4.658050,429.364261
10,4.607369,434.087240
10,4.679710,427.376876
10,4.649442,430.159113
