n_threads,Time,GFLOPS
96,1.672790,1195.607214
96,1.787438,1118.920045
96,1.806101,1107.358012
96,1.768840,1130.684398
96,1.779881,1123.670878
