n_threads,Time,GFLOPS
6,6.093340,328.227197
6,6.089654,855.616405
6,6.109702,327.348198
6,6.064567,329.784453
6,6.090979,328.354467
