n_threads,Time,GFLOPS
12,4.099878,487.819436
12,4.103721,487.362615
12,4.094446,488.466575
12,4.156649,481.156807
12,4.118177,485.651775
