n_threads,Time,GFLOPS
36,1.853648,1078.953217
36,1.811201,1104.239429
36,1.767539,1131.516863
36,1.786986,1119.203198
36,1.768789,1130.717394
