n_threads,Time,GFLOPS
82,3.256006,614.249562
82,3.156578,633.597459
82,3.220012,621.115622
82,3.175622,629.797914
82,3.256152,614.221948
