n_threads,Time,GFLOPS
118,1.694481,1180.302062
118,1.786359,1119.595787
118,1.685214,1186.792983
118,1.829807,1093.011362
118,1.756757,1138.461101
