n_threads,Time,GFLOPS
10,4.373003,457.351645
10,4.392445,455.327252
10,4.425447,451.931735
10,4.302757,464.818243
10,4.465256,447.902655
