n_threads,Time,GFLOPS
90,2.439358,819.887806
90,2.404107,831.909745
90,2.004268,997.870464
90,2.132128,938.029803
90,2.064351,968.827686
