n_threads,Time,GFLOPS
40,2.736284,730.918411
40,2.723942,734.230085
40,2.754175,726.170238
40,2.714046,736.907300
40,2.685651,744.698344
