n_threads,Time,GFLOPS
78,1.937761,1032.118965
78,1.873132,1067.730692
78,1.910255,1046.980730
78,2.015435,992.341593
78,1.829532,1093.175755
