n_threads,Time,GFLOPS
60,1.640751,1218.954147
60,1.667763,1199.211475
60,1.629104,1227.668426
60,1.660591,1204.390740
60,1.664314,1201.696029
