n_threads,Time,GFLOPS
32,1.223719,1634.362675
32,1.234142,1620.558605
32,1.226081,1631.213831
32,1.243708,1608.093899
32,1.226345,1630.861973
