n_threads,Time,GFLOPS
2,10.665674,187.517449
2,10.924462,183.075385
2,10.714773,186.658170
2,10.918112,183.181857
2,10.795596,185.260729
