n_threads,Time,GFLOPS
70,3.802456,525.975840
70,3.536313,565.560745
70,3.409588,586.581207
70,3.605419,554.720607
70,3.538494,565.212159
