n_threads,Time,GFLOPS
22,1.387724,1441.208478
22,1.400318,1428.246996
22,1.424104,1404.392036
22,1.381152,1448.066783
22,1.086750,1840.349081
