n_threads,Time,GFLOPS
120,2.417116,827.432428
120,2.495615,801.405796
120,2.509530,796.961869
120,2.808280,712.179716
120,2.945273,679.054138
