n_threads,Time,GFLOPS
82,2.028512,985.944523
82,2.040426,980.187439
82,1.918810,1042.312467
82,1.997133,1001.435778
82,1.972657,1013.860794
