n_threads,Time,GFLOPS
6,7.357549,271.829660
6,7.316755,273.345227
6,7.373898,271.226972
6,7.343544,272.348055
6,7.376920,271.115866
