n_threads,Time,GFLOPS
46,2.887597,692.617477
46,3.010993,664.232764
46,2.819658,709.305767
46,2.822625,708.560216
46,2.793954,715.831501
