n_threads,Time,GFLOPS
84,2.035361,982.626878
84,2.246111,890.428065
84,2.046649,977.207226
84,2.196061,910.721398
84,2.235876,894.504132
