n_threads,Time,GFLOPS
10,2.315752,863.650327
10,2.244832,890.935384
10,2.211791,904.244525
10,2.230405,896.698142
10,2.243246,891.565225
