n_threads,Time,GFLOPS
50,2.917394,685.543380
50,2.915531,685.981392
50,2.984340,670.164931
50,2.908116,687.730397
50,3.012472,663.906492
