n_threads,Time,GFLOPS
104,4.350420,459.725749
104,4.116879,485.804906
104,4.566134,438.007319
104,4.288648,466.347428
104,4.751919,420.882632
