n_threads,Time,GFLOPS
108,4.935364,405.238576
108,4.529463,441.553398
108,4.633960,431.596333
108,4.714433,424.229186
108,4.798900,416.762184
