n_threads,Time,GFLOPS
56,1.627786,1228.662843
56,1.649639,1212.386438
56,1.630601,1226.541755
56,1.636704,1221.968314
56,1.630163,1226.870995
