n_threads,Time,GFLOPS
54,3.144258,636.080081
54,3.075960,650.203509
54,3.105262,644.067995
54,3.083785,648.553604
54,3.090275,647.191683
