n_threads,Time,GFLOPS
28,2.581489,774.746719
28,2.608382,766.758941
28,2.555543,782.612656
28,2.524570,792.214064
28,2.576017,776.392492
