n_threads,Time,GFLOPS
10,2.231987,896.062439
10,2.233628,895.404066
10,2.248580,889.450115
10,2.266044,882.595362
10,2.247884,889.725788
