n_threads,Time,GFLOPS
126,5.172210,386.681915
126,5.040653,396.773968
126,5.026899,397.859594
126,5.622552,355.710345
126,4.891010,408.913528
