n_threads,Time,GFLOPS
48,2.838155,704.683197
48,2.896619,690.460069
48,2.891840,691.601310
48,2.868047,697.338595
48,2.818662,709.556470
