n_threads,Time,GFLOPS
62,3.155885,633.736601
62,3.107132,643.680467
62,3.147152,635.495250
62,3.335917,599.535305
62,3.153101,634.296277
