n_threads,Time,GFLOPS
4,5.506134,363.231246
4,5.349511,373.865930
4,5.512548,362.808643
4,5.302757,377.162325
4,5.361651,373.019425
