n_threads,Time,GFLOPS
24,2.453558,815.142679
24,2.438297,820.244565
24,2.450394,816.195148
24,2.439059,819.988423
24,2.451679,815.767608
