n_threads,Time,GFLOPS
70,3.773932,529.951189
70,3.829095,522.316679
70,3.659892,546.464237
70,3.622645,552.082735
70,3.643621,548.904441
