n_threads,Time,GFLOPS
126,2.601278,768.852904
126,2.795585,715.413754
126,2.734576,731.374827
126,2.378659,840.810018
126,2.737985,730.464324
