n_threads,Time,GFLOPS
88,4.097823,488.064059
88,3.894235,513.579652
88,3.911572,511.303403
88,4.045863,494.332122
88,4.332519,461.625251
