n_threads,Time,GFLOPS
124,4.932606,405.465215
124,5.305502,376.967168
124,4.820461,414.898060
124,5.645549,354.261383
124,4.707475,424.856232
