n_threads,Time,GFLOPS
96,2.343200,853.533626
96,2.115334,945.477142
96,2.060686,970.550516
96,2.113409,946.338386
96,2.267148,882.165475
