n_threads,Time,GFLOPS
22,2.447458,817.174233
22,2.446387,817.532082
22,2.462415,812.210721
22,2.432580,822.172315
22,2.433427,821.886197
