n_threads,Time,GFLOPS
40,2.726057,733.660321
40,2.734430,731.413840
40,2.726577,733.520395
40,2.725496,733.811379
40,2.715791,736.433561
