n_threads,Time,GFLOPS
58,3.271396,611.359887
58,3.305568,605.039716
58,3.222789,620.580471
58,3.149347,635.052287
58,3.170237,630.867663
