n_threads,Time,GFLOPS
82,3.882472,515.135707
82,3.799142,526.434671
82,3.784155,528.519573
82,3.961474,504.862640
82,4.166385,480.032473
