n_threads,Time,GFLOPS
54,1.581696,1264.465577
54,1.639472,1219.905282
54,1.601910,1248.509886
54,1.591398,1256.756982
54,1.622493,1232.670632
