n_threads,Time,GFLOPS
58,3.279251,609.895340
58,3.234137,618.402915
58,3.168488,631.215969
58,3.208788,623.288216
58,3.273378,610.989714
