n_threads,Time,GFLOPS
66,1.729209,1156.598068
66,1.816393,1101.083383
66,1.778887,1124.298334
66,1.703889,1173.785683
66,1.749296,1143.317320
