n_threads,Time,GFLOPS
86,2.050921,975.171459
86,2.312455,864.881708
86,1.947484,1026.966070
86,2.271252,880.571669
86,2.138147,935.389498
