n_threads,Time,GFLOPS
16,1.463862,1366.248914
16,1.444100,1384.946099
16,1.472764,1357.990539
16,1.457379,1372.326586
16,,
