n_threads,Time,GFLOPS
38,1.357530,1473.263969
38,1.337516,1495.309762
38,1.358028,1472.723576
38,1.312733,1523.538847
38,1.312768,1523.498930
