n_threads,Time,GFLOPS
52,2.949424,678.098501
52,2.972829,672.759801
52,2.953920,677.066447
52,2.944746,679.175629
52,2.919793,684.979954
