n_threads,Time,GFLOPS
18,2.769266,722.213068
18,2.769583,722.130395
18,2.775631,720.556831
18,2.789692,716.924960
18,2.798033,714.787804
