n_threads,Time,GFLOPS
124,2.694992,742.117354
124,2.567090,779.092335
124,2.581030,774.884511
124,2.406485,831.087735
124,2.461181,812.618067
