n_threads,Time,GFLOPS
16,2.887397,692.665496
16,2.863594,698.422949
16,2.869838,696.903338
16,2.896806,690.415556
16,2.864066,698.307979
