n_threads,Time,GFLOPS
90,2.314605,864.078373
90,1.994112,1002.952753
90,2.133648,937.361528
90,2.076319,963.243182
90,2.061103,970.354210
