n_threads,Time,GFLOPS
96,2.154374,928.343800
96,2.226498,898.271520
96,2.072929,964.818358
96,2.182181,916.514129
96,2.040541,980.132318
