n_threads,Time,GFLOPS
76,1.870595,1069.178450
76,1.905667,1049.501088
76,2.031631,984.430870
76,2.098025,953.277682
76,2.122862,942.124580
