n_threads,Time,GFLOPS
44,1.471579,1359.084638
44,1.455205,1374.377236
44,1.438438,1390.397329
44,1.438955,1389.897299
44,1.436180,1392.583554
