n_threads,Time,GFLOPS
46,2.833665,705.799759
46,2.876837,695.207987
46,2.877395,695.073092
46,2.876956,695.179213
46,2.892465,691.451758
