n_threads,Time,GFLOPS
26,1.548357,1291.692062
26,1.500578,1332.819618
26,1.536372,1301.767706
26,1.533921,1303.848150
26,1.495442,1337.397011
