n_threads,Time,GFLOPS
28,0.945527,2115.221454
28,1.530577,1306.696590
28,1.561729,1280.631981
28,1.556548,1284.894700
28,1.529801,1307.359589
