n_threads,Time,GFLOPS
94,4.343452,460.463249
94,4.158853,480.901853
94,4.235589,472.189354
94,3.873790,516.290278
94,3.975506,503.080614
