n_threads,Time,GFLOPS
72,1.750047,1142.826217
72,1.948938,1026.199931
72,1.926013,1038.414794
72,2.042244,979.314927
72,2.073628,964.493293
