n_threads,Time,GFLOPS
94,2.051733,974.785907
94,2.213964,903.357252
94,2.097657,953.444927
94,2.063835,969.069885
94,2.095194,954.565531
