n_threads,Time,GFLOPS
78,3.642304,549.103049
78,3.589137,557.236968
78,3.746792,533.789917
78,3.848356,519.702436
78,3.560127,561.777743
