n_threads,Time,GFLOPS
34,1.274305,1569.482743
34,1.249942,1600.073748
34,1.261322,1585.637627
34,1.253456,1595.588910
34,1.244459,1607.124410
