n_threads,Time,GFLOPS
22,1.411366,1417.066711
22,1.414377,1414.050154
22,1.401175,1427.373865
22,1.384613,1444.446783
22,1.421479,1406.984814
