n_threads,Time,GFLOPS
10,4.433718,451.088714
10,4.419488,452.541111
10,4.442813,450.165273
10,4.431199,451.345059
10,4.424565,452.021788
