n_threads,Time,GFLOPS
66,1.808319,1105.999566
66,1.851644,1080.121376
66,1.750592,1142.470597
66,1.794427,1114.562221
66,2.059739,970.996889
