n_threads,Time,GFLOPS
100,4.551676,439.398616
100,4.193214,476.961117
100,4.394656,455.098198
100,4.456646,448.767961
100,4.483859,446.044383
