n_threads,Time,GFLOPS
28,2.512984,795.866492
28,2.531053,790.184887
28,2.525738,791.847812
28,2.550315,784.216723
28,2.561404,780.821802
