n_threads,Time,GFLOPS
90,4.016404,497.957890
90,3.743602,534.244885
90,3.951607,506.123183
90,4.276278,467.696415
90,4.203939,475.744278
