n_threads,Time,GFLOPS
12,3.731556,535.969481
12,3.743890,534.203769
12,3.729301,536.293495
12,3.731921,535.917007
12,3.731027,536.045417
