n_threads,Time,GFLOPS
52,2.949622,678.053027
52,3.141635,636.611292
52,2.984596,670.107554
52,3.073147,650.798716
52,2.964665,674.612489
