n_threads,Time,GFLOPS
98,3.958793,505.204490
98,4.338660,460.971828
98,4.011820,498.526844
98,4.032789,495.934736
98,3.463611,577.432078
