n_threads,Time,GFLOPS
112,2.197593,910.086426
112,2.304208,867.977080
112,2.321365,861.562055
112,2.467281,810.608959
112,2.183702,915.875858
