n_threads,Time,GFLOPS
68,3.405215,587.334352
68,3.411552,586.243481
68,3.698287,540.790934
68,3.405004,587.370780
68,3.476234,575.335212
