n_threads,Time,GFLOPS
126,4.447820,449.658513
126,4.846112,412.701946
126,5.468776,365.712550
126,5.261632,380.110182
126,4.849470,412.416223
