n_threads,Time,GFLOPS
20,1.331722,1501.815419
20,1.359356,1471.285448
20,1.334102,1499.135288
20,1.335699,1497.343305
20,1.334621,1498.552597
