n_threads,Time,GFLOPS
110,4.664765,428.746165
110,5.334087,374.947009
110,4.487963,445.636459
110,4.314252,463.579779
110,4.777941,418.590325
