n_threads,Time,GFLOPS
106,4.413346,453.170874
106,4.514080,443.058134
106,4.594319,435.320271
106,4.256953,469.819586
106,4.132648,483.951176
