n_threads,Time,GFLOPS
64,3.283516,609.103248
64,3.310362,604.163614
64,3.281708,609.438708
64,3.289083,608.072171
64,3.322601,601.938049
