n_threads,Time,GFLOPS
84,3.751209,533.161405
84,3.650939,547.804336
84,3.902083,512.546812
84,4.154264,481.433047
84,4.192761,477.012600
