n_threads,Time,GFLOPS
50,1.509043,1325.343224
50,1.507184,1326.978178
50,1.536894,1301.326176
50,1.529009,1308.037164
50,1.550325,1290.051762
