n_threads,Time,GFLOPS
70,1.749115,1143.435193
70,1.790121,1117.242928
70,1.884689,1061.182814
70,1.897698,1053.908561
70,1.745553,1145.768946
