n_threads,Time,GFLOPS
80,2.068498,966.885315
80,2.208220,905.706747
80,1.928711,1036.961899
80,2.180454,917.240274
80,2.080906,961.119791
