n_threads,Time,GFLOPS
4,5.339787,374.546782
4,5.392644,370.875566
4,5.295801,377.657685
4,5.310102,376.640616
4,5.461580,366.194384
