n_threads,Time,GFLOPS
68,3.266380,612.298706
68,3.655734,547.085727
68,3.250321,615.323821
68,3.873691,516.303426
68,3.533617,565.992308
