n_threads,Time,GFLOPS
122,4.679369,427.408015
122,5.174956,386.476682
122,4.567968,437.831421
122,5.095157,392.529579
122,4.767483,419.508547
