n_threads,Time,GFLOPS
26,1.495212,1337.603252
26,1.490318,1341.995771
26,1.494169,1338.537024
26,1.533525,1304.184859
26,1.491652,1340.795352
