n_threads,Time,GFLOPS
26,2.493995,801.926099
26,2.584122,773.957337
26,2.458003,813.668726
26,2.529237,790.752212
26,2.456697,814.101346
