n_threads,Time,GFLOPS
6,3.706858,539.540444
6,3.735960,535.337708
6,3.710181,539.057195
6,3.643094,548.983974
6,3.701824,540.274218
