n_threads,Time,GFLOPS
98,2.137369,935.729752
98,2.257262,886.029267
98,2.172252,920.703440
98,2.207343,906.066763
98,2.214855,902.993682
