n_threads,Time,GFLOPS
56,3.136158,637.723039
56,3.144701,635.990475
56,3.098530,645.467275
56,3.172230,630.471379
56,3.121552,640.707025
