n_threads,Time,GFLOPS
92,2.270556,880.841563
92,2.164022,924.205015
92,2.379567,840.488882
92,2.093878,955.165388
92,2.127856,939.913072
