n_threads,Time,GFLOPS
4,11.046871,181.046744
4,10.973115,182.263649
4,11.057533,180.872178
4,11.071152,180.649672
4,11.056867,180.883060
