n_threads,Time,GFLOPS
46,1.449859,1379.444606
46,1.453969,1375.545420
46,1.449143,1380.125764
46,1.448458,1380.779170
46,1.430696,1397.921172
