n_threads,Time,GFLOPS
100,2.108733,948.436920
100,2.190506,913.031120
100,2.156438,927.455562
100,2.232607,895.813536
100,2.039092,980.828566
