n_threads,Time,GFLOPS
76,1.929026,1036.792882
76,1.923497,1039.773125
76,1.953451,1023.828878
76,1.864944,1072.418547
76,1.886940,1059.916995
