n_threads,Time,GFLOPS
112,4.630977,431.874276
112,4.707767,424.829833
112,4.504142,444.035697
112,4.132115,484.013646
112,4.390850,455.492683
