n_threads,Time,GFLOPS
36,1.331582,1501.972554
36,1.328537,1505.415350
36,1.322552,1512.227750
36,1.320501,1514.576162
36,1.329108,1504.768698
