size,threads,time
10000,1,315.697905
10000,1,315.787906
10000,1,315.687581
10000,1,315.576722
10000,1,315.565061
10000,2,311.770443
10000,2,311.721737
10000,2,311.787143
10000,2,311.834057
10000,2,311.873338
10000,4,323.461377
10000,4,323.489443
10000,4,323.416664
10000,4,323.408799
10000,4,323.380183
10000,8,346.738771
10000,8,348.026768
10000,8,346.668154
10000,8,346.637024
10000,8,346.610694
