size,threads,time
10000,16,380.209603
10000,16,382.209536
10000,16,380.435211
10000,16,379.662221
10000,16,380.894890
10000,32,445.658228
10000,32,461.719076
10000,32,465.846014
10000,32,450.507628
10000,32,460.806081
10000,64,485.719639
10000,64,489.395695
10000,64,479.337697
10000,64,495.783095
10000,64,467.655165
