size,processes,time
10000,8,515.513235
10000,8,515.469023
10000,8,515.460499
10000,8,515.389008
10000,8,515.474697
10000,16,491.099029
10000,16,491.102689
10000,16,491.030901
10000,16,491.040411
10000,16,491.038867
