size,processes,time
10000,1,310.892160
10000,1,310.393378
10000,1,310.338466
10000,1,310.323326
10000,1,310.326606
10000,2,310.800010
10000,2,310.898193
10000,2,310.915129
10000,2,310.860964
10000,2,310.858724
10000,4,311.062800
10000,4,310.882795
10000,4,310.943249
10000,4,310.905025
10000,4,310.898597
