size,processes,time
10000,8,312.922602
10000,8,313.280640
10000,8,313.120271
10000,8,313.181987
10000,8,313.305794
10000,16,312.767050
10000,16,312.820460
10000,16,312.849635
10000,16,312.863081
10000,16,312.910389
