size,processes,time
10000,1,309.908774
10000,1,309.921947
10000,1,309.933814
10000,1,309.888518
10000,1,309.918108
14142,2,805.544921
14142,2,805.540183
14142,2,805.680448
14142,2,805.577064
14142,2,805.408258
17320,3,1233.066892
17320,3,1220.845914
17320,3,1210.535112
17320,3,1233.724675
17320,3,1225.129874
20000,4,1617.194966
20000,4,1617.748876
20000,4,1617.722912
20000,4,1615.455682
20000,4,1616.328401
