size,processes,time
20000,4,1617.194966
20000,4,1617.748876
20000,4,1617.722912
20000,4,1615.455682
20000,4,1616.328401

