size,processes,time
17320,3,1233.066892
17320,3,1220.845914
17320,3,1210.535112
17320,3,1233.724675
17320,3,1225.129874
