Size,Time,GFLOPS
8000,2.322167,440.967395
8000,2.342970,437.052117
8000,2.302109,444.809443
8000,2.328046,439.853825
8000,2.310930,443.111654
