Size,Time,GFLOPS
4000,0.135422,945.190186
4000,0.136340,938.829142
4000,0.135396,945.372890
4000,0.136439,938.151560
4000,0.135417,945.229531
