Size,Time,GFLOPS
14000,5.780012,949.479025
14000,5.719506,959.523442
14000,5.745693,955.150305
14000,5.731272,957.553516
14000,5.728641,957.993421
