Size,Time,GFLOPS
9000,3.371137,432.495083
9000,3.376467,431.812293
9000,3.399069,428.940972
9000,3.386620,430.517712
9000,3.406511,428.003906
