Size,Time,GFLOPS
16000,8.465516,967.690560
16000,8.483360,965.655089
16000,8.455410,968.847161
16000,8.559618,957.052004
16000,8.532841,960.055409
