Size,Time,GFLOPS
20000,38.044844,420.556332
20000,38.066642,420.315508
20000,37.982846,421.242793
20000,37.986435,421.202989
20000,37.888480,422.291949
