Size,Time,GFLOPS
7000,0.692193,991.053357
7000,0.692537,990.560544
7000,0.702813,976.077053
7000,0.692392,990.767713
7000,0.691610,991.888683
