Size,Time,GFLOPS
16000,19.449550,421.192257
16000,19.431105,421.592085
16000,19.471442,420.718720
16000,19.411197,422.024454
16000,19.523746,419.591615
