Size,Time,GFLOPS
2000,0.021122,757.508077
2000,0.021009,761.591820
2000,0.021060,759.744411
2000,0.021094,758.494391
2000,0.021361,749.041332
