Size,Time,GFLOPS
15000,16.328923,413.376923
15000,16.441951,410.535211
15000,16.368155,412.386112
15000,16.405077,411.457987
15000,16.344592,412.980628
