Size,Time,GFLOPS
5000,0.260226,960.702181
5000,0.259032,965.132571
5000,0.258145,968.446116
5000,0.258155,968.408838
5000,0.258440,967.344182
