Size,Time,GFLOPS
13000,10.717999,409.964573
13000,10.718377,409.950136
13000,10.738781,409.171210
13000,10.721875,409.816369
13000,10.704866,410.467533
