Size,Time,GFLOPS
20000,16.377803,976.931980
20000,16.341818,979.083244
20000,16.354242,978.339423
20000,16.420373,974.399298
20000,16.376808,976.991383
