Size,Time,GFLOPS
17000,22.837501,430.257229
17000,22.987744,427.445170
17000,22.970433,427.767290
17000,22.928042,428.558182
17000,23.011943,426.995678
