Size,Time,GFLOPS
13000,2.710678,1620.996692
13000,2.710218,1621.271681
13000,2.710619,1621.031924
13000,2.712566,1619.868426
13000,2.713739,1619.168228
