Size,Time,GFLOPS
2000,0.455271,35.143914
2000,0.027492,581.995765
2000,0.026670,599.922715
2000,0.026482,604.176422
2000,0.026760,597.906408
