Size,Time,GFLOPS
10000,2.439399,819.874171
10000,2.439330,819.897351
10000,2.441106,819.300825
10000,2.441631,819.124753
10000,2.439469,819.850406
