Size,Time,GFLOPS
5000,0.314175,795.734243
5000,0.315183,793.190376
5000,0.313959,796.283278
5000,0.314954,793.767271
5000,0.314742,794.301112
