Size,Time,GFLOPS
6000,0.530121,814.908813
6000,0.530064,814.995375
6000,0.529820,815.371375
6000,0.532130,811.831016
6000,0.530174,814.827193
