Size,Time,GFLOPS
6000,0.277623,1556.069832
6000,0.278061,1553.618028
6000,0.284886,1516.396160
6000,0.277914,1554.439046
6000,0.277868,1554.692579
