Size,Time,GFLOPS
9000,0.903586,1613.569990
9000,0.904776,1611.448204
9000,0.903326,1614.035743
9000,0.904924,1611.184981
9000,0.903707,1613.355612
