Size,Time,GFLOPS
13000,5.327367,824.797760
13000,5.323194,825.444315
13000,5.324213,825.286256
13000,5.329687,824.438606
13000,5.324525,825.237958
