Size,Time,GFLOPS
12000,2.147036,1609.660839
12000,2.149092,1608.120886
12000,2.144321,1611.699216
12000,2.144037,1611.912635
12000,2.145059,1611.144604
