Size,Time,GFLOPS
17000,6.044935,1625.493104
17000,6.089117,1613.698782
17000,6.037810,1627.411202
17000,6.038960,1627.101358
17000,6.036915,1627.652488
