Size,Time,GFLOPS
11000,1.641604,1621.584496
11000,1.639263,1623.900580
11000,1.642236,1620.961037
11000,1.640229,1622.943621
11000,1.639635,1623.532226
