Size,Time,GFLOPS
19000,8.459250,1621.656690
19000,8.464818,1620.590163
19000,8.465069,1620.542030
19000,8.459699,1621.570790
19000,8.461847,1621.159097
