Size,Time,GFLOPS
15000,8.191440,824.030942
15000,8.195024,823.670591
15000,8.198718,823.299482
15000,8.193008,823.873241
15000,8.190549,824.120547
