Size,Time,GFLOPS
17000,11.924233,824.036258
17000,11.931838,823.511044
17000,11.927775,823.791513
17000,11.968688,820.975561
17000,11.931308,823.547585
