Size,Time,GFLOPS
7000,0.846331,810.557374
7000,0.845113,811.725638
7000,0.845554,811.302622
7000,0.845809,811.057902
7000,0.845610,811.249024
