Size,Time,GFLOPS
16000,5.027061,1629.580364
16000,5.033999,1627.334375
16000,5.036152,1626.638757
16000,5.033475,1627.503708
16000,5.032664,1627.766248
