Size,Time,GFLOPS
3000,0.040648,1328.469658
3000,0.040022,1349.250727
3000,0.040127,1345.716014
3000,0.040594,1330.255025
3000,0.040980,1317.727374
