Size,Time,GFLOPS
11000,3.236421,822.513506
11000,3.235509,822.745265
11000,3.236641,822.457699
11000,3.239221,821.802484
11000,3.238954,821.870331
