Size,Time,GFLOPS
20000,19.403396,824.597902
20000,19.460120,822.194306
20000,19.457538,822.303411
20000,19.422582,823.783350
20000,19.454201,822.444468
