Size,Time,GFLOPS
14000,3.361950,1632.385825
14000,3.359911,1633.376483
14000,3.360754,1632.967123
14000,3.362299,1632.216749
14000,3.360142,1633.264198
