Size,Time,GFLOPS
7000,0.431805,1588.681713
7000,0.431821,1588.621149
7000,0.431400,1590.172522
7000,0.431874,1588.425246
7000,0.431645,1589.269666
