Size,Time,GFLOPS
14000,6.647210,825.609593
14000,6.651445,825.083856
14000,6.649819,825.285607
14000,6.652910,824.902155
14000,6.647408,825.584912
