Size,Time,GFLOPS
15000,4.195207,1608.978858
15000,4.192156,1610.149944
15000,4.192918,1609.857257
15000,4.194254,1609.344754
15000,4.189397,1611.210455
