Size,Time,GFLOPS
16000,9.931966,824.811533
16000,9.933566,824.678654
16000,9.938069,824.304969
16000,9.972144,821.488330
16000,10.012634,818.166333
