Size,Time,GFLOPS
18000,7.162852,1628.401603
18000,7.165992,1627.688038
18000,7.162741,1628.426880
18000,7.166589,1627.552572
18000,7.161205,1628.776056
