Size,Time,GFLOPS
6000,0.537547,803.650918
6000,0.541480,797.813940
6000,0.540064,799.904911
6000,0.542165,796.805390
6000,0.538686,801.951516
