Size,Time,GFLOPS
19000,17.135844,800.544162
19000,17.134160,800.622835
19000,17.121674,801.206698
19000,17.133814,800.639015
19000,17.130410,800.798094
