Size,Time,GFLOPS
17000,6.071111,1618.484625
17000,6.109737,1608.252554
17000,6.070200,1618.727481
17000,6.070560,1618.631560
17000,6.064793,1620.170660
