Size,Time,GFLOPS
6000,0.279372,1546.323326
6000,0.276911,1560.070200
6000,0.276511,1562.325527
6000,0.277559,1556.428342
6000,0.277510,1556.701018
