Size,Time,GFLOPS
5000,0.325481,768.094424
5000,0.325531,767.976309
5000,0.330114,757.313128
5000,0.324563,770.266080
5000,0.325732,767.503219
