Size,Time,GFLOPS
8000,1.279992,800.004965
8000,1.275586,802.768563
8000,1.280775,799.515924
8000,1.279771,800.143319
8000,1.280842,799.474124
