Size,Time,GFLOPS
7000,0.430756,1592.547088
7000,0.429760,1596.241467
7000,0.429199,1598.326352
7000,0.430199,1594.611237
7000,0.429895,1595.737273
