Size,Time,GFLOPS
14000,3.385296,1621.128773
14000,3.387883,1619.890714
14000,3.383798,1621.846410
14000,3.390683,1618.553054
14000,3.384583,1621.470069
