Size,Time,GFLOPS
19000,8.398597,1633.368068
19000,8.403923,1632.332884
19000,8.393864,1634.288982
19000,8.398344,1633.417201
19000,8.398949,1633.299499
