Size,Time,GFLOPS
16000,10.244655,799.636507
16000,10.230609,800.734319
16000,10.232295,800.602380
16000,10.225714,801.117642
16000,10.222555,801.365189
