Size,Time,GFLOPS
4000,0.082598,1549.667797
4000,0.082618,1549.293915
4000,0.082491,1551.678162
4000,0.082435,1552.739708
4000,0.082865,1544.682301
