Size,Time,GFLOPS
5000,0.164108,1523.386499
5000,0.166510,1501.413671
5000,0.164282,1521.769617
5000,0.163923,1525.102430
5000,0.164993,1515.214796
