Size,Time,GFLOPS
2000,0.056730,282.035863
2000,0.013254,1207.173083
2000,0.014474,1105.460366
2000,0.013768,1162.106693
2000,0.014598,1096.057597
