Size,Time,GFLOPS
17000,12.325048,797.238278
17000,12.280814,800.109828
17000,12.302576,798.694520
17000,12.307991,798.343111
17000,12.337548,796.430565
