Size,Time,GFLOPS
11000,1.655798,1607.684195
11000,1.656365,1607.133549
11000,1.652518,1610.875077
11000,1.655357,1608.112717
11000,1.654963,1608.495581
