Size,Time,GFLOPS
12000,2.131939,1621.059244
12000,2.134290,1619.273717
12000,2.135366,1618.458214
12000,2.134253,1619.301563
12000,2.137190,1617.076820
