Size,Time,GFLOPS
10000,2.493205,802.180293
10000,2.482218,805.731141
10000,2.477192,807.365837
10000,2.487330,804.074892
10000,2.485002,804.828277
