Size,Time,GFLOPS
15000,4.174041,1617.138118
15000,4.203750,1605.709186
15000,4.186861,1612.186156
15000,4.171421,1618.153637
15000,4.184892,1612.944823
