Size,Time,GFLOPS
7000,0.867376,790.891538
7000,0.867402,790.867425
7000,0.868276,790.071722
7000,0.869596,788.872395
7000,0.872592,786.163422
