Size,Time,GFLOPS
13000,5.488942,800.518506
13000,5.486828,800.827012
13000,5.481208,801.648169
13000,5.488875,800.528309
13000,5.491815,800.099733
