n_threads,Time,GFLOPS
8,5.525189,361.978582
8,5.502385,363.478757
8,5.519476,362.353228
8,5.524572,362.018963
8,5.535222,361.322469
