n_threads,Time,GFLOPS
24,1.878541,1064.655849
24,1.874008,1067.231578
24,1.896638,1054.497667
24,1.914410,1044.708129
24,1.890048,1058.173910
