n_threads,Time,GFLOPS
104,1.713669,1167.086413
104,1.705289,1172.821582
104,1.660437,1204.502381
104,1.670055,1197.565476
104,1.720556,1162.414725
