n_threads,Time,GFLOPS
64,1.574888,1269.931441
64,1.547141,1292.706600
64,1.568020,1275.493702
64,1.536686,1301.501727
64,1.561826,1280.552432
