n_threads,Time,GFLOPS
40,1.661352,1203.838874
40,1.655668,1207.971462
40,1.704657,1173.256495
40,1.686177,1186.115214
40,1.653101,1209.847458
