n_threads,Time,GFLOPS
116,1.850800,1080.613542
116,1.868493,1070.381139
116,1.882513,1062.409837
116,1.753844,1140.352501
116,1.870660,1069.141327
