n_threads,Time,GFLOPS
46,3.450422,579.639246
46,3.218591,621.389912
46,3.228513,619.480253
46,3.226272,619.910489
46,3.243268,616.661925
