n_threads,Time,GFLOPS
70,1.854389,1078.522565
70,1.824412,1096.243766
70,1.839219,1087.418220
70,1.828799,1093.614048
70,1.845230,1083.875881
