n_threads,Time,GFLOPS
14,2.949470,678.087920
14,2.885227,693.186260
14,2.901768,689.234957
14,2.857239,699.976517
14,2.908271,687.693803
