n_threads,Time,GFLOPS
110,1.674751,1194.207594
110,1.698560,1177.468019
110,1.683831,1187.767348
110,1.714200,1166.725117
110,1.679192,1191.048786
