n_threads,Time,GFLOPS
62,1.907880,1048.283969
62,,
62,1.852129,1079.838485
62,1.908525,1047.929888
62,1.870838,1069.039364
