n_threads,Time,GFLOPS
82,1.756280,1138.770891
82,1.753721,1140.432465
82,1.763615,1134.034222
82,1.771821,1128.782216
82,1.729419,1156.457439
