n_threads,Time,GFLOPS
120,3.841660,520.608290
120,3.880017,515.461712
120,3.899387,512.901083
120,3.862624,517.782778
120,3.887368,514.486965
