n_threads,Time,GFLOPS
16,2.713716,736.996886
16,2.737879,730.492512
16,2.703335,739.827040
16,2.721648,734.848861
16,2.691621,743.046713
