n_threads,Time,GFLOPS
84,1.723734,1160.272104
84,1.748315,
84,1.704195,1173.574549
84,1.711015,1168.896924
84,1.728723,1156.923659
