n_threads,Time,GFLOPS
30,1.746788,1144.958865
30,1.699094,1177.097977
30,1.741980,1148.118531
30,1.716389,1165.236943
30,1.717595,1164.418999
