n_threads,Time,GFLOPS
56,3.373607,592.837233
56,3.386581,590.566072
56,3.361492,594.973857
56,3.358574,595.490849
56,3.343123,598.242976
