n_threads,Time,GFLOPS
78,1.831386,1092.069136
78,1.770432,1129.667898
78,1.818590,1099.752813
78,1.810975,1104.377200
78,1.765595,1132.762633
