n_threads,Time,GFLOPS
60,1.610491,1241.857505
60,1.617766,1236.272841
60,1.635945,1222.534659
60,1.622546,1232.630909
60,1.660604,1204.381379
