n_threads,Time,GFLOPS
126,1.765598,1132.760450
126,1.783606,1121.323585
126,1.799889,1111.179526
126,1.776457,1125.836454
126,1.741849,1148.205239
