n_threads,Time,GFLOPS
124,3.978404,502.714130
124,3.934588,508.312419
124,3.918983,510.336451
124,3.944679,507.012094
124,3.944653,507.015507
