n_threads,Time,GFLOPS
10,4.490971,445.338033
10,4.440786,450.370679
10,4.501636,444.282901
10,,
10,4.404663,454.064211
