n_threads,Time,GFLOPS
126,4.126004,484.730561
126,3.996867,500.391919
126,4.056702,493.011356
126,3.953904,505.829142
126,4.181646,478.280571
