n_threads,Time,GFLOPS
72,1.818559,1099.771691
72,1.880196,1063.718839
72,1.814830,1102.031866
72,1.824076,1096.445282
72,1.821750,1097.845496
