n_threads,Time,GFLOPS
40,3.370264,593.425379
40,3.412065,586.155350
40,3.381471,591.458621
40,3.388443,590.241677
40,3.384561,590.918557
