n_threads,Time,GFLOPS
96,1.648846,1212.969418
96,1.690777,1182.888344
96,1.642923,1217.342623
96,1.685329,1186.712080
96,1.694795,1180.083604
