n_threads,Time,GFLOPS
70,3.520629,568.080346
70,3.579060,558.805871
70,3.505249,570.572894
70,3.523995,567.537645
70,3.555432,562.519479
