n_threads,Time,GFLOPS
12,4.142581,482.790839
12,4.144048,482.619873
12,4.157057,481.109583
12,4.178962,478.587737
12,4.148556,482.095496
