n_threads,Time,GFLOPS
42,3.219287,621.255654
42,3.239966,617.290458
42,3.262136,613.095198
42,3.236607,617.931121
42,3.207789,623.482500
