n_threads,Time,GFLOPS
122,1.407833,1420.622687
122,1.413342,1415.085364
122,1.408204,1420.248919
122,1.410480,1417.957378
122,1.432206,1396.446680
