n_threads,Time,GFLOPS
72,3.080695,649.204197
72,3.100515,645.054039
72,3.093261,646.566744
72,3.115475,641.956643
72,3.120321,640.959766
