n_threads,Time,GFLOPS
106,1.357146,1473.680603
106,1.361169,1469.325210
106,1.369419,1460.473102
106,1.389085,1439.796812
106,1.378609,1450.737766
