n_threads,Time,GFLOPS
56,1.167304,1713.349800
56,1.158121,1726.935913
56,1.155730,1730.508133
56,1.159747,1724.514257
56,1.126131,1775.993077
