n_threads,Time,GFLOPS
44,2.531035,790.190685
44,2.509272,797.043999
44,2.545023,785.847547
44,2.598210,769.760720
44,2.541053,787.075336
