n_threads,Time,GFLOPS
104,3.055304,654.599378
104,2.826976,707.469693
104,3.067649,651.964976
104,3.069573,651.556354
104,2.848740,702.064813
