n_threads,Time,GFLOPS
126,1.441371,1387.567969
126,1.444022,1385.020797
126,1.446623,1382.530466
126,1.463688,1366.411776
126,1.449159,1380.110512
