n_threads,Time,GFLOPS
90,1.436128,1392.633279
90,1.456751,1372.918006
90,1.493455,1339.176309
90,1.436045,1392.714130
90,1.428433,1400.135794
