n_threads,Time,GFLOPS
74,3.089854,647.279781
74,3.091828,646.866430
74,3.088613,647.539806
74,3.045090,656.794961
74,3.115642,641.922228
