n_threads,Time,GFLOPS
60,2.444011,818.326979
60,2.399704,833.436238
60,,
60,2.472105,809.027052
60,2.423464,825.264891
