n_threads,Time,GFLOPS
20,1.301109,1537.149951
20,1.309964,1526.759942
20,1.327633,1506.440760
20,1.320976,1514.032479
20,1.301116,1537.141443
