n_threads,Time,GFLOPS
88,1.575923,1269.097763
88,1.486845,1345.130085
88,1.463851,1366.259665
88,1.411912,1416.519147
88,1.441654,1387.295403
