n_threads,Time,GFLOPS
80,1.376272,1453.200732
80,1.391758,1437.031527
80,1.382955,1446.178526
80,1.387439,1441.504964
80,1.309404,1527.412420
