n_threads,Time,GFLOPS
42,2.514161,795.493925
42,2.579608,775.311710
42,2.585555,773.528433
42,2.585478,773.551356
42,2.601564,768.768262
