n_threads,Time,GFLOPS
118,1.403127,1425.388036
118,1.396136,1432.525591
118,1.447655,1381.544311
118,1.414205,1414.222393
118,1.414098,1414.328688
