n_threads,Time,GFLOPS
26,1.446356,1382.785551
26,1.497614,1335.457621
26,1.468599,1361.841715
26,1.478788,1352.458681
26,1.444677,1384.392537
