n_threads,Time,GFLOPS
10,4.436138,450.842583
10,4.433687,451.091877
10,4.425029,451.974418
10,4.434485,451.010624
10,4.428791,451.590487
