n_threads,Time,GFLOPS
122,2.928781,682.878013
122,3.037396,658.458651
122,3.038956,658.120686
122,3.136039,637.747145
122,2.979454,671.263924
