n_threads,Time,GFLOPS
90,2.850854,701.544264
90,3.098533,645.466734
90,3.076376,650.115669
90,3.121067,640.806482
90,3.147831,635.358205
