n_threads,Time,GFLOPS
44,1.238769,1614.505952
44,1.102026,1814.838396
44,1.181942,1692.131118
44,1.111640,1799.143656
44,1.186286,1685.934044
