n_threads,Time,GFLOPS
6,3.831589,521.976663
6,3.741904,534.487201
6,3.660451,546.380703
6,3.771727,530.261088
6,3.690765,541.893019
