n_threads,Time,GFLOPS
38,2.536949,788.348418
38,2.553156,783.344190
38,2.547272,785.153677
38,2.553621,783.201501
38,2.552042,783.686264
