n_threads,Time,GFLOPS
4,5.642091,354.478503
4,5.534781,361.351275
4,5.546736,360.572390
4,5.689083,351.550528
4,5.578046,358.548469
