n_threads,Time,GFLOPS
50,1.175180,1701.867054
50,1.168630,1711.405202
50,1.176075,1700.572386
50,1.106505,1807.493290
50,1.162571,1720.325253
