n_threads,Time,GFLOPS
16,1.437101,1391.690731
16,1.419738,1408.710401
16,1.419922,1408.528438
16,1.440289,1388.610527
16,1.426354,1402.176303
