n_threads,Time,GFLOPS
40,1.196286,1671.840806
40,1.202430,1663.299179
40,1.125018,1777.748815
40,1.191623,1678.383691
40,1.595119,1253.825336
