n_threads,Time,GFLOPS
66,1.382599,1446.550623
66,1.355298,
66,1.332693,1500.720822
66,1.360498,1470.049719
66,1.365536,1464.626135
