n_threads,Time,GFLOPS
23,1.168925,1710.973865
23,1.181075,1693.373244
23,1.174929,1702.230637
23,1.167314,1713.335419
23,1.173095,1704.891711
