n_threads,Time,GFLOPS
18,1.382965,1446.167959
18,1.385804,1443.205337
18,1.381400,1447.806981
18,1.384275,1444.799428
18,1.388879,1440.010469
