n_threads,Time,GFLOPS
10,5.360511,373.098741
10,5.374706,372.113399
10,5.418794,369.085836
10,5.369359,372.483918
10,5.453519,366.735708
