n_threads,Time,GFLOPS
8,3.062563,653.047851
8,3.063860,652.771368
8,3.044143,656.999436
8,3.049837,655.772767
8,3.068746,651.731977
