n_threads,Time,GFLOPS
8,3.046014,656.595822
8,3.053466,654.993470
8,3.037079,658.527494
8,3.059585,653.683487
8,3.057292,654.173693
