n_threads,Time,GFLOPS
21,2.721875,734.787471
21,2.717887,735.865893
21,2.713217,737.132432
21,2.717649,735.930217
21,2.714256,736.850086
