n_threads,Time,GFLOPS
3,17.308426,115.550657
3,16.840012,118.764759
3,17.090789,117.022096
3,16.839407,118.769026
3,16.851788,118.681765
