n_threads,Time,GFLOPS
9,6.155627,324.905982
9,6.147904,325.314140
9,6.156849,324.841468
9,6.150359,325.184293
9,6.178861,323.684239
