n_threads,Time,GFLOPS
10,2.430359,822.923552
10,2.452795,815.396272
10,2.458553,813.486682
10,2.434622,821.482802
10,2.434426,821.548946
