n_threads,Time,GFLOPS
24,1.056732,1892.627120
24,1.048108,1908.199430
24,1.050590,1903.691584
24,1.050008,1904.747913
24,1.058610,1889.270454
