n_threads,Time,GFLOPS
23,1.160907,1722.790937
23,1.162443,1720.514933
23,1.158336,1726.615258
23,1.161451,1721.983311
23,1.166832,1714.043198
