n_threads,Time,GFLOPS
23,2.543042,786.459619
23,2.540664,787.195768
23,2.533939,789.284960
23,2.535815,788.701210
23,2.543000,786.472733
