n_threads,Time,GFLOPS
6,8.872498,225.415662
6,8.871343,225.445016
6,8.903338,224.634855
6,8.916431,224.305005
6,8.885326,225.090216
