n_threads,Time,GFLOPS
20,2.837121,704.940029
20,2.853273,700.949371
20,2.840070,704.208016
20,2.842442,703.620411
20,2.840023,704.219651
