n_threads,Time,GFLOPS
19,3.197455,625.497478
19,3.189087,627.138748
19,3.195547,625.870992
19,3.192778,626.413694
19,3.195842,625.813092
