n_threads,Time,GFLOPS
17,3.544657,564.229463
17,3.534473,565.855228
17,3.544625,564.234522
17,3.551131,563.200806
17,3.540125,564.951819
