n_threads,Time,GFLOPS
1,24.124887,82.901944
1,24.120388,82.917406
1,24.128568,82.889297
1,24.325073,82.219691
1,24.127548,82.892799
