n_threads,Time,GFLOPS
15,1.672599,1195.743573
15,1.672519,1195.801223
15,1.671414,1196.591866
15,1.677003,1192.603811
15,1.673275,1195.261037
