n_threads,Time,GFLOPS
4,13.383941,149.432812
4,13.349194,149.821774
4,13.379945,149.477442
4,13.386176,149.407866
4,13.250932,150.932775
