n_threads,Time,GFLOPS
15,3.799844,526.337421
15,3.809761,524.967273
15,3.806299,525.444814
15,3.796580,526.789964
15,3.809168,525.049045
