n_threads,Time,GFLOPS
16,1.575423,1269.500685
16,1.556090,1285.273106
16,1.558649,1283.162714
16,1.572609,1271.772309
16,1.557479,1284.126724
