n_threads,Time,GFLOPS
5,11.030510,181.315287
5,10.915615,183.223752
5,10.928823,183.002327
5,11.056707,180.885678
5,10.918577,183.174061
