n_threads,Time,GFLOPS
21,1.231303,1624.296112
21,1.227652,1629.126781
21,1.236999,1616.815902
21,1.225393,1632.129878
21,1.225779,1631.615042
