n_threads,Time,GFLOPS
4,6.146503,325.388266
4,6.139565,325.755977
4,6.219519,321.568250
4,6.143911,325.525533
4,6.160800,324.633159
