n_threads,Time,GFLOPS
21,2.729302,732.788122
21,2.747722,727.875771
21,2.727034,733.397664
21,2.738294,730.381803
21,2.751548,726.863629
