n_threads,Time,GFLOPS
5,4.900405,408.129496
5,4.905717,407.687608
5,4.943748,404.551389
5,4.897730,408.352473
5,4.904452,407.792789
