n_threads,Time,GFLOPS
9,2.702074,740.172258
9,2.697436,741.444765
9,2.717392,735.999689
9,2.700695,740.550084
9,2.696909,741.589681
