n_threads,Time,GFLOPS
7,3.501571,571.172192
7,3.492322,572.684874
7,3.508996,569.963647
7,3.486690,573.609964
7,3.505103,570.596719
