n_threads,Time,GFLOPS
14,1.860500,1074.979885
14,1.861963,1074.135379
14,1.873486,1067.528944
14,1.858847,1075.935564
14,1.869315,1069.910799
