n_threads,Time,GFLOPS
14,3.870352,516.748805
14,3.884497,514.867156
14,3.888250,514.370257
14,3.887241,514.503677
14,3.895354,513.432158
