n_threads,Time,GFLOPS
17,1.564105,1278.686709
17,1.564040,1278.739531
17,1.560662,1281.507471
17,1.573446,1271.095798
17,1.561658,1280.690165
