n_threads,Time,GFLOPS
22,1.179400,1695.777776
22,1.185329,1687.294600
22,1.182215,1691.739939
22,1.179919,1695.031710
22,1.181210,1693.179387
