n_threads,Time,GFLOPS
10,2.462454,812.198064
10,2.442448,818.850532
10,2.440678,819.444284
10,2.441987,819.005254
10,2.441642,819.121059
