n_threads,Time,GFLOPS
13,2.043347,978.786255
13,2.084697,959.371826
13,2.027750,986.314812
13,2.026243,987.048568
13,2.023394,988.438148
