n_threads,Time,GFLOPS
3,16.824211,118.876302
3,16.877733,118.499329
3,16.888211,118.425807
3,16.799426,119.051685
3,16.842575,118.746687
