n_threads,Time,GFLOPS
1,23.962609,83.463367
1,23.933614,83.564481
1,23.846925,83.868255
1,23.838997,83.896149
1,23.976335,83.415585
