n_threads,Time,GFLOPS
3,8.229676,243.022928
3,8.228311,243.063252
3,8.227161,243.097221
3,8.346174,239.630756
3,8.232821,242.930086
