n_threads,Time,GFLOPS
19,1.449199,1380.072461
19,1.451698,1377.696679
19,1.451099,1378.265770
19,1.452900,1376.557510
19,1.454875,1374.688118
