n_threads,Time,GFLOPS
19,1.419261,1409.184211
19,1.405277,1423.206850
19,1.403508,1425.000434
19,1.407483,1420.976766
19,1.407510,1420.949528
