n_threads,Time,GFLOPS
7,7.864906,254.294210
7,7.866585,254.239924
7,7.852008,254.711916
7,7.848218,254.834923
7,7.779209,257.095547
