n_threads,Time,GFLOPS
14,1.813830,1102.638898
14,1.809706,1105.152051
14,1.811020,1104.349829
14,1.811960,1103.777362
14,1.810295,1104.792013
