n_threads,Time,GFLOPS
17,3.573350,559.698845
17,3.577909,558.985776
17,3.602343,555.194157
17,3.561765,561.519419
17,3.638026,549.748642
