n_threads,Time,GFLOPS
10,5.273560,379.250473
10,5.260332,380.204169
10,5.300575,377.317588
10,5.312779,376.450800
10,5.244130,381.378791
