n_threads,Time,GFLOPS
16,3.521084,568.006938
16,3.538152,565.266919
16,3.537611,565.353318
16,3.542736,564.535369
16,3.548911,563.553144
