n_threads,Time,GFLOPS
22,2.544129,786.123780
22,2.540642,787.202502
22,2.532144,789.844542
22,2.537581,788.152169
22,2.537582,788.151809
