n_threads,Time,GFLOPS
20,1.247026,1603.815648
20,1.251585,1597.974215
20,1.246305,1604.743378
20,1.257761,1590.127130
20,1.255599,1592.865767
