n_threads,Time,GFLOPS
4,6.168335,324.236630
4,6.150757,325.163218
4,6.151382,325.130209
4,6.161641,324.588831
4,6.155542,324.910449
