n_threads,Time,GFLOPS
9,2.700249,740.672557
9,2.707464,738.698635
9,2.734621,731.362712
9,2.700596,740.577180
9,2.692359,742.842929
