n_threads,Time,GFLOPS
22,2.573595,777.123117
22,2.563181,780.280435
22,2.571670,777.704724
22,2.566722,779.203923
22,2.568950,778.528065
