n_threads,Time,GFLOPS
17,1.594127,1254.605062
17,1.598392,1251.257185
17,1.594334,1254.442140
17,1.594445,1254.355004
17,1.607816,1243.923278
