n_threads,Time,GFLOPS
18,1.401790,1426.747540
18,1.388666,1440.231308
18,1.388349,1440.560032
18,1.389142,1439.738106
18,1.387916,1441.009110
