n_threads,Time,GFLOPS
12,4.694017,426.074328
12,4.713675,424.297392
12,4.709253,424.695818
12,4.693478,426.123191
12,4.694991,425.985877
