n_threads,Time,GFLOPS
24,2.392929,835.795857
24,2.397942,834.048620
24,2.425114,824.703531
24,2.405090,831.569666
24,2.391056,836.450516
