n_threads,Time,GFLOPS
2,25.580838,78.183522
2,25.700835,77.818483
2,25.842432,77.392096
2,25.695400,77.834943
2,25.726790,77.739976
