n_threads,Time,GFLOPS
12,2.046542,977.258390
12,2.060746,970.522407
12,2.044809,978.086515
12,2.047161,976.962713
12,2.028542,985.929671
