n_threads,Time,GFLOPS
6,4.127953,484.501638
6,4.125161,484.829538
6,4.092777,488.665726
6,4.097970,488.046474
6,4.087753,489.266363
