n_threads,Time,GFLOPS
23,2.581770,774.662481
23,2.590951,771.917194
23,2.585112,773.660730
23,2.580040,775.181712
23,2.592705,771.395004
