n_threads,Time,GFLOPS
11,2.214873,902.986216
11,2.228754,897.362484
11,2.215441,902.754969
11,2.219650,901.042816
11,2.215953,902.546307
