n_threads,Time,GFLOPS
18,3.159789,632.953701
18,3.170044,630.906030
18,3.150390,634.841990
18,3.151155,634.687846
18,3.163916,632.127952
