n_threads,Time,GFLOPS
1,49.894841,40.084305
1,50.039909,39.968098
1,49.947699,40.041884
1,50.052824,39.957785
1,49.825175,40.140351
