n_threads,Time,GFLOPS
8,6.891522,290.211665
8,6.914086,289.264544
8,6.913429,289.292039
8,6.908755,289.487738
8,6.900726,289.824589
