n_threads,Time,GFLOPS
24,2.436186,820.955429
24,2.442950,818.682220
24,2.418768,826.867136
24,2.430361,822.922875
24,2.425532,824.561432
