n_threads,Time,GFLOPS
13,4.667551,428.490228
13,4.709251,424.696010
13,4.682987,427.077831
13,4.718540,423.859881
13,4.714259,424.244802
