n_threads,Time,GFLOPS
15,1.722836,1160.876611
15,1.710893,1168.979967
15,1.710818,1169.031556
15,1.709696,1169.798754
15,1.708376,1170.702326
