n_threads,Time,GFLOPS
4,13.026692,153.530921
4,13.148815,152.104965
4,13.170316,151.856644
4,13.000355,153.841949
4,13.072245,152.995914
