n_threads,Time,GFLOPS
7,3.517743,568.546290
7,3.508849,569.987550
7,3.479026,574.873468
7,3.476319,575.321145
7,3.493399,572.508399
