n_threads,Time,GFLOPS
13,2.046663,977.200624
13,2.043256,978.829836
13,2.045493,977.759302
13,2.048734,976.212715
13,2.041051,979.887498
