n_threads,Time,GFLOPS
24,1.055633,1894.597689
24,1.052593,1900.068764
24,1.048663,1907.189870
24,1.060535,1885.840121
24,1.056026,1893.892742
