n_threads,Time,GFLOPS
9,6.149517,325.228807
9,6.188789,323.164993
9,6.091247,328.339998
9,6.211931,321.961054
9,6.180829,323.581187
