n_threads,Time,GFLOPS
13,4.697596,425.749719
13,4.718502,423.863358
13,4.683030,427.073902
13,4.711035,424.535126
13,4.720684,423.667396
