n_threads,Time,GFLOPS
11,4.931484,405.557405
11,4.942432,404.659076
11,4.996024,400.318339
11,4.967188,402.642312
11,4.905285,407.723479
