n_threads,Time,GFLOPS
2,12.526592,159.660346
2,12.532560,159.584318
2,12.522235,159.715895
2,12.525184,159.678287
2,12.525839,159.669945
