n_threads,Time,GFLOPS
11,2.658350,752.346430
11,2.656914,752.753108
11,2.659691,751.966975
11,2.658483,752.308766
11,2.657687,752.534081
