n_threads,Time,GFLOPS
24,1.284715,1556.765154
24,1.286124,1555.060094
24,1.285426,1555.904159
24,1.286358,1554.777112
24,1.286865,1554.164104
