n_threads,Time,GFLOPS
8,3.647878,548.264016
8,3.647709,548.289365
8,3.655516,547.118314
8,3.647200,548.365920
8,3.655569,547.110433
