n_threads,Time,GFLOPS
17,1.768408,1130.960748
17,1.768750,1130.742233
17,1.770127,1129.862272
17,1.768636,1130.814689
17,1.768066,1131.179481
