n_threads,Time,GFLOPS
11,1.354727,1476.311773
11,1.355076,1475.931845
11,1.355384,1475.597122
11,1.354738,1476.300608
11,1.354711,1476.329402
