n_threads,Time,GFLOPS
12,1.243979,1607.743582
12,1.245177,1606.196974
12,1.244998,1606.428729
12,1.244273,1607.363676
12,1.244756,1606.740894
