n_threads,Time,GFLOPS
18,0.845143,2366.463368
18,0.847012,2361.241220
18,0.846231,2363.421458
18,0.846899,2361.557519
18,0.844298,2368.832503
