n_threads,Time,GFLOPS
9,3.241961,616.910610
9,3.241716,616.957108
9,3.241132,617.068328
9,3.239633,617.353923
9,3.242476,616.812560
