n_threads,Time,GFLOPS
21,1.451181,1378.187878
21,1.451124,1378.242029
21,1.448501,1380.737693
21,1.450606,1378.733693
21,1.452591,1376.850022
