n_threads,Time,GFLOPS
20,0.767682,2605.246606
20,0.768263,2603.276495
20,0.768081,2603.893671
20,0.767157,2607.026670
20,0.767639,2605.392517
