n_threads,Time,GFLOPS
19,0.805949,2481.547917
19,0.806170,2480.866706
19,0.806852,2478.769679
19,0.804276,2486.708750
19,0.805040,2484.349733
