n_threads,Time,GFLOPS
19,0.806022,2481.320914
19,0.806214,2480.731412
19,0.804636,2485.596654
19,0.805570,2482.713992
19,0.806232,2480.676270
