n_threads,Time,GFLOPS
22,0.701701,2850.215141
22,0.701860,2849.571797
22,0.702666,2846.303892
22,0.703773,2841.825685
22,0.702521,2846.890181
