n_threads,Time,GFLOPS
6,2.494190,801.863531
6,2.493377,802.124992
6,2.494271,801.837609
6,2.494550,801.747962
6,2.495915,801.309421
