n_threads,Time,GFLOPS
7,2.139898,934.624023
7,2.141129,934.086683
7,2.138057,935.428886
7,2.139636,934.738354
7,2.141123,934.089194
