n_threads,Time,GFLOPS
15,1.992044,1003.994063
15,1.989295,1005.381407
15,1.990926,1004.557891
15,1.994248,1002.884287
15,1.991515,1004.260813
