n_threads,Time,GFLOPS
16,1.873299,1067.635110
16,1.876068,1066.059236
16,1.873210,1067.685923
16,1.875562,1066.347060
16,1.878069,1064.923596
