n_threads,Time,GFLOPS
23,1.339154,1493.480653
23,1.343402,1488.757653
23,1.342503,1489.754639
23,1.341240,1491.157909
23,1.345059,1486.923685
