n_threads,Time,GFLOPS
15,1.003019,1993.980534
15,1.005778,1988.510049
15,1.006454,1987.174932
15,1.006657,1986.773613
15,1.006201,1987.674316
