n_threads,Time,GFLOPS
18,0.845902,2364.341156
18,0.845961,2364.175038
18,0.847033,2361.183434
18,0.846721,2362.053559
18,0.847223,2360.653793
