n_threads,Time,GFLOPS
23,0.675042,2962.779793
23,0.675938,2958.850958
23,0.675887,2959.073316
23,0.675381,2961.293307
23,0.675083,2962.599766
