n_threads,Time,GFLOPS
5,2.991737,668.508034
5,2.995358,667.699712
5,2.992479,668.342312
5,2.994353,667.923907
5,2.994268,667.942812
