n_threads,Time,GFLOPS
22,1.379013,1450.313137
22,1.377008,1452.424010
22,1.379194,1450.122701
22,1.377259,1452.159693
22,1.376894,1452.544744
