n_threads,Time,GFLOPS
24,0.648712,3083.029905
24,0.649276,3080.353795
24,0.648088,3086.000843
24,0.648533,3083.883953
24,0.649392,3079.804414
