n_threads,Time,GFLOPS
7,4.172602,479.317235
7,4.173439,479.221118
7,4.171665,479.424936
7,4.170027,479.613153
7,4.171625,479.429468
