n_threads,Time,GFLOPS
12,2.439864,819.717801
12,2.439927,819.696804
12,2.438892,820.044654
12,2.440606,819.468768
12,2.439171,819.950585
