n_threads,Time,GFLOPS
1,14.962434,133.668090
1,14.886283,134.351875
1,14.890040,134.317970
1,14.889238,134.325211
1,14.882872,134.382667
