n_threads,Time,GFLOPS
16,0.947636,2110.515872
16,0.946750,2112.490113
16,0.945368,2115.577498
16,0.946880,2112.200059
16,0.947751,2110.258691
