n_threads,Time,GFLOPS
22,1.390790,1438.031820
22,1.392923,1435.830035
22,1.394288,1434.423645
22,1.392198,1436.577088
22,1.389878,1438.975594
