n_threads,Time,GFLOPS
2,15.284225,130.853869
2,15.200807,131.571963
2,15.200638,131.573426
2,15.391393,129.942758
2,15.279908,130.890844
