n_threads,Time,GFLOPS
9,1.654372,1208.917811
9,1.653626,1209.462994
9,1.653919,1209.248752
9,1.653480,1209.570368
9,1.654083,1209.129356
