n_threads,Time,GFLOPS
1,15.121823,132.259185
1,15.128946,132.196912
1,15.114268,132.325297
1,15.117554,132.296534
1,15.119039,132.283538
