n_threads,Time,GFLOPS
20,1.519156,1316.520694
20,1.520594,1315.275261
20,1.521925,1314.125286
20,1.520237,1315.583921
20,1.520259,1315.565689
