n_threads,Time,GFLOPS
13,2.282962,876.054835
13,2.282703,876.154241
13,2.283641,875.794520
13,2.284347,875.523692
13,2.285458,875.098150
