n_threads,Time,GFLOPS
8,1.869549,1069.776803
8,1.869771,1069.649622
8,1.869869,1069.593605
8,1.868672,1070.278809
8,1.870067,1069.480246
