n_threads,Time,GFLOPS
3,5.056634,395.520024
3,5.052986,395.805581
3,5.055218,395.630832
3,5.061200,395.163193
3,5.128078,390.009677
