n_threads,Time,GFLOPS
21,0.732754,2729.428186
21,0.733843,2725.378407
21,0.733169,2727.882808
21,0.732645,2729.833805
21,0.733237,2727.629834
