n_threads,Time,GFLOPS
5,5.915999,338.066345
5,5.917712,337.968460
5,5.883663,339.924302
5,5.920235,337.824417
5,5.917141,338.001086
