n_threads,Time,GFLOPS
5,5.915924,338.070597
5,5.951538,336.047599
5,5.883476,339.935098
5,5.883121,339.955632
5,5.914312,338.162759
