n_threads,Time,GFLOPS
17,0.894464,2235.975941
17,0.895527,2233.321979
17,0.894970,2234.710839
17,0.894592,2235.655961
17,0.895559,2233.242924
