n_threads,Time,GFLOPS
4,3.778559,529.302264
4,3.780763,528.993800
4,3.778714,529.280558
4,3.777862,529.399960
4,3.781165,528.937467
