n_threads,Time,GFLOPS
10,1.491074,1341.315036
10,1.492756,1339.803601
10,1.491899,1340.573708
10,1.492034,1340.452104
10,1.490530,1341.804516
