n_threads,Time,GFLOPS
8,1.869382,1069.872299
8,1.869144,1070.008721
8,1.869210,1069.971004
8,1.869835,1069.612847
8,1.870100,1069.461367
