n_threads,Time,GFLOPS
10,2.918894,685.191146
10,2.919871,684.961788
10,2.920955,684.707522
10,2.920081,684.912403
10,2.919919,684.950408
