n_threads,Time,GFLOPS
10,1.491501,1340.930991
10,1.490253,1342.054233
10,1.491300,1341.112199
10,1.491781,1340.678943
10,1.492196,1340.306093
