n_threads,Time,GFLOPS
5,2.993578,668.096767
5,2.993860,668.033964
5,2.993975,668.008223
5,2.994750,667.835465
5,2.995365,667.698259
