n_threads,Time,GFLOPS
1,29.922887,66.838470
1,29.913623,66.859171
1,29.918663,66.847906
1,29.902065,66.885013
1,29.968660,66.736384
