n_threads,Time,GFLOPS
14,2.128140,939.787763
14,2.125883,940.785715
14,2.123646,941.776517
14,2.124413,941.436642
14,2.122750,942.174076
