n_threads,Time,GFLOPS
14,1.089352,1835.953378
14,1.088391,1837.574207
14,1.088313,1837.705955
14,1.088318,1837.697453
14,1.089267,1836.096392
