n_threads,Time,GFLOPS
7,2.138644,935.171996
7,2.139826,934.655433
7,2.139558,934.772380
7,2.141390,933.972886
7,2.141097,934.100782
