n_threads,Time,GFLOPS
9,3.239180,617.440245
9,3.238719,617.528068
9,3.238404,617.588230
9,3.239136,617.448685
9,3.239548,617.370101
