n_threads,Time,GFLOPS
2,15.333309,130.434993
2,15.332485,130.442003
2,15.306992,130.659247
2,15.333881,130.430125
2,15.308373,130.647460
