n_threads,Time,GFLOPS
12,1.244299,1607.330133
12,1.245438,1605.860758
12,1.244338,1607.280766
12,1.245368,1605.951617
12,1.245770,1605.433299
