n_threads,Time,GFLOPS
23,0.675808,2959.419223
23,0.674964,2963.118823
23,0.673137,2971.161652
23,0.675281,2961.728725
23,0.674085,2966.984295
