n_threads,Time,GFLOPS
13,1.168388,1711.760268
13,1.169340,1710.366020
13,1.164928,1716.843567
13,1.168552,1711.520321
13,1.168780,1711.186358
