n_threads,Time,GFLOPS
6,4.864393,411.150990
6,4.861899,411.361928
6,4.862529,411.308590
6,4.863641,411.214519
6,4.862938,411.274019
