n_threads,Time,GFLOPS
4,3.781858,528.840618
4,3.780139,529.081034
4,3.778672,529.286482
4,3.780790,528.989921
4,3.780206,529.071719
