n_threads,Time,GFLOPS
19,1.597220,1252.175672
19,1.594002,1254.703428
19,1.591555,1256.632993
19,1.595494,1253.530094
19,1.592633,1255.781896
