n_threads,Time,GFLOPS
18,1.660166,1204.699037
18,1.662582,1202.948147
18,1.661565,1203.684568
18,1.661014,1204.084006
18,1.661412,1203.795095
