n_threads,Time,GFLOPS
11,1.355098,1475.908414
11,1.355593,1475.369339
11,1.354613,1476.436304
11,1.354755,1476.281568
11,1.355125,1475.878809
