n_threads,Time,GFLOPS
8,3.647971,548.249929
8,3.660631,546.353956
8,3.659480,546.525798
8,3.659042,546.591230
8,3.660208,546.416961
