n_threads,Time,GFLOPS
11,2.655932,753.031322
11,2.655585,753.129754
11,2.655890,753.043170
11,2.656440,752.887229
11,2.656919,752.751714
