n_threads,Time,GFLOPS
2,7.727460,258.817264
2,7.725496,258.883070
2,7.727440,258.817926
2,7.729859,258.736924
2,7.725649,258.877925
