n_threads,Time,GFLOPS
3,10.004431,199.911414
3,9.937675,201.254311
3,9.932021,201.368877
3,9.932072,201.367848
3,9.928033,201.449774
