n_threads,Time,GFLOPS
4,7.374855,271.191758
4,7.377134,271.107987
4,7.375901,271.153324
4,7.373876,271.227770
4,7.427539,269.268203
