n_threads,Time,GFLOPS
3,5.056264,395.548952
3,5.052468,395.846121
3,5.054703,395.671114
3,5.052941,395.809076
3,5.130072,389.858096
