n_threads,Time,GFLOPS
16,1.861890,1074.177272
16,1.863370,1073.324140
16,1.862815,1073.643723
16,1.863126,1073.464498
16,1.862401,1073.882563
