n_threads,Time,GFLOPS
2,7.721826,259.006093
2,7.723786,258.940385
2,7.727243,258.824539
2,7.722042,258.998837
2,7.744620,258.243788
