n_threads,Time,GFLOPS
22,0.702281,2847.860873
22,0.703222,2844.050971
22,0.704853,2837.470657
22,0.704348,2839.505048
22,0.703050,2844.746901
