n_threads,Time,GFLOPS
4,7.372551,271.276516
4,7.374109,271.219198
4,7.456995,268.204569
4,7.379855,271.008044
4,7.374649,271.199358
