n_threads,Time,GFLOPS
18,1.669563,1197.918182
18,1.676413,1193.023537
18,1.672332,1195.934915
18,1.674692,1194.249685
18,1.678994,1191.189321
