n_threads,Time,GFLOPS
17,0.892725,2240.331697
17,0.894693,2235.403140
17,0.894112,2236.856958
17,0.893999,2237.139195
17,0.894770,2235.212345
