n_threads,Time,GFLOPS
13,1.167327,1713.316208
13,1.166848,1714.018649
13,1.165869,1715.458036
13,1.167051,1713.720586
13,1.164956,1716.803215
