n_threads,Time,GFLOPS
6,4.874989,410.257303
6,4.932990,405.433587
6,4.917355,406.722700
6,4.952515,403.835195
6,4.899154,408.233758
