n_threads,Time,GFLOPS
9,3.276459,610.415107
9,3.273971,610.879053
9,3.263644,612.811972
9,3.273639,610.940864
9,3.266530,612.270451
