n_threads,Time,GFLOPS
7,4.192068,477.091526
7,4.203957,475.742225
7,4.201130,476.062448
7,4.200511,476.132541
7,4.194560,476.808014
