n_threads,Time,GFLOPS
16,1.948381,1026.493442
16,1.996716,1001.644929
16,1.962285,1019.219715
16,1.979212,1010.503335
16,1.949844,1025.723180
