n_threads,Time,GFLOPS
11,1.351950,1479.344690
11,1.342044,1490.264230
11,1.340321,1492.179549
11,1.340974,1491.452925
11,1.341570,1490.790745
