n_threads,Time,GFLOPS
17,0.892803,2240.136078
17,0.893927,2237.317986
17,0.893508,2238.367625
17,0.894583,2235.678720
17,0.892745,2240.280255
