n_threads,Time,GFLOPS
5,2.949251,678.138302
5,2.949443,678.094220
5,2.944976,679.122772
5,2.946023,678.881373
5,2.952320,677.433419
