n_threads,Time,GFLOPS
10,1.486630,1345.324611
10,1.476310,1354.729044
10,1.477760,1353.399513
10,1.477297,1353.823624
10,1.476744,1354.330825
