n_threads,Time,GFLOPS
12,2.476451,807.607470
12,2.481131,806.084080
12,2.481956,805.816125
12,2.481095,806.095813
12,2.470400,809.585346
