n_threads,Time,GFLOPS
15,2.029341,985.541372
15,2.027103,986.629850
15,2.082447,960.408386
15,2.031574,984.458391
15,2.030967,984.752682
