n_threads,Time,GFLOPS
19,0.792650,2523.182881
19,0.793306,2521.096730
19,0.792943,2522.248642
19,0.792485,2523.707099
19,0.796504,2510.973888
