n_threads,Time,GFLOPS
11,2.685254,744.808590
11,2.676267,747.309714
11,2.672437,748.380540
11,2.670100,749.035557
11,2.675840,747.428973
