n_threads,Time,GFLOPS
2,7.575862,263.996352
2,7.584346,263.701033
2,7.578871,263.891564
2,7.591870,263.439722
2,7.655262,261.258206
