n_threads,Time,GFLOPS
15,0.995373,2009.297580
15,0.997566,2004.878955
15,0.996312,2007.403924
15,0.996466,2007.092080
15,0.995389,2009.264697
