n_threads,Time,GFLOPS
4,3.705735,539.703997
4,3.700315,540.494477
4,3.707803,539.403011
4,3.699884,540.557494
4,3.701278,540.353957
