n_threads,Time,GFLOPS
21,1.527066,1309.701093
21,1.537433,1300.869567
21,1.542897,1296.262954
21,1.538349,1300.095059
21,1.547302,1292.572518
