n_threads,Time,GFLOPS
23,0.689383,2901.143737
23,0.691008,2894.322945
23,0.690238,2897.551170
23,0.693876,2882.357415
23,0.688600,2904.444537
