n_threads,Time,GFLOPS
23,1.442651,1386.336388
23,1.440520,1388.387276
23,1.437120,1391.672690
23,1.450563,1378.775207
23,1.546380,1293.342851
