n_threads,Time,GFLOPS
8,3.670545,544.878257
8,3.674271,544.325615
8,3.667396,545.346053
8,3.670260,544.920532
8,3.667239,545.369403
