n_threads,Time,GFLOPS
15,2.070808,965.806434
15,2.072787,964.884552
15,2.080497,961.308700
15,2.070427,965.984543
15,2.071184,965.631070
