n_threads,Time,GFLOPS
18,0.846806,2361.815730
18,0.842030,2375.212079
18,0.845457,2365.585809
18,0.846087,2363.823938
18,0.846346,2363.098896
