n_threads,Time,GFLOPS
16,1.927757,1037.475412
16,1.911792,1046.138738
16,1.927800,1037.451861
16,1.914104,1044.875173
16,1.914016,1044.923460
