n_threads,Time,GFLOPS
19,0.791466,2526.956511
19,0.792220,2524.551621
19,0.793559,2520.291116
19,0.795999,2512.567464
19,0.793390,2520.828535
