n_threads,Time,GFLOPS
7,2.122800,942.151865
7,2.126745,940.404075
7,2.123072,942.031304
7,2.124925,941.209525
7,2.125949,940.756431
