n_threads,Time,GFLOPS
22,1.481615,1349.878381
22,1.474965,1355.963931
22,1.476348,1354.694124
22,1.481970,1349.554813
22,1.476959,1354.134020
