n_threads,Time,GFLOPS
22,0.725031,2758.501062
22,0.727554,2748.937166
22,0.725809,2755.545831
22,0.723487,2764.387878
22,0.735337,2719.840909
