n_threads,Time,GFLOPS
18,0.842308,2374.427057
18,0.844967,2366.956746
18,0.843148,2372.062596
18,0.846776,2361.899146
18,0.843727,2370.435973
