n_threads,Time,GFLOPS
20,0.786097,2544.214459
20,0.792054,2525.081763
20,0.787050,2541.135511
20,0.784342,2549.909526
20,0.783803,2551.660576
