n_threads,Time,GFLOPS
9,3.268602,611.882463
9,3.276584,610.391745
9,3.276298,610.445062
9,3.266864,612.207915
9,3.273426,610.980654
