n_threads,Time,GFLOPS
1,29.041215,68.867641
1,29.054288,68.836656
1,29.014622,68.930762
1,29.073204,68.791868
1,29.017807,68.923197
