n_threads,Time,GFLOPS
13,1.160961,1722.711406
13,1.161846,1721.398354
13,1.176804,1699.517793
13,1.167402,1713.205899
13,1.163871,1718.403781
