n_threads,Time,GFLOPS
3,4.950669,403.985824
3,4.955899,403.559482
3,5.103096,391.918966
3,5.010304,399.177356
3,4.948320,404.177608
