n_threads,Time,GFLOPS
21,1.513914,1321.078820
21,1.507323,1326.855838
21,1.508575,1325.754830
21,1.512579,1322.244656
21,1.505445,1328.511106
