n_threads,Time,GFLOPS
5,5.990257,333.875502
5,5.875971,340.369285
5,5.906321,338.620284
5,5.871097,340.651819
5,5.875547,340.393815
