n_threads,Time,GFLOPS
20,0.786040,2544.398277
20,0.786116,2544.153313
20,0.786500,2542.910311
20,0.787377,2540.079192
20,0.785550,2545.988071
