n_threads,Time,GFLOPS
17,1.876289,1065.933993
17,1.878131,1064.888446
17,1.872285,1068.213593
17,1.875010,1066.660987
17,1.870788,1069.068324
