n_threads,Time,GFLOPS
14,1.084718,1843.797703
14,1.094975,1826.526239
14,1.088498,1837.394951
14,1.096976,1823.194699
14,1.091473,1832.386092
