n_threads,Time,GFLOPS
9,1.642418,1217.717139
9,1.648751,1213.039220
9,1.646754,1214.510469
9,1.642064,1217.979552
9,1.643597,1216.843204
