n_threads,Time,GFLOPS
23,0.689091,2902.372872
23,0.691170,2893.644592
23,0.690464,2896.604945
23,0.692868,2886.551227
23,0.690654,2895.804231
