n_threads,Time,GFLOPS
4,7.374997,271.186536
4,7.405605,270.065714
4,7.380003,271.002587
4,7.374872,271.191149
4,7.375758,271.158566
