n_threads,Time,GFLOPS
1,14.660438,136.421576
1,14.587727,137.101551
1,14.587129,137.107172
1,14.631819,136.688403
1,14.588129,137.097773
