n_threads,Time,GFLOPS
13,1.154846,1731.832314
13,1.154829,1731.858820
13,1.176804,1699.518185
13,1.156160,1729.864947
13,1.154787,1731.921764
