n_threads,Time,GFLOPS
2,7.571950,264.132738
2,7.583839,263.718662
2,7.579373,263.874073
2,7.576934,263.959011
2,7.572022,264.130240
