n_threads,Time,GFLOPS
1,28.706428,69.670807
1,28.623246,69.873276
1,28.625685,69.867323
1,28.613362,69.897414
1,28.620163,69.880804
