n_threads,Time,GFLOPS
20,1.613956,1239.191415
20,1.600268,1249.790552
20,1.599763,1250.184986
20,1.628317,1228.262051
20,1.598265,1251.357281
