n_threads,Time,GFLOPS
14,2.205757,906.718218
14,2.200810,908.756285
14,2.220448,900.719062
14,2.201701,908.388357
14,2.231796,896.139431
