n_threads,Time,GFLOPS
2,15.042662,132.955190
2,15.003522,133.302035
2,15.091628,132.523805
2,14.878922,134.418342
2,14.727476,135.800595
