n_threads,Time,GFLOPS
3,9.790730,204.274868
3,9.824910,203.564204
3,9.783429,204.427309
3,9.784288,204.409347
3,9.799166,204.099003
