n_threads,Time,GFLOPS
16,0.938749,2130.494097
16,0.937941,2132.329180
16,0.937136,2134.161381
16,0.938905,2130.140055
16,0.938240,2131.649780
