n_threads,Time,GFLOPS
12,1.260245,1586.992929
12,1.259934,1587.384886
12,1.259999,1587.302876
12,1.259045,1588.506105
12,1.260214,1587.032281
