n_threads,Time,GFLOPS
24,0.659594,3032.168181
24,0.660296,3028.942714
24,0.662799,3017.505001
24,0.666620,3000.209902
24,0.659578,3032.240398
