n_threads,Time,GFLOPS
13,2.406351,831.133773
13,2.392438,835.967451
13,2.392689,835.879732
13,2.401407,832.845157
13,2.394008,835.419220
