n_threads,Time,GFLOPS
24,0.658180,3038.684274
24,0.660922,3026.076299
24,0.660869,3026.318804
24,0.659998,3030.314027
24,0.658528,3037.075645
