n_threads,Time,GFLOPS
18,1.786362,1119.594138
18,1.788532,1118.235707
18,1.782451,1122.050492
18,1.769694,1130.138819
18,1.746550,1145.114737
