n_threads,Time,GFLOPS
6,2.474425,808.268619
6,2.474136,808.362969
6,2.473476,808.578799
6,2.475812,807.815898
6,2.476028,807.745163
