n_threads,Time,GFLOPS
2,15.033682,133.034612
2,14.964975,133.645391
2,14.865614,134.538673
2,14.934458,133.918483
2,14.931739,133.942872
