n_threads,Time,GFLOPS
6,4.947985,404.204957
6,4.887799,409.182138
6,4.872740,410.446729
6,4.890854,408.926543
6,4.879926,409.842275
