n_threads,Time,GFLOPS
8,1.853898,1078.807928
8,1.866367,1071.600647
8,1.848716,1081.831977
8,1.847161,1082.742867
8,1.851075,1080.453407
