n_threads,Time,GFLOPS
24,1.492975,1339.607083
24,1.427734,1400.820810
24,1.430571,1398.043270
24,1.445263,1383.831173
24,1.435384,1393.355262
