n_threads,Time,GFLOPS
6,2.474096,808.376117
6,2.472397,808.931657
6,2.473008,808.731599
6,2.472900,808.767095
6,2.473686,808.510160
