n_threads,Time,GFLOPS
17,0.891832,2242.574845
17,0.890857,2245.028688
17,0.894776,2235.195408
17,0.892864,2239.981560
17,0.889118,2249.420948
