n_threads,Time,GFLOPS
11,2.668689,749.431593
11,2.670668,748.876392
11,2.672074,748.482147
11,2.676013,747.380426
11,2.671331,748.690351
