n_threads,Time,GFLOPS
21,0.735759,2718.281364
21,0.734228,2723.951052
21,0.734170,2724.164076
21,0.732962,2728.654069
21,0.736199,2716.656836
