n_threads,Time,GFLOPS
7,2.121817,942.588419
7,2.126627,940.456544
7,2.122007,942.504165
7,2.128878,939.462216
7,2.125345,941.023890
