n_threads,Time,GFLOPS
10,2.963421,674.895700
10,2.950211,677.917616
10,2.958660,675.981659
10,2.952383,677.418991
10,2.950304,677.896169
