n_threads,Time,GFLOPS
12,1.257058,1591.016955
12,1.260430,1586.759729
12,1.260410,1586.784632
12,1.258301,1589.444303
12,1.259240,1588.259411
