n_threads,Time,GFLOPS
22,0.740341,2701.457039
22,0.735677,2718.583411
22,0.725861,2755.347990
22,0.727531,2749.024048
22,0.741452,2697.409489
