n_threads,Time,GFLOPS
19,1.661303,1203.874372
19,1.649832,1212.244962
19,1.653061,1209.877021
19,1.663552,1202.246558
19,1.649653,1212.376016
