Size,Time,GFLOPS
10000,2.040699,980.056494
10000,1.959641,1020.594861
10000,1.989315,1005.371377
10000,1.982793,1008.678370
10000,1.959097,1020.878500
