Size,Time,GFLOPS
20000,20.957424,763.452593
20000,20.440744,782.750371
20000,19.551890,818.335214
20000,21.548455,742.512635
20000,15.897864,1006.424503
