Size,Time,GFLOPS
8000,1.874451,546.293236
8000,1.888858,542.126610
8000,1.921275,532.979264
8000,1.869925,547.615523
8000,1.916323,534.356586
