Size,Time,GFLOPS
6000,0.422752,1021.875746
6000,0.431227,1001.792062
6000,0.426316,1013.333646
6000,0.415148,1040.593702
6000,0.424366,1017.988692
