Size,Time,GFLOPS
14000,4.280536,1282.082474
14000,4.152191,1321.711826
14000,4.330759,1267.214425
14000,4.133720,1327.617734
14000,3.724611,1473.442494
