Size,Time,GFLOPS
18000,5.654070,2062.938585
18000,6.435413,1812.470951
18000,7.988585,1460.083301
18000,7.798421,1495.687422
18000,7.874024,1481.326357
