Size,Time,GFLOPS
2000,0.068958,232.025991
2000,0.067944,235.487883
2000,0.064220,249.142231
2000,0.066162,241.830362
2000,0.067800,235.989433
