Size,Time,GFLOPS
9000,2.584203,564.197249
9000,2.490100,585.518582
9000,2.703348,539.331170
9000,2.647279,550.754163
9000,2.711565,537.696882
