Size,Time,GFLOPS
19000,10.736133,1277.741224
19000,11.023000,1244.488816
19000,9.308099,1473.770237
19000,9.314569,1472.746647
19000,9.184754,1493.561977
