Size,Time,GFLOPS
20000,12.683442,1261.487253
20000,11.495199,1391.885378
20000,12.182017,1313.411447
20000,11.871216,1347.797909
20000,12.516620,1278.300330
