Size,Time,GFLOPS
14000,9.765627,561.971087
14000,8.464353,648.366161
14000,8.947893,613.328763
14000,9.885597,555.151075
14000,9.743324,563.257470
