Size,Time,GFLOPS
3000,0.134059,402.807479
3000,0.135377,398.886619
3000,0.133035,405.906975
3000,0.140928,383.174719
3000,0.142187,379.780960
