Size,Time,GFLOPS
5000,0.228277,1095.158675
5000,0.227524,1098.785627
5000,0.225850,1106.927687
5000,0.214866,1163.518351
5000,0.213537,1170.756262
