Size,Time,GFLOPS
11000,4.491090,592.729144
11000,4.280344,621.912673
11000,4.477044,594.588735
11000,2.742168,970.764779
11000,4.577814,581.500231
