Size,Time,GFLOPS
7000,1.297641,528.651790
7000,1.305520,525.461230
7000,1.324999,517.736128
7000,1.301986,526.887252
7000,1.289645,531.929265
