Size,Time,GFLOPS
8000,1.265008,809.481218
8000,1.272234,804.883184
8000,1.251606,818.148553
8000,1.268703,807.123767
8000,1.272788,804.532802
