Size,Time,GFLOPS
17000,7.758241,1266.524269
17000,7.521706,1306.352639
17000,7.935620,1238.214566
17000,6.786473,1447.880305
17000,8.053313,1220.118951
