Size,Time,GFLOPS
5000,0.561191,445.480732
5000,0.552136,452.787032
5000,0.524068,477.037607
5000,0.524830,476.344987
5000,0.536797,465.725562
