Size,Time,GFLOPS
12000,2.946849,1172.778261
12000,2.742924,1259.969126
12000,3.065922,1127.230076
12000,2.544176,1358.396435
12000,3.008285,1148.827461
