Size,Time,GFLOPS
13000,3.593078,1222.906867
13000,3.064063,1434.043395
13000,3.621165,1213.421750
13000,3.686696,1191.853164
13000,3.619407,1214.010882
