Size,Time,GFLOPS
3000,0.086038,627.631643
3000,0.113036,477.725044
3000,0.080895,667.529692
3000,0.080927,667.268543
3000,0.100537,537.114631
