Size,Time,GFLOPS
12000,5.551150,622.573734
12000,4.151955,832.378928
12000,5.650931,611.580663
12000,5.435653,635.802201
12000,5.475241,631.205042
