Size,Time,GFLOPS
13000,6.316165,695.675257
13000,6.157937,713.550676
13000,7.878181,557.742995
13000,7.370950,596.123936
13000,7.763181,566.005123
