Size,Time,GFLOPS
4000,0.618506,206.950133
4000,0.635096,201.544473
4000,0.636358,201.144746
4000,0.621770,205.863953
4000,0.636214,201.190263
