Size,Time,GFLOPS
20000,10.160787,1574.681160
20000,9.996244,1600.601187
20000,10.095830,1584.812804
20000,10.073731,1588.289409
20000,10.003970,1599.365046
