Size,Time,GFLOPS
11000,4.816508,552.682622
11000,4.571287,582.330566
11000,4.912271,541.908233
11000,4.726507,563.206586
11000,4.704447,565.847548
