Size,Time,GFLOPS
6000,1.409398,306.513936
6000,1.414104,305.493735
6000,1.417133,304.840739
6000,1.421685,303.864771
6000,1.399493,308.683146
