Size,Time,GFLOPS
8000,1.390981,736.170901
8000,1.410410,726.030123
8000,1.367951,748.564878
8000,1.426534,717.823839
8000,1.486264,688.975787
