Size,Time,GFLOPS
17000,13.622011,721.332534
17000,14.115292,696.124470
17000,13.951781,704.282822
17000,13.730785,715.618207
17000,13.868722,708.500772
