Size,Time,GFLOPS
15000,5.369185,1257.174149
15000,4.570208,1476.956756
15000,4.600831,1467.126414
15000,4.896575,1378.514514
15000,5.134727,1314.578048
