Size,Time,GFLOPS
10000,2.228033,897.652866
10000,2.230613,896.614678
10000,2.228152,897.604928
10000,2.213521,903.537890
10000,2.240501,892.657399
