Size,Time,GFLOPS
19000,16.362977,838.356013
19000,15.215665,901.570868
19000,15.935885,860.824504
19000,15.392043,891.239740
19000,13.565312,1011.255751
