Size,Time,GFLOPS
5000,0.495614,504.424768
5000,0.511503,488.755343
5000,0.501475,498.529809
5000,0.509049,491.111644
5000,0.481014,519.735649
