Size,Time,GFLOPS
11000,2.715984,980.123734
11000,2.749269,968.257521
11000,2.841989,936.667855
11000,2.431982,1094.580626
11000,2.938160,906.009171
