Size,Time,GFLOPS
16000,6.092060,1344.701199
16000,6.095149,1344.019583
16000,5.881215,1392.909357
16000,6.024282,1359.830191
16000,5.979188,1370.085689
