Size,Time,GFLOPS
10000,4.033485,495.849124
10000,3.989596,501.303834
10000,4.066053,491.877462
10000,3.999444,500.069497
10000,4.092230,488.731074
