Size,Time,GFLOPS
8000,2.585562,396.045407
8000,2.659196,385.078726
8000,2.644637,387.198647
8000,2.681668,381.851888
8000,2.705854,378.438716
