Size,Time,GFLOPS
7000,1.849548,370.901370
7000,1.963818,349.319541
7000,1.983742,345.811019
7000,1.938207,353.935278
7000,1.944991,352.700870
