Size,Time,GFLOPS
14000,4.383450,1251.982000
14000,4.359467,1258.869573
14000,4.381843,1252.441037
14000,4.467813,1228.341407
14000,4.419138,1241.871012
