Size,Time,GFLOPS
18000,6.951319,1677.954875
18000,6.710527,1738.164460
18000,7.045532,1655.517295
18000,8.018464,1454.642655
18000,6.631375,1758.911230
