n_threads,Time,GFLOPS
2,21.351379,93.670767
2,21.358442,93.639789
2,21.366218,93.605709
2,21.338950,93.725322
2,21.326998,93.777850
