n_threads,Time,GFLOPS
20,2.542801,786.534196
20,,
20,,
20,,
20,,
