n_threads,Time,GFLOPS
88,1.690714,1182.932082
88,1.718082,1164.088622
88,1.689609,1183.706032
88,1.727977,1157.423090
88,1.701451,1175.467498
