n_threads,Time,GFLOPS
108,1.620578,1234.127367
108,1.676971,
108,1.634606,1223.536083
108,1.655903,1207.800123
108,1.641437,1218.444348
