n_threads,Time,GFLOPS
34,1.725576,1159.033370
34,1.675423,1193.728626
34,1.653793,1209.341484
34,1.672759,1195.629662
34,1.678015,1191.884426
