n_threads,Time,GFLOPS
66,3.487772,573.432010
66,3.459098,578.185405
66,3.500699,571.314409
66,3.500756,571.305225
66,3.481038,574.541227
