n_threads,Time,GFLOPS
90,1.675058,1193.988564
90,1.712578,1167.830045
90,1.727076,1158.026744
90,1.717309,1164.612579
90,1.697048,1178.517387
