n_threads,Time,GFLOPS
124,1.851973,1079.929124
124,2.006126,996.946221
124,2.020229,989.986688
124,2.024701,987.800198
124,1.998245,1000.878201
