n_threads,Time,GFLOPS
126,3.898214,513.055462
126,3.974942,503.151997
126,4.063388,492.200137
126,4.086018,489.474100
126,4.122805,485.106637
