n_threads,Time,GFLOPS
88,3.873352,516.348592
88,3.903628,512.343949
88,3.885760,514.699797
88,3.903346,512.380904
88,3.653609,547.403956
