n_threads,Time,GFLOPS
86,1.776772,1125.637067
86,1.763824,1133.899953
86,1.775152,
86,1.761495,1135.399377
86,1.781978,1122.348486
