n_threads,Time,GFLOPS
8,4.319966,462.966612
8,4.317444,463.237041
8,4.320024,462.960441
8,4.312884,463.726775
8,4.311285,463.898818
