n_threads,Time,GFLOPS
46,1.514533,1320.539378
46,1.507452,1326.742006
46,1.521301,1314.664117
46,1.500912,1332.523347
46,1.524647,1311.778851
