n_threads,Time,GFLOPS
48,3.417240,585.267690
48,3.401037,588.056014
48,3.394483,589.191367
48,3.396399,588.858958
48,3.396817,588.786570
