n_threads,Time,GFLOPS
46,3.156521,633.608923
46,3.160844,632.742478
46,3.180123,628.906511
46,3.157025,633.507769
46,3.187404,627.469861
