n_threads,Time,GFLOPS
96,3.833356,521.735981
96,3.823112,523.134092
96,3.817842,523.856084
96,3.817380,523.919523
96,3.809850,524.955002
