n_threads,Time,GFLOPS
72,3.690317,541.958808
72,3.705307,539.766312
72,3.693478,541.495085
72,3.694066,541.408801
72,3.695580,541.186991
