n_threads,Time,GFLOPS
12,3.145974,635.733261
12,3.131441,638.683528
12,3.114100,642.240056
12,3.125083,639.982997
12,3.126578,639.676980
