n_threads,Time,GFLOPS
22,3.540867,564.833444
22,3.567492,560.617967
22,3.562918,561.337615
22,3.532396,566.187907
22,3.548543,563.611560
