n_threads,Time,GFLOPS
80,3.788597,527.899953
80,3.791250,527.530520
80,3.769353,530.595088
80,3.792446,527.364153
80,3.780326,529.054883
