n_threads,Time,GFLOPS
72,1.799184,1111.614815
72,1.815255,1101.773598
72,1.817599,1100.352932
72,1.831843,1091.796380
72,1.848738,1081.819282
