n_threads,Time,GFLOPS
82,3.792516,527.354412
82,3.869631,516.845157
82,3.883780,514.962163
82,3.871807,516.554659
82,3.785220,528.370808
