n_threads,Time,GFLOPS
90,3.894607,513.530601
90,3.853778,518.971308
90,3.897858,513.102314
90,3.956073,505.551907
90,4.056757,493.004650
