n_threads,Time,GFLOPS
18,3.675576,544.132466
18,3.660744,546.337035
18,3.675964,544.074968
18,3.669975,544.962831
18,3.663758,545.887612
