n_threads,Time,GFLOPS
20,2.113796,946.165019
20,2.104704,950.252573
20,2.118187,944.203910
20,2.116210,945.085695
20,2.109038,948.299678
