n_threads,Time,GFLOPS
96,1.631430,1225.918312
96,1.681728,1189.253196
96,1.642243,1217.846540
96,1.657562,1206.591608
96,1.683351,1188.106390
