n_threads,Time,GFLOPS
100,1.654426,1208.878492
100,1.629489,1227.378840
100,1.623521,1231.890314
100,1.674790,1194.179887
100,1.627884,1228.588818
