n_threads,Time,GFLOPS
70,3.512729,569.357952
70,3.508973,569.967372
70,3.500346,571.372048
70,3.588398,557.351829
70,3.482775,574.254664
