n_threads,Time,GFLOPS
110,1.639052,1220.217636
110,1.630152,1226.879685
110,1.681975,1189.078087
110,1.651449,1211.058008
110,1.648850,1212.966511
