n_threads,Time,GFLOPS
74,3.559077,561.943519
74,3.523669,567.590278
74,3.605219,554.751283
74,3.540603,564.875518
74,3.572698,559.801020
