n_threads,Time,GFLOPS
84,3.848478,519.685908
84,3.829754,522.226799
84,3.834950,521.519121
84,3.836758,521.273445
84,3.829191,522.303588
