n_threads,Time,GFLOPS
76,3.779950,
76,3.805537,525.549987
76,3.777457,529.456657
76,3.755322,532.577536
76,3.776220,529.630142
