n_threads,Time,GFLOPS
78,1.780131,1123.512768
78,1.780882,1123.039091
78,1.777815,1124.976693
78,1.787817,1118.682723
78,1.760267,1136.191532
