n_threads,Time,GFLOPS
70,1.841632,1085.993485
70,1.853140,1079.249523
70,1.828134,1094.011637
70,1.836019,1089.313108
70,1.820457,1098.625229
