n_threads,Time,GFLOPS
114,1.401964,1426.570254
114,1.366564,1463.524194
114,1.339193,1493.436549
114,1.371518,1458.238207
114,1.393459,1435.277356
