n_threads,Time,GFLOPS
62,2.498079,800.615325
62,2.421365,825.980550
62,2.399840,833.388775
62,2.420149,826.395520
62,2.399251,833.593597
