n_threads,Time,GFLOPS
102,3.111925,642.689048
102,3.060263,653.538572
102,3.041647,657.538532
102,3.109027,643.288061
102,3.147846,635.355056
