n_threads,Time,GFLOPS
38,0.991275,2017.602716
38,1.017024,1966.521726
38,0.975748,2049.709342
38,0.930735,2148.839125
38,0.977091,2046.892137
