n_threads,Time,GFLOPS
2,21.366177,93.605889
2,21.360279,93.631737
2,21.435984,93.301058
2,21.318340,93.815935
2,21.553553,92.792127
