n_threads,Time,GFLOPS
24,2.287026,874.498048
24,2.285726,874.995343
24,2.286383,874.744234
24,2.283376,875.895872
24,2.287321,874.385240
