n_threads,Time,GFLOPS
26,2.207843,905.861461
26,2.284689,875.392551
26,2.281310,876.689101
26,2.281910,876.458897
26,2.229872,896.912559
