n_threads,Time,GFLOPS
66,3.105390,644.041505
66,3.093749,646.464906
66,3.041284,657.616975
66,2.984362,670.160067
66,2.986249,669.736506
