n_threads,Time,GFLOPS
44,1.008583,1982.980279
44,1.006412,1987.258582
44,0.999542,2000.916157
44,0.945527,
44,0.999701,2000.597322
