n_threads,Time,GFLOPS
98,1.403602,1424.905777
98,1.341232,1491.166019
98,1.369558,1460.325206
98,1.342801,1489.424313
98,1.374477,1455.099224
