n_threads,Time,GFLOPS
28,1.256155,1592.159889
28,1.257064,1591.008918
28,1.255363,1593.164715
28,1.258566,1589.109861
28,,
