n_threads,Time,GFLOPS
14,1.702112,1175.010654
14,1.718452,1163.838413
14,,
14,1.696605,1178.824992
14,1.695925,1179.297188
