n_threads,Time,GFLOPS
96,2.827432,707.355575
96,3.060322,653.525980
96,2.936596,681.060707
96,3.108826,643.329691
96,3.105193,644.082351
