n_threads,Time,GFLOPS
72,1.265001,1581.026651
72,1.204563,1660.352604
72,1.212621,1649.319720
72,1.293394,1546.319077
72,1.220542,1638.616441
