n_threads,Time,GFLOPS
64,2.466692,810.802625
64,2.472518,808.892072
64,2.469868,809.759754
64,2.472662,808.844830
64,2.577624,775.908210
