n_threads,Time,GFLOPS
18,1.383788,1445.308326
18,1.378741,1450.598706
18,1.384914,1444.132941
18,1.380797,1448.438870
18,1.377112,1452.314905
