n_threads,Time,GFLOPS
4,5.268173,379.638240
4,5.269023,379.577035
4,5.244847,381.326661
4,5.263560,379.970977
4,5.240284,381.658680
