n_threads,Time,GFLOPS
48,2.236531,894.242194
48,2.235174,894.784745
48,2.218113,901.667236
48,2.226787,898.154976
48,2.234309,895.131430
