n_threads,Time,GFLOPS
112,1.380715,1448.525130
112,1.341020,1491.402576
112,,
112,1.350090,1481.382997
112,1.339188,1493.442482
