n_threads,Time,GFLOPS
36,1.016062,1968.383790
36,0.991646,2016.848155
36,0.950332,1497.670186
36,0.958507,2086.578824
36,0.951694,2101.515417
