n_threads,Time,GFLOPS
40,1.017340,1965.911627
40,0.932499,2144.775356
40,0.986948,2026.449482
40,0.989281,2021.669759
40,1.008475,1983.192920
