n_threads,Time,GFLOPS
56,1.168872,1711.051880
56,1.157661,1727.620925
56,1.180988,1693.497353
56,1.155665,1730.605008
56,1.185257,1687.398264
