n_threads,Time,GFLOPS
80,1.381011,1448.214213
80,1.256164,1592.148490
80,1.248772,1601.573461
80,1.367691,1462.318178
80,1.368854,1461.076714
