n_threads,Time,GFLOPS
118,2.884740,693.303353
118,2.869618,696.956866
118,3.032529,659.515522
118,2.988767,669.172348
118,3.107746,643.553243
