n_threads,Time,GFLOPS
106,3.155180,633.878285
106,2.975806,672.086711
106,3.126065,639.781868
106,3.031810,659.671943
106,2.869237,697.049392
