n_threads,Time,GFLOPS
26,1.256930,1591.178692
26,1.260037,1587.254911
26,1.258471,1589.229550
26,1.257557,1590.384851
26,1.248639,1601.743808
