n_threads,Time,GFLOPS
78,1.202288,1663.494340
78,1.286922,1554.096109
78,1.294822,1544.613282
78,1.202023,1663.861086
78,1.264036,1582.233877
