n_threads,Time,GFLOPS
86,1.429347,1399.240759
86,1.475037,1355.897874
86,1.510283,1324.255278
86,1.414442,1413.985425
86,1.424199,1404.298382
