n_threads,Time,GFLOPS
10,2.217323,901.988711
10,2.213604,903.504096
10,2.212700,903.873248
10,2.237954,893.673234
10,2.206740,906.314116
