n_threads,Time,GFLOPS
46,1.010884,1978.467098
46,0.985728,2028.956525
46,1.005074,1989.902714
46,0.983448,2033.661637
46,1.023232,1954.590651
