n_threads,Time,GFLOPS
14,3.576953,559.135038
14,3.658564,546.662564
14,3.653864,547.365713
14,3.603099,555.077689
14,3.585539,557.796222
