n_threads,Time,GFLOPS
58,3.350501,596.925599
58,2.481468,805.974656
58,2.458701,813.437581
58,,
58,,
