n_threads,Time,GFLOPS
6,8.922633,224.149071
6,8.929782,223.969635
6,8.934403,223.853782
6,8.922070,224.163239
6,8.905163,224.588820
