n_threads,Time,GFLOPS
23,2.580647,774.999400
23,2.596993,770.121362
23,2.592333,771.505700
23,2.590911,771.929333
23,2.585396,773.575765
