n_threads,Time,GFLOPS
19,1.390405,1438.430306
19,1.388757,1440.137258
19,1.388323,1440.586617
19,1.385364,1443.664323
19,1.389338,1439.534075
