n_threads,Time,GFLOPS
7,3.513820,569.181041
7,3.501608,571.166189
7,3.504901,570.629524
7,3.477536,575.119879
7,3.482503,574.299530
