n_threads,Time,GFLOPS
24,1.052404,1900.411160
24,1.060752,1885.454527
24,1.056513,1893.018921
24,1.048301,1907.848784
24,1.049150,1906.305669
