n_threads,Time,GFLOPS
17,3.542142,564.630071
17,3.551618,563.123587
17,3.542474,564.577176
17,3.547690,563.747157
17,3.543288,564.447469
