n_threads,Time,GFLOPS
12,2.063118,969.406696
12,2.039360,980.699756
12,2.059247,971.228622
12,2.052130,974.597116
12,2.044146,978.403767
