n_threads,Time,GFLOPS
19,3.138629,637.221002
19,3.143946,636.143212
19,3.173227,630.273298
19,3.151975,634.522824
19,3.136678,637.617276
