n_threads,Time,GFLOPS
18,1.389047,1439.836188
18,1.399619,1428.960564
18,1.389243,1439.633264
18,1.390211,1438.630449
18,1.388824,1440.067619
