n_threads,Time,GFLOPS
2,25.643272,77.993166
2,25.699711,77.821886
2,25.640540,78.001479
2,25.612105,78.088075
2,25.725994,77.742380
