n_threads,Time,GFLOPS
4,6.188512,323.179480
4,6.171928,324.047843
4,6.184590,323.384425
4,6.185482,323.337782
4,6.180184,323.614977
