n_threads,Time,GFLOPS
19,3.196359,625.711977
19,3.170890,630.737662
19,3.181208,628.691913
19,3.172977,630.322824
19,3.192379,626.492018
