n_threads,Time,GFLOPS
14,3.880926,515.340975
14,3.895795,513.374006
14,3.893297,513.703393
14,3.882931,515.074824
14,3.895083,513.467880
