n_threads,Time,GFLOPS
11,4.942198,404.678277
11,4.994643,400.428988
11,5.028418,397.739388
11,4.942965,404.615436
11,4.955562,403.586906
