n_threads,Time,GFLOPS
22,1.178319,1697.333628
22,1.185224,1687.444070
22,1.188200,1683.218301
22,1.188536,1682.742142
22,1.179956,1694.978849
