n_threads,Time,GFLOPS
14,1.811729,1103.917626
14,1.811777,1103.888347
14,1.830118,1092.825975
14,1.813293,1102.965630
14,1.826250,1095.140089
