n_threads,Time,GFLOPS
16,1.560870,1281.336384
16,1.570728,1273.294615
16,1.570885,1273.167790
16,1.566349,1276.854597
16,1.561722,1280.637595
