n_threads,Time,GFLOPS
9,2.710233,737.943945
9,2.714409,736.808627
9,2.725560,733.794041
9,2.721264,734.952555
9,2.726325,733.588123
