n_threads,Time,GFLOPS
2,25.684331,77.868487
2,25.692565,77.843533
2,25.523914,78.357887
2,25.586179,78.167202
2,25.770237,77.608910
