n_threads,Time,GFLOPS
15,1.723104,1160.696281
15,1.714845,1166.286164
15,1.713697,1167.067531
15,1.712238,1168.062239
15,1.711200,1168.770483
