n_threads,Time,GFLOPS
21,2.720769,735.086380
21,2.707315,738.739249
21,2.702789,739.976258
21,2.718933,735.582669
21,2.712282,737.386584
