n_threads,Time,GFLOPS
14,1.856125,1077.513662
14,1.855982,1077.596493
14,1.858662,1076.042742
14,1.856255,1077.438262
14,1.850059,1081.046475
