n_threads,Time,GFLOPS
21,2.730862,732.369395
21,2.742737,729.198622
21,2.726297,733.595744
21,2.743668,728.951179
21,2.732793,731.851935
