n_threads,Time,GFLOPS
24,1.057233,1891.731040
24,1.051571,1901.916256
24,1.053292,1898.808803
24,1.049145,1906.313650
24,1.056158,1893.655760
