n_threads,Time,GFLOPS
24,2.408627,830.348720
24,2.394757,835.157756
24,2.398276,833.932319
24,2.403180,832.230692
24,2.384119,838.884314
