n_threads,Time,GFLOPS
20,1.246904,1603.972398
20,1.251004,1598.715860
20,1.247396,1603.340529
20,1.248380,1602.076290
20,1.247263,1603.511454
