n_threads,Time,GFLOPS
12,4.713211,424.339170
12,4.686559,426.752305
12,4.719091,423.810470
12,4.691658,426.288523
12,4.659279,429.250937
