n_threads,Time,GFLOPS
13,4.790232,417.516307
13,4.734026,422.473404
13,4.795448,417.062183
13,4.740936,421.857606
13,4.744344,421.554623
