n_threads,Time,GFLOPS
13,2.153406,928.761347
13,2.156943,927.238067
13,2.169953,921.679092
13,2.181316,916.877781
13,2.147028,931.520038
