n_threads,Time,GFLOPS
16,3.518613,568.405796
16,3.508245,570.085693
16,3.550783,563.256024
16,3.540703,564.859584
16,3.533006,566.090145
