n_threads,Time,GFLOPS
22,2.553862,783.127660
22,2.549031,784.611828
22,2.545127,785.815304
22,2.540952,787.106437
22,2.543563,786.298449
