n_threads,Time,GFLOPS
10,5.380470,371.714756
10,5.381421,371.649025
10,5.374282,372.142713
10,5.373343,372.207752
10,5.376588,371.983136
