n_threads,Time,GFLOPS
3,8.379999,238.663525
3,8.301098,240.931992
3,8.310074,240.671738
3,8.298578,241.005150
3,8.297985,241.022373
