n_threads,Time,GFLOPS
6,8.723117,229.275842
6,8.830823,226.479467
6,8.673179,230.595963
6,8.985841,222.572381
6,8.908119,224.514298
