n_threads,Time,GFLOPS
10,5.286713,378.306878
10,5.311657,376.530350
10,5.274397,379.190282
10,5.353331,373.599183
10,5.291861,377.938909
