n_threads,Time,GFLOPS
2,12.529259,159.626359
2,12.529396,159.624619
2,12.532850,159.580618
2,12.530433,159.611404
2,12.537676,159.519195
