n_threads,Time,GFLOPS
19,1.404544,1423.949221
19,1.390720,1438.103944
19,1.392272,1436.500583
19,1.392094,1436.685093
19,1.390028,1438.820202
