n_threads,Time,GFLOPS
16,1.576453,1268.670673
16,1.564012,1278.762668
16,1.573951,1270.687492
16,1.564438,1278.414300
16,1.575243,1269.645246
