n_threads,Time,GFLOPS
7,7.827163,255.520428
7,7.852078,254.709651
7,7.836974,255.200551
7,7.820987,255.722192
7,7.852408,254.698955
