n_threads,Time,GFLOPS
5,10.917379,183.194160
5,10.953768,182.585575
5,10.953930,182.582867
5,11.022983,181.439097
5,10.922224,183.112897
