n_threads,Time,GFLOPS
17,1.558422,1283.349589
17,1.558300,1283.450185
17,1.558546,1283.246936
17,1.563575,1279.119953
17,1.561707,1280.649657
