n_threads,Time,GFLOPS
20,2.844840,703.027182
20,2.830712,706.536127
20,2.852611,701.111984
20,2.845052,702.974832
20,2.826550,707.576316
