n_threads,Time,GFLOPS
5,10.907688,183.356905
5,10.981882,182.118150
5,10.828201,184.702883
5,10.858899,184.180728
5,10.920430,183.142979
