n_threads,Time,GFLOPS
7,3.517557,568.576500
7,3.495643,572.140822
7,3.492457,572.662820
7,3.526169,567.187773
7,3.515082,568.976692
