n_threads,Time,GFLOPS
22,2.568617,778.629265
22,2.565768,779.493727
22,2.563864,780.072689
22,2.567987,778.820230
22,2.563952,780.045902
