n_threads,Time,GFLOPS
18,3.152241,634.469161
18,3.153275,634.261105
18,3.158075,633.297159
18,3.143414,636.250920
18,3.159700,632.971555
