n_threads,Time,GFLOPS
10,2.454705,814.761910
10,2.442993,818.668072
10,2.448111,816.956275
10,2.460456,812.857421
10,2.453790,815.065766
