n_threads,Time,GFLOPS
1,50.262593,39.791023
1,50.243962,39.805778
1,50.220198,39.824614
1,50.101253,39.919162
1,50.289881,39.769432
