n_threads,Time,GFLOPS
15,3.785459,528.337491
15,3.787110,528.107225
15,3.804519,525.690686
15,3.836858,521.259864
15,3.794491,527.079953
