n_threads,Time,GFLOPS
24,2.434321,821.584326
24,2.437675,820.454061
24,2.428111,823.685698
24,2.432600,822.165606
24,2.436005,821.016291
