n_threads,Time,GFLOPS
20,2.808874,712.028998
20,2.813872,710.764376
20,2.811332,711.406612
20,2.820212,709.166600
20,2.804599,713.114506
