n_threads,Time,GFLOPS
21,1.230144,1625.825888
21,1.227396,1629.466528
21,1.234404,1620.214903
21,1.228134,1628.486962
21,1.240229,1612.605965
