n_threads,Time,GFLOPS
3,16.915026,118.238067
3,17.260467,115.871719
3,16.887569,118.430310
3,16.949883,117.994917
3,16.917407,118.221425
