n_threads,Time,GFLOPS
8,6.935129,288.386831
8,6.913740,289.279009
8,6.939678,288.197826
8,6.911916,289.355359
8,6.902217,289.761960
