n_threads,Time,GFLOPS
4,13.413648,149.101871
4,13.391060,149.353374
4,13.436990,148.842856
4,13.564288,147.445994
4,13.416715,149.067783
