n_threads,Time,GFLOPS
13,2.122428,942.316806
13,2.130672,938.670799
13,2.121203,942.860976
13,2.123222,941.964554
13,2.117934,944.316349
