n_threads,Time,GFLOPS
5,4.896851,408.425771
5,4.930733,405.619188
5,4.904389,407.798023
5,4.890182,408.982757
5,4.898407,408.295988
