n_threads,Time,GFLOPS
22,1.178559,1696.988039
22,1.168615,1711.427743
22,1.168534,1711.546582
22,1.178134,1697.600474
22,1.167224,1713.467895
