n_threads,Time,GFLOPS
5,4.906803,407.597407
5,4.933640,405.380216
5,4.898551,408.284023
5,4.908946,407.419399
5,4.898836,408.260222
