n_threads,Time,GFLOPS
15,3.777135,529.501896
15,3.753677,532.810899
15,3.754592,532.680993
15,3.747812,533.644734
15,3.746049,533.895783
