n_threads,Time,GFLOPS
1,23.814300,83.983152
1,23.830986,83.924348
1,24.031871,83.222818
1,23.859698,83.823356
1,23.832353,83.919537
