n_threads,Time,GFLOPS
12,4.695512,425.938657
12,4.719140,423.806051
12,4.679884,427.361009
12,4.700793,425.460159
12,4.718556,423.858513
