n_threads,Time,GFLOPS
18,3.114441,642.169888
18,3.120698,640.882171
18,3.120012,641.023205
18,3.117420,641.556244
18,3.154196,634.076031
