n_threads,Time,GFLOPS
1,24.189249,82.681360
1,24.161835,82.775171
1,24.161690,82.775668
1,24.368278,82.073916
1,24.183159,82.702181
