n_threads,Time,GFLOPS
8,3.077124,649.957650
8,3.052387,655.225010
8,3.065911,652.334731
8,3.067540,651.988206
8,3.055229,654.615496
