n_threads,Time,GFLOPS
6,4.098608,487.970540
6,4.092988,488.640601
6,4.093978,488.522440
6,4.123601,485.012985
6,4.100282,487.771316
