n_threads,Time,GFLOPS
17,1.555946,1285.391270
17,1.559195,1282.713140
17,1.557642,1283.992110
17,1.569914,1273.955213
17,1.558844,1283.001959
