n_threads,Time,GFLOPS
9,2.702947,739.933016
9,2.744538,728.719985
9,2.701669,740.283193
9,2.726725,733.480553
9,2.705074,739.351189
