n_threads,Time,GFLOPS
9,6.160229,324.663250
9,6.153854,324.999573
9,6.166815,324.316512
9,6.162610,324.537833
9,6.134731,326.012662
