n_threads,Time,GFLOPS
4,12.864797,155.463003
4,13.224170,151.238221
4,13.193033,151.595158
4,13.144777,152.151688
4,13.115394,152.492558
