n_threads,Time,GFLOPS
10,2.434485,821.528825
10,2.434218,821.619017
10,2.443054,818.647349
10,2.436133,820.973072
10,2.440306,819.569367
