n_threads,Time,GFLOPS
21,1.201150,1665.070434
21,1.214722,1646.466962
21,1.204749,1660.097123
21,1.202449,1663.272557
21,1.204708,1660.153392
