n_threads,Time,GFLOPS
23,1.188278,1683.107736
23,1.189207,1681.792565
23,1.185019,1687.737105
23,1.186461,1685.685816
23,1.194177,1674.793408
