n_threads,Time,GFLOPS
8,3.045384,656.731723
8,3.042672,657.316893
8,3.061151,653.349113
8,3.047120,656.357442
8,3.072286,650.980996
