n_threads,Time,GFLOPS
7,7.859135,254.480935
7,7.854009,254.647018
7,7.827615,255.505667
7,7.774025,257.267001
7,7.811830,256.021944
