n_threads,Time,GFLOPS
11,2.234272,895.146251
11,2.222016,900.083585
11,2.233414,895.489930
11,2.220658,900.633861
11,2.225420,898.706853
