n_threads,Time,GFLOPS
18,1.391457,1437.342051
18,1.395034,1433.657245
18,1.392940,1435.812335
18,1.384141,1444.939941
18,1.404524,1423.970141
