n_threads,Time,GFLOPS
1,30.269871,66.072300
1,30.239339,66.139013
1,30.228653,66.162392
1,30.667241,65.216170
1,30.247702,66.120725
