n_threads,Time,GFLOPS
8,3.655885,547.063119
8,3.651992,547.646321
8,3.655702,547.090599
8,3.651596,547.705771
8,3.655288,547.152499
