n_threads,Time,GFLOPS
21,1.450174,1379.144933
21,1.450216,1379.104441
21,1.450730,1378.615811
21,1.448875,1380.381742
21,1.451940,1377.467446
