n_threads,Time,GFLOPS
2,15.295364,130.758577
2,15.296214,130.751311
2,15.482146,129.181061
2,15.320474,130.544262
2,15.280592,130.884983
