n_threads,Time,GFLOPS
20,1.509870,1324.616927
20,1.511737,1322.981189
20,1.510254,1324.280573
20,1.509755,1324.717975
20,1.511050,1323.582574
