n_threads,Time,GFLOPS
11,2.662637,751.135014
11,2.662500,751.173679
11,2.661411,751.481017
11,2.662438,751.191163
11,2.663556,750.876032
