n_threads,Time,GFLOPS
2,7.751729,258.006967
2,7.751913,258.000819
2,7.745402,258.217708
2,7.738949,258.433026
2,7.748631,258.110124
