n_threads,Time,GFLOPS
3,9.947364,201.058296
3,9.977065,200.459761
3,9.975428,200.492647
3,9.953435,200.935653
3,9.977697,200.447066
