n_threads,Time,GFLOPS
18,1.679678,1190.704458
18,1.680107,1190.400551
18,1.684134,1187.554081
18,1.677308,1192.386845
18,1.674864,1194.127040
