n_threads,Time,GFLOPS
20,0.767260,2606.678840
20,0.767493,2605.887615
20,0.766814,2608.193653
20,0.766699,2608.585087
20,0.766748,2608.420253
