n_threads,Time,GFLOPS
18,1.661530,1203.709618
18,1.659893,1204.896840
18,1.658896,1205.621021
18,1.659834,1204.939463
18,1.659838,1204.936938
