n_threads,Time,GFLOPS
10,2.919967,684.939307
10,2.917780,685.452676
10,2.922348,684.381187
10,2.918655,685.247078
10,2.925356,683.677579
