n_threads,Time,GFLOPS
1,29.510454,67.772594
1,29.515477,67.761060
1,29.524824,67.739607
1,29.508930,67.776093
1,29.502543,67.790767
