n_threads,Time,GFLOPS
9,1.652744,1210.108955
9,1.653141,1209.818021
9,1.654124,1209.099293
9,1.652661,1210.169337
9,1.652806,1210.063463
