n_threads,Time,GFLOPS
12,1.243877,1607.875981
12,1.243115,1608.862004
12,1.243197,1608.755457
12,1.244193,1607.468172
12,1.241790,1610.578362
