n_threads,Time,GFLOPS
13,2.287430,874.343704
13,2.286639,874.646328
13,2.287060,874.485215
13,2.287671,874.251643
13,2.287562,874.293111
