n_threads,Time,GFLOPS
17,0.894949,2234.763177
17,0.894576,2235.696742
17,0.893990,2237.160501
17,0.895285,2233.924619
17,0.895622,2233.083813
