n_threads,Time,GFLOPS
6,2.501857,799.406107
6,2.503366,798.924346
6,2.498705,800.414772
6,2.500193,799.938380
6,2.502152,799.312034
