n_threads,Time,GFLOPS
21,1.434971,1393.756618
21,1.434783,1393.938795
21,1.436041,1392.718151
21,1.435242,1393.493465
21,1.434367,1394.343490
