n_threads,Time,GFLOPS
24,1.291970,1548.023662
24,1.286639,1554.437973
24,1.288357,1552.364675
24,1.289621,1550.843617
24,1.287182,1553.781436
