n_threads,Time,GFLOPS
15,1.993605,1003.207571
15,1.997634,1001.184283
15,1.986571,1006.760097
15,1.993631,1003.194542
15,1.994646,1002.684410
