n_threads,Time,GFLOPS
6,4.884141,409.488558
6,4.871413,410.558492
6,4.890622,408.945910
6,4.882937,409.589542
6,4.887913,409.172604
