n_threads,Time,GFLOPS
8,1.871020,1068.935745
8,1.873398,1067.578601
8,1.872461,1068.113013
8,1.873160,1067.714253
8,1.871851,1068.461132
