n_threads,Time,GFLOPS
14,2.126006,940.731159
14,2.127807,939.934945
14,2.125587,940.916353
14,2.128527,939.616913
14,2.126247,940.624446
