n_threads,Time,GFLOPS
4,7.436085,268.958732
4,7.382285,270.918818
4,7.436443,268.945795
4,7.377885,271.080407
4,7.437948,268.891349
