n_threads,Time,GFLOPS
16,0.948887,2107.732626
16,0.947841,2110.058314
16,0.947152,2111.592403
16,0.946846,2112.276371
16,0.947459,2110.909042
