n_threads,Time,GFLOPS
6,4.872003,410.508766
6,4.870831,410.607517
6,4.870407,410.643329
6,4.872153,410.496135
6,4.872429,410.472883
