n_threads,Time,GFLOPS
22,0.701193,2852.279964
22,0.702393,2847.407173
22,0.701861,2849.565167
22,0.701131,2852.532598
22,0.701728,2850.108622
