n_threads,Time,GFLOPS
9,1.658604,1205.833369
9,1.657058,1206.958538
9,1.656765,1207.171616
9,1.654976,1208.476993
9,1.657408,1206.703747
