n_threads,Time,GFLOPS
13,1.169239,1710.514439
13,1.168955,1710.930272
13,1.165935,1715.361790
13,1.169532,1710.086450
13,1.169164,1710.624584
