n_threads,Time,GFLOPS
4,7.382102,270.925538
4,7.437308,268.914498
4,7.383678,270.867700
4,7.398967,270.308020
4,7.392331,270.550653
