n_threads,Time,GFLOPS
18,0.846100,2363.787865
18,0.847886,2358.808705
18,0.848272,2357.733344
18,0.843879,2370.008618
18,0.845191,2366.328505
