n_threads,Time,GFLOPS
11,1.357645,1473.139365
11,1.357528,1473.266057
11,1.357821,1472.947765
11,1.357679,1473.102596
11,1.357980,1472.776042
