n_threads,Time,GFLOPS
11,1.354559,1476.495542
11,1.354539,1476.517600
11,1.354060,1477.039737
11,1.354006,1477.098158
11,1.354331,1476.743863
