n_threads,Time,GFLOPS
7,4.175306,479.006783
7,4.175391,478.997086
7,4.175583,478.975038
7,4.181149,478.337383
7,4.177179,478.791995
