n_threads,Time,GFLOPS
22,0.703123,2844.450606
22,0.703212,2844.090707
22,0.701332,2851.716725
22,0.702425,2847.281027
22,0.702976,2845.045528
