n_threads,Time,GFLOPS
21,0.731204,2735.213768
21,0.731814,2732.936406
21,0.732646,2729.831827
21,0.731617,2733.671701
21,0.732826,2729.162553
