n_threads,Time,GFLOPS
14,1.087615,1838.886657
14,1.088813,1836.862634
14,1.086586,1840.627320
14,1.089328,1835.993974
14,1.084693,1843.839240
