n_threads,Time,GFLOPS
12,1.245811,1605.380250
12,1.247175,1603.624618
12,1.244045,1607.658383
12,1.246372,1604.656955
12,1.244468,1607.112530
