n_threads,Time,GFLOPS
21,0.731164,2735.365491
21,0.730252,2738.779209
21,0.732004,2732.226981
21,0.731688,2733.405421
21,0.732703,2729.617610
