n_threads,Time,GFLOPS
15,1.006919,1986.256898
15,1.006277,1987.523380
15,1.003961,1992.108269
15,1.004075,1991.882233
15,1.006028,1988.015315
