n_threads,Time,GFLOPS
24,0.647610,3088.277676
24,0.649134,3081.029501
24,0.647091,3090.756113
24,0.648981,3081.753488
24,0.647554,3088.543260
