n_threads,Time,GFLOPS
9,3.246438,616.059848
9,3.246607,616.027751
9,3.243171,616.680477
9,3.245908,616.160485
9,3.250951,615.204673
