n_threads,Time,GFLOPS
12,2.444289,818.234005
12,2.445049,817.979485
12,2.442736,818.754149
12,2.445579,817.802218
12,2.444874,818.038206
