n_threads,Time,GFLOPS
6,2.494879,801.642150
6,2.495608,801.407928
6,2.494362,801.808143
6,2.493633,802.042589
6,2.494622,801.724818
