n_threads,Time,GFLOPS
10,1.491705,1340.747980
10,1.493714,1338.944063
10,1.494258,1338.456603
10,1.494030,1338.661210
10,1.491396,1341.025020
