n_threads,Time,GFLOPS
15,1.977563,1011.345721
15,1.978342,1010.947419
15,1.976526,1011.876543
15,1.977280,1011.490291
15,1.977121,1011.571737
