n_threads,Time,GFLOPS
10,2.926670,683.370492
10,2.923423,684.129456
10,2.924157,683.957691
10,2.926092,683.505452
10,2.923158,684.191564
