n_threads,Time,GFLOPS
22,1.393193,1435.551364
22,1.396483,1432.169029
22,1.395408,1433.272385
22,1.396433,1432.220867
22,1.390668,1438.158087
