n_threads,Time,GFLOPS
8,1.867271,1071.081909
8,1.869076,1070.047371
8,1.868913,1070.140920
8,1.869222,1069.963613
8,1.867748,1070.808008
