n_threads,Time,GFLOPS
9,3.238427,617.583719
9,3.241796,616.941893
9,3.238541,617.562007
9,3.241952,616.912345
9,3.239712,617.338757
