n_threads,Time,GFLOPS
14,2.113384,946.349344
14,2.112645,946.680527
14,2.114819,945.707590
14,2.115265,945.507943
14,2.114040,946.055769
