n_threads,Time,GFLOPS
1,15.238497,131.246538
1,15.199597,131.582435
1,15.205684,131.529766
1,15.264068,131.026671
1,15.215866,131.441750
