n_threads,Time,GFLOPS
19,0.803649,2488.647233
19,0.805428,2483.150853
19,0.803773,2488.263700
19,0.804287,2486.675235
19,0.804399,2486.326995
