n_threads,Time,GFLOPS
7,4.169014,479.729714
7,4.166039,480.072369
7,4.164805,480.214582
7,4.164435,480.257272
7,4.164781,480.217312
