n_threads,Time,GFLOPS
20,1.522882,1313.299784
20,1.522024,1314.040001
20,1.522648,1313.501422
20,1.520844,1315.059389
20,1.523703,1312.591906
