n_threads,Time,GFLOPS
17,1.759335,1136.793384
17,1.760986,1135.727063
17,1.758292,1137.467358
17,1.760105,1136.295833
17,1.759403,1136.748978
