n_threads,Time,GFLOPS
19,1.578765,1266.813292
19,1.580664,1265.290937
19,1.579379,1266.320851
19,1.579579,1266.160344
19,1.578053,1267.384674
