n_threads,Time,GFLOPS
23,0.676217,2957.630469
23,0.674535,2965.005742
23,0.675018,2962.884554
23,0.673473,2969.682924
23,0.674504,2965.142804
