n_threads,Time,GFLOPS
7,2.144844,932.468671
7,2.143427,933.085379
7,2.141824,933.783464
7,2.143643,932.991218
7,2.146166,931.894303
