n_threads,Time,GFLOPS
16,1.879691,1064.004398
16,1.878480,1064.690440
16,1.877403,1065.301627
16,1.879389,1064.175519
16,1.879242,1064.258824
