n_threads,Time,GFLOPS
3,5.067372,394.681916
3,5.066673,394.736386
3,5.061685,395.125324
3,5.069723,394.498857
3,5.064255,394.924804
