n_threads,Time,GFLOPS
5,5.857430,341.446655
5,5.857372,341.450078
5,5.857938,341.417063
5,5.859348,341.334926
5,5.860630,341.260230
