n_threads,Time,GFLOPS
17,1.775836,1126.230002
17,1.773955,1127.424463
17,1.775877,1126.204150
17,1.773425,1127.760992
17,1.770986,1129.314449
