n_threads,Time,GFLOPS
5,2.996909,667.354273
5,3.003091,665.980448
5,2.998586,666.981048
5,3.003131,665.971671
5,2.996001,667.556582
