n_threads,Time,GFLOPS
3,5.057883,395.422335
3,5.058045,395.409659
3,5.060506,395.217400
3,5.062772,395.040522
3,5.060106,395.248606
