n_threads,Time,GFLOPS
4,3.794055,527.140506
4,3.792115,527.410146
4,3.788725,527.882047
4,3.789619,527.757586
4,3.788195,527.955940
