n_threads,Time,GFLOPS
15,1.004448,1991.143000
15,1.005480,1989.100465
15,1.004810,1990.426673
15,1.005865,1988.339002
15,1.006387,1987.306693
