n_threads,Time,GFLOPS
18,0.844757,2367.545924
18,0.846178,2363.568677
18,0.845836,2364.523195
18,0.845339,2365.913780
18,0.844799,2367.426790
