n_threads,Time,GFLOPS
23,1.341917,1490.404769
23,1.342572,1489.677687
23,1.338221,1494.521647
23,1.342824,1489.398271
23,1.340671,1491.789923
