n_threads,Time,GFLOPS
2,15.344809,130.337238
2,15.325934,130.497755
2,15.384322,130.002481
2,15.302147,130.700616
2,15.318487,130.561199
