n_threads,Time,GFLOPS
19,1.593583,1255.033728
19,1.595472,1253.547635
19,1.596916,1252.414402
19,1.595776,1253.309004
19,1.594362,1254.420311
