n_threads,Time,GFLOPS
24,1.412282,1416.147290
24,1.410496,1417.941210
24,1.406990,1421.474603
24,1.405841,1422.635526
24,1.417022,1411.410484
