n_threads,Time,GFLOPS
9,1.642446,1217.695766
9,1.644279,1216.338328
9,1.643183,1217.150241
9,1.643210,1217.129919
9,1.643466,1216.940439
