n_threads,Time,GFLOPS
16,1.954391,1023.336771
16,1.998259,1000.871140
16,1.975599,1012.351180
16,1.956512,1022.227306
16,2.020807,989.703741
