n_threads,Time,GFLOPS
12,1.261804,1585.032069
12,1.262882,1583.679437
12,1.260753,1586.353770
12,1.262234,1584.491902
12,1.267640,1577.735580
