n_threads,Time,GFLOPS
8,3.667952,545.263377
8,3.667756,545.292577
8,3.669406,545.047374
8,3.673159,544.490447
8,3.684476,542.818045
