n_threads,Time,GFLOPS
9,1.643017,1217.272987
9,1.644076,1216.488560
9,1.642137,1217.925101
9,1.643061,1217.240484
9,1.643001,1217.284767
