n_threads,Time,GFLOPS
15,0.993626,2012.829422
15,0.994545,2010.969954
15,0.999085,2001.831133
15,0.994285,2011.495866
15,0.996471,2007.083254
