n_threads,Time,GFLOPS
24,0.660601,3027.543997
24,0.661909,3021.565592
24,0.660075,3029.957340
24,0.661382,3023.970872
24,0.660306,3028.896484
