n_threads,Time,GFLOPS
13,2.383232,839.196634
13,2.367220,844.872847
13,2.379219,840.612042
13,2.378321,840.929302
13,2.379908,840.368607
