n_threads,Time,GFLOPS
23,1.599746,1250.198635
23,1.440085,1388.807040
23,1.450125,1379.191851
23,1.444798,1384.276709
23,1.513442,1321.490918
