n_threads,Time,GFLOPS
9,3.281175,609.537688
9,3.268556,611.891015
9,3.277062,610.302740
9,3.271109,611.413508
9,3.291171,607.686430
