n_threads,Time,GFLOPS
14,2.160749,925.605050
14,2.169958,921.676837
14,2.212980,903.758874
14,2.164456,924.019712
14,2.165406,923.614344
