n_threads,Time,GFLOPS
5,5.931968,337.156262
5,5.891446,339.475261
5,5.896374,339.191507
5,5.890967,339.502864
5,5.910443,338.384082
