n_threads,Time,GFLOPS
13,1.171842,1706.714234
13,1.178100,1697.648375
13,1.161691,1721.628259
13,1.162824,1719.951275
13,1.168031,1712.283308
