n_threads,Time,GFLOPS
19,1.663466,1202.308571
19,1.658125,1206.181382
19,1.655341,1208.209995
19,1.680538,1190.095371
19,1.656820,1207.132040
