n_threads,Time,GFLOPS
9,3.268296,611.939716
9,3.273838,610.903799
9,3.274027,610.868545
9,3.288165,608.241965
9,3.272552,611.143797
