n_threads,Time,GFLOPS
20,0.785025,2547.690025
20,0.788089,2537.785011
20,0.785829,2545.083151
20,0.786674,2542.349453
20,0.789666,2532.717659
