n_threads,Time,GFLOPS
11,2.677240,747.038134
11,2.674844,747.707211
11,2.764556,723.443470
11,2.689156,743.727863
11,2.682713,745.514021
