n_threads,Time,GFLOPS
6,4.916286,406.811164
6,4.874411,410.305956
6,4.902031,407.994133
6,4.919073,406.580643
6,4.935724,405.209055
