n_threads,Time,GFLOPS
14,1.090309,1834.343078
14,1.097504,1822.317641
14,1.089592,1835.549723
14,1.082570,1847.454947
14,1.096045,1824.743430
