n_threads,Time,GFLOPS
14,2.203276,907.739380
14,2.222280,899.976612
14,2.205597,906.784158
14,2.211714,904.276073
14,2.207710,905.916069
