n_threads,Time,GFLOPS
12,2.489056,803.517367
12,2.481292,806.031794
12,2.483568,805.292942
12,2.477946,807.120009
12,2.483238,805.399955
