n_threads,Time,GFLOPS
15,2.068541,966.864953
15,2.115747,945.292799
15,2.069032,966.635713
15,2.108437,948.570040
15,2.070330,966.029687
