n_threads,Time,GFLOPS
6,2.477637,807.220780
6,2.476564,807.570511
6,2.476003,807.753360
6,2.480019,806.445339
6,2.480238,806.374151
