n_threads,Time,GFLOPS
5,2.981971,670.697385
5,2.948677,678.270288
5,2.959266,675.843347
5,2.951163,677.698920
5,2.945623,678.973465
