n_threads,Time,GFLOPS
7,4.196737,476.560774
7,4.196423,476.596369
7,4.190046,477.321760
7,4.198059,476.410630
7,4.192802,477.007940
