n_threads,Time,GFLOPS
5,2.952696,677.347121
5,2.990083,668.877849
5,2.983876,670.269167
5,2.950572,677.834674
5,2.950665,677.813278
