n_threads,Time,GFLOPS
18,1.760275,1136.186167
18,1.756963,1138.327578
18,1.748309,1143.962604
18,1.742147,1148.008843
18,1.753027,1140.883423
