n_threads,Time,GFLOPS
1,28.698198,69.690786
1,28.683416,69.726703
1,28.687906,69.715790
1,28.683238,69.727134
1,28.680078,69.734817
