n_threads,Time,GFLOPS
7,2.124164,941.546927
7,2.126202,940.644495
7,2.125140,941.114644
7,2.152054,929.344737
7,2.128404,939.671224
