n_threads,Time,GFLOPS
23,1.420812,1407.645938
23,1.470342,1360.228127
23,1.431458,1397.177329
23,1.433171,1395.506581
23,1.427071,1401.471500
