n_threads,Time,GFLOPS
7,2.149625,930.394965
7,2.135499,936.549355
7,2.132608,937.818867
7,2.133605,937.380441
7,2.128130,939.792076
