n_threads,Time,GFLOPS
18,0.847562,2359.709083
18,0.843176,2371.983704
18,0.843057,2372.319901
18,0.843806,2370.212539
18,0.843756,2370.354843
