n_threads,Time,GFLOPS
20,0.785907,2544.830485
20,0.785130,2547.349246
20,0.785165,2547.234908
20,0.786105,2544.190250
20,0.784716,2548.691590
