n_threads,Time,GFLOPS
22,0.741858,2695.933698
22,0.726425,2753.210381
22,0.738308,2708.894903
22,0.726673,2752.270177
22,0.730446,2738.051791
