n_threads,Time,GFLOPS
17,1.843150,1085.098705
17,1.841622,1085.999443
17,1.838749,1087.695781
17,1.880084,1063.782144
17,1.836089,1089.272108
