n_threads,Time,GFLOPS
24,1.434619,1394.098795
24,1.433916,1394.782151
24,1.437822,1390.992719
24,1.434234,1394.472528
24,1.465057,1365.134631
