n_threads,Time,GFLOPS
16,0.938670,2130.673469
16,0.938606,2130.819219
16,0.938880,2130.198517
16,0.937738,2132.790938
16,0.938095,2131.979923
