n_threads,Time,GFLOPS
22,1.480732,1350.683652
22,1.497632,1335.441737
22,1.499377,1333.887459
22,1.528387,1308.569473
22,1.476573,1354.487497
