n_threads,Time,GFLOPS
3,9.816933,203.729610
3,9.814748,203.774968
3,9.796125,204.162356
3,9.831229,203.433361
3,9.823000,203.603779
