n_threads,Time,GFLOPS
5,5.926519,337.466228
5,5.886258,339.774441
5,5.879735,340.151380
5,5.908000,338.524009
5,5.882642,339.983265
