n_threads,Time,GFLOPS
7,4.235157,472.237539
7,4.192346,477.059869
7,4.229443,472.875560
7,4.190189,477.305450
7,4.244117,471.240538
