n_threads,Time,GFLOPS
8,1.850799,1080.614225
8,1.849050,1081.636267
8,1.851269,1080.339883
8,1.870875,1069.018261
8,1.850663,1080.693592
