n_threads,Time,GFLOPS
2,7.582652,263.759968
2,7.655963,261.234275
2,7.590536,263.486005
2,7.604413,263.005178
2,7.590648,263.482118
