n_threads,Time,GFLOPS
19,0.798294,2505.343767
19,0.796050,2512.404896
19,0.796636,2510.556696
19,0.797704,2507.194089
19,0.794133,2518.468376
