n_threads,Time,GFLOPS
12,1.261728,1585.127962
12,1.262357,1584.337757
12,1.259671,1587.716032
12,1.260554,1586.603789
12,1.263388,1583.045071
