n_threads,Time,GFLOPS
1,29.102002,68.723794
1,29.157341,68.593361
1,29.139459,68.635454
1,29.142517,68.628253
1,29.136557,68.642290
