n_threads,Time,GFLOPS
12,2.481380,806.003095
12,2.481019,806.120284
12,2.481367,806.007494
12,2.495940,801.301225
12,2.484028,805.144058
