n_threads,Time,GFLOPS
4,7.391620,270.576671
4,7.432075,269.103840
4,7.553740,264.769513
4,7.395044,270.451400
4,7.403884,270.128492
