n_threads,Time,GFLOPS
21,1.524589,1311.829341
21,1.538488,1299.977780
21,1.527648,1309.202537
21,1.527174,1309.608465
21,1.541549,1297.396399
