n_threads,Time,GFLOPS
1,14.679280,136.246463
1,14.609361,136.898528
1,14.622949,136.771315
1,14.600479,136.981807
1,14.621873,136.781380
