n_threads,Time,GFLOPS
3,4.947933,404.209227
3,4.953491,403.755675
3,4.950800,403.975145
3,4.958158,403.375624
3,4.951278,403.936090
