n_threads,Time,GFLOPS
10,2.964907,674.557390
10,2.956778,676.411892
10,2.963671,674.838666
10,2.964625,674.621520
10,2.960657,675.525722
