n_threads,Time,GFLOPS
4,7.386727,270.755915
4,7.345738,272.266732
4,7.410671,269.881093
4,7.439882,268.821458
4,7.375166,271.180342
