n_threads,Time,GFLOPS
17,1.869507,1069.800557
17,1.877098,1065.474293
17,1.875384,1066.448359
17,1.874870,1066.740448
17,1.867640,1070.870380
