n_threads,Time,GFLOPS
21,0.732460,2730.524925
21,0.733584,2726.341465
21,0.733685,2725.964641
21,0.735041,2720.937173
21,0.734719,2722.127985
