n_threads,Time,GFLOPS
23,0.692765,2886.980081
23,0.691318,2893.023946
23,0.692928,2886.304449
23,0.689296,2901.511974
23,0.692799,2886.839836
