n_threads,Time,GFLOPS
13,2.423838,825.137718
13,2.404581,831.745645
13,2.400494,833.161847
13,2.401546,832.797035
13,2.416172,827.755536
