n_threads,Time,GFLOPS
6,4.893748,408.684718
6,4.905062,407.742034
6,4.885277,409.393360
6,4.941410,404.742784
6,4.895454,408.542324
