n_threads,Time,GFLOPS
17,0.891529,2243.336367
17,0.893594,2238.152657
17,0.891339,2243.814119
17,0.891176,2244.225152
17,0.892540,2240.794841
