n_threads,Time,GFLOPS
2,14.976151,133.545662
2,14.547105,137.484399
2,15.010293,133.241899
2,15.041521,132.965273
2,14.998782,133.344158
