n_threads,Time,GFLOPS
11,1.341577,1490.783383
11,1.359490,1471.140276
11,1.342302,1489.977622
11,1.341150,1491.256996
11,1.341544,1490.819253
