n_threads,Time,GFLOPS
17,0.890826,2245.107703
17,0.895859,2232.495375
17,0.892984,2239.680991
17,0.892754,2240.259209
17,0.896102,2231.888716
