n_threads,Time,GFLOPS
2,14.875971,134.445005
2,14.788052,135.244318
2,15.031902,133.050364
2,14.747036,135.620469
2,15.032149,133.048172
