n_threads,Time,GFLOPS
8,1.849684,1081.265560
8,1.852990,1079.336907
8,1.850772,1080.630427
8,1.850278,1080.918690
8,1.855952,1077.614165
