n_threads,Time,GFLOPS
4,3.706652,539.570492
4,3.720075,537.623599
4,3.704710,539.853380
4,3.706036,539.660155
4,3.706211,539.634613
