n_threads,Time,GFLOPS
10,1.488468,1343.663140
10,1.478640,1352.594407
10,1.476134,1354.890479
10,1.477236,1353.880181
10,1.477524,1353.615824
