n_threads,Time,GFLOPS
3,9.781892,204.459431
3,9.822635,203.611350
3,9.830476,203.448941
3,9.870878,202.616216
3,9.785107,204.392248
