n_threads,Time,GFLOPS
20,1.590914,1257.138845
20,1.604225,1246.707968
20,1.602138,1248.332191
20,1.603335,1247.399790
20,1.603608,1247.187264
