n_threads,Time,GFLOPS
14,1.082004,1848.422422
14,1.079057,1853.470819
14,1.082660,1847.301935
14,1.082898,1846.895561
14,1.080331,1851.284068
