n_threads,Time,GFLOPS
6,2.478583,806.912801
6,2.475697,807.853363
6,2.477425,807.289951
6,2.478861,806.822215
6,2.479603,806.580576
