n_threads,Time,GFLOPS
16,0.939883,2127.923627
16,0.939809,2128.092494
16,0.949085,2107.293000
16,0.940111,2127.408841
16,0.951322,2102.337048
