n_threads,Time,GFLOPS
15,0.996136,2007.757963
15,1.003866,1992.296957
15,0.995891,2008.250998
15,0.993936,2012.202813
15,0.996006,2008.019502
