n_threads,Time,GFLOPS
10,1.476918,1354.171291
10,1.475413,1355.552266
10,1.476915,1354.173721
10,1.475272,1355.681953
10,1.476801,1354.278702
