n_threads,Time,GFLOPS
21,1.501784,1331.749379
21,1.511703,1323.011541
21,1.508266,1326.026373
21,1.505742,1328.248869
21,1.504575,1329.279399
