n_threads,Time,GFLOPS
48,2.188873,913.712167
48,2.180638,917.162609
48,2.184506,915.538745
48,2.198150,909.856023
48,2.185772,915.008680
