n_threads,Time,GFLOPS
8,2.746891,728.095861
8,2.723472,734.356850
8,2.735673,731.081445
8,2.743652,728.955420
8,2.764893,723.355210
