n_threads,Time,GFLOPS
50,2.383274,839.181655
50,2.362017,846.733956
50,2.377584,841.190183
50,2.362468,846.572347
50,2.366539,845.116157
