n_threads,Time,GFLOPS
38,2.233655,895.393393
38,2.227795,897.748763
38,2.237052,894.033559
38,2.216786,902.207141
38,2.243836,891.330830
