n_threads,Time,GFLOPS
102,3.104925,644.137876
102,3.061072,653.365897
102,3.158445,633.223048
102,3.083980,648.512583
102,3.181917,628.551852
