n_threads,Time,GFLOPS
2,21.610179,92.548980
2,21.444738,93.262970
2,21.604782,92.572097
2,21.494099,93.048793
2,21.589007,92.639739
