n_threads,Time,GFLOPS
50,1.270874,1573.720065
50,1.259601,1587.804479
50,1.266280,1579.429624
50,1.266653,1578.964391
50,1.269942,1574.875247
