n_threads,Time,GFLOPS
18,3.039427,658.018853
18,3.035974,658.767130
18,,
18,,
18,3.039639,657.972884
