n_threads,Time,GFLOPS
118,2.811257,711.425452
118,2.841091,703.955031
118,2.830612,706.560976
118,2.829161,706.923323
118,2.790769,716.648425
