n_threads,Time,GFLOPS
108,2.847237,702.435464
108,2.826232,707.656009
108,2.900467,689.544194
108,2.855900,700.304733
108,2.844203,703.184576
