n_threads,Time,GFLOPS
44,1.308221,1528.793473
44,1.302957,1534.970323
44,1.302086,1535.996535
44,1.302530,1535.473399
44,1.302516,1535.490060
