n_threads,Time,GFLOPS
28,1.154905,1731.744429
28,1.151904,1736.256096
28,1.158051,1727.039141
28,1.164727,1717.140706
28,1.159525,1724.843823
