n_threads,Time,GFLOPS
116,3.450340,579.652986
116,3.546246,563.976598
116,3.485579,573.792762
116,3.604115,554.921251
116,3.891174,513.983665
