n_threads,Time,GFLOPS
112,1.786327,1119.615582
112,1.725688,1158.957867
112,1.811530,1104.039385
112,1.753030,1140.882024
112,1.812096,1103.694315
