n_threads,Time,GFLOPS
10,2.313268,864.577746
10,2.348487,851.612106
10,2.322466,861.153655
10,2.316196,863.484816
10,2.313530,864.479853
