n_threads,Time,GFLOPS
44,2.397108,834.338780
44,2.402647,832.415136
44,2.402114,832.599943
44,2.397584,834.172996
44,2.402163,832.582893
