n_threads,Time,GFLOPS
24,1.172731,1705.421383
24,1.178258,1697.421268
24,1.172300,1706.048358
24,1.171725,1706.885362
24,1.179552,1695.559353
