n_threads,Time,GFLOPS
54,1.181905,1692.182801
54,1.173822,1703.835525
54,1.179432,1695.731263
54,1.180923,1693.590812
54,1.183654,1689.682362
