n_threads,Time,GFLOPS
30,2.201550,908.450923
30,2.231763,896.152339
30,2.210567,904.745067
30,2.207420,906.034902
30,2.204087,907.405267
