n_threads,Time,GFLOPS
80,1.741897,1148.173777
80,1.690078,1183.377485
80,1.749271,1143.333448
80,1.840491,1086.666340
80,1.754750,1139.763507
