n_threads,Time,GFLOPS
18,3.049941,655.750433
18,3.043614,657.113520
18,3.035449,658.881153
18,3.034570,659.072019
18,3.023853,661.407723
