n_threads,Time,GFLOPS
14,1.704079,1173.654330
14,1.700506,1176.120744
14,1.692542,1181.654439
14,1.711772,1168.379827
14,1.695743,1179.423853
