n_threads,Time,GFLOPS
16,1.445352,1383.745808
16,1.455679,1373.928850
16,1.434161,1394.544041
16,1.454153,1375.370705
16,1.442838,1386.156834
