n_threads,Time,GFLOPS
62,2.027887,986.248172
62,2.043948,978.498390
62,2.059449,971.133432
62,2.046503,977.276775
62,2.062574,969.662252
