n_threads,Time,GFLOPS
78,1.781490,1122.655593
78,1.784876,1120.526109
78,1.778350,1124.637719
78,1.891168,1057.547340
78,1.811635,1103.975332
