n_threads,Time,GFLOPS
16,1.432612,1396.051462
16,1.445081,1384.005630
16,1.440287,1388.612407
16,1.448258,1380.969514
16,1.429316,1399.271099
