n_threads,Time,GFLOPS
120,3.189622,627.033467
120,2.980854,670.948766
120,3.201567,624.694011
120,3.019517,662.357560
120,3.038879,658.137357
