n_threads,Time,GFLOPS
40,2.278326,877.837473
40,2.264387,883.241061
40,2.268797,881.524602
40,2.275006,879.118620
40,2.285336,875.144990
