n_threads,Time,GFLOPS
122,3.795727,526.908268
122,3.825751,522.773172
122,4.026222,496.743557
122,3.855890,518.686979
122,4.030429,496.225082
