n_threads,Time,GFLOPS
120,2.053277,974.052753
120,2.105241,950.009777
120,2.113850,946.140917
120,1.947031,1027.205112
120,2.065125,968.464416
