n_threads,Time,GFLOPS
26,2.581985,774.597842
26,2.582804,774.352180
26,2.587056,773.079575
26,2.580022,775.187215
26,2.587426,772.969023
