n_threads,Time,GFLOPS
46,1.030957,1939.945619
46,1.013388,1973.576960
46,1.040900,1921.413566
46,1.010840,1978.552544
46,1.053928,1897.662991
