n_threads,Time,GFLOPS
104,2.838792,704.525044
104,2.825551,707.826598
104,2.820436,709.110226
104,2.856800,700.083939
104,2.810505,711.615891
