n_threads,Time,GFLOPS
4,11.669376,171.388770
4,11.632655,171.929794
4,11.668778,171.397551
4,11.637121,171.863815
4,11.685675,171.149715
