n_threads,Time,GFLOPS
94,2.828693,707.040300
94,2.836968,704.978088
94,2.783889,718.419536
94,2.871587,696.479081
94,2.732239,732.000411
