n_threads,Time,GFLOPS
14,3.746037,533.897625
14,3.743273,534.291799
14,3.738650,534.952402
14,3.741264,534.578680
14,3.746847,533.782076
