n_threads,Time,GFLOPS
122,2.772338,721.412761
122,2.868791,697.157786
122,2.759349,724.808710
122,2.835081,705.447175
122,2.764051,723.575656
