n_threads,Time,GFLOPS
114,1.989954,
114,1.932776,1034.781200
114,1.921231,1040.999339
114,1.949426,1025.943215
114,1.903365,1050.770763
