n_threads,Time,GFLOPS
64,1.332290,1501.174951
64,1.352097,1479.183552
64,1.343970,1488.128873
64,1.315811,1519.975211
64,1.342739,1489.492468
