n_threads,Time,GFLOPS
20,2.404789,831.673679
20,2.409728,829.969192
20,2.401050,832.968824
20,2.408813,830.284380
20,2.410947,829.549418
