n_threads,Time,GFLOPS
10,2.304717,867.785328
10,2.309869,865.849897
10,2.327854,859.160360
10,2.342890,853.646510
10,2.322906,860.990606
