n_threads,Time,GFLOPS
116,2.135951,936.350920
116,2.079288,961.867558
116,2.249430,889.114280
116,2.143018,933.263248
116,2.232904,895.694558
