n_threads,Time,GFLOPS
104,1.867513,1070.943129
104,1.816105,1101.258040
104,1.796295,1113.402630
104,1.688967,1184.155735
104,1.762564,1134.710870
