n_threads,Time,GFLOPS
68,2.999745,666.723293
68,2.876666,695.249375
68,2.993345,668.148765
68,3.023190,661.552810
68,3.040717,657.739635
