n_threads,Time,GFLOPS
12,1.855073,1078.124640
12,1.850524,1080.775202
12,1.853512,1079.032935
12,1.851264,1080.343086
12,1.849183,1081.558627
