n_threads,Time,GFLOPS
90,1.766123,1132.423704
90,1.752994,1140.904908
90,1.648458,1213.255391
90,1.703824,1173.829986
90,1.592180,1256.139270
