n_threads,Time,GFLOPS
126,1.972391,1013.997534
126,2.113803,946.161992
126,1.838474,1087.858752
126,1.956548,1022.208672
126,1.945196,1028.173947
