n_threads,Time,GFLOPS
106,2.586169,773.344532
106,2.689314,743.684088
106,2.623610,762.308313
106,2.788188,717.311690
106,2.678600,746.658654
