n_threads,Time,GFLOPS
32,1.197314,1670.405569
32,1.186847,1685.137552
32,1.187517,1684.186651
32,1.187608,1684.057218
32,1.184444,1688.555770
