n_threads,Time,GFLOPS
36,1.151129,1737.424511
36,1.155432,1730.954782
36,1.157275,1728.198424
36,1.165929,1715.370043
36,1.165204,1716.437351
