n_threads,Time,GFLOPS
20,1.251216,1598.444800
20,1.261525,1585.382800
20,1.254071,1594.806159
20,1.249040,1601.229221
20,1.264710,1581.390151
