n_threads,Time,GFLOPS
72,1.827514,1094.382860
72,1.785213,1120.314284
72,1.794709,1114.386522
72,1.799728,1111.279074
72,1.783604,1121.324846
