n_threads,Time,GFLOPS
46,2.154362,928.349010
46,2.165650,923.510389
46,2.160831,925.569929
46,2.177833,918.343880
46,2.164286,924.092457
