n_threads,Time,GFLOPS
80,1.845271,1083.851669
80,1.923209,1039.928433
80,1.800930,1110.537389
80,1.829119,
80,1.755388,1139.349531
