n_threads,Time,GFLOPS
58,1.064157,1879.421445
58,1.049927,1904.894888
58,1.043015,1917.517834
58,1.048543,1907.408883
58,1.048317,1907.819165
