n_threads,Time,GFLOPS
2,21.220808,94.247120
2,21.238496,94.168629
2,21.290555,93.938367
2,21.252571,94.106263
2,21.219660,94.252217
