n_threads,Time,GFLOPS
54,2.265838,882.675621
54,2.260862,884.618337
54,2.269308,881.325879
54,2.262498,883.978823
54,2.271422,880.505827
