n_threads,Time,GFLOPS
60,1.222386,1636.144247
60,1.208579,1654.836612
60,1.200187,1666.406964
60,1.206914,1656.536703
60,,
