n_threads,Time,GFLOPS
76,2.891283,691.734425
76,2.881963,693.971499
76,2.955045,676.808730
76,2.947689,678.497623
76,2.928244,683.003248
