n_threads,Time,GFLOPS
64,1.302961,1534.965059
64,1.321707,1513.194267
64,1.338359,1494.367489
64,1.321895,1512.979696
64,1.318736,1516.603987
