n_threads,Time,GFLOPS
100,1.765249,1132.984852
100,1.776382,1125.884031
100,1.696709,1178.752800
100,1.686277,1186.044975
100,1.726507,1158.408182
