n_threads,Time,GFLOPS
106,3.703456,540.036084
106,3.872519,516.459642
106,3.921465,510.013437
106,3.880565,515.388925
106,3.910264,511.474355
