n_threads,Time,GFLOPS
24,2.418515,826.953703
24,2.390082,836.791359
24,2.415198,828.089331
24,2.404018,831.940391
24,2.420720,826.200575
