n_threads,Time,GFLOPS
22,1.252454,1596.865098
22,1.246021,1605.109027
22,1.253342,1595.733267
22,1.260188,1587.064528
22,1.252681,1596.575542
