n_threads,Time,GFLOPS
48,1.162179,1720.905570
48,1.172734,1705.416421
48,1.166765,1714.141265
48,1.153986,1733.123187
48,1.153309,1734.141331
