n_threads,Time,GFLOPS
58,2.161079,925.463794
58,2.190211,913.153876
58,2.178589,918.025373
58,2.180504,917.219139
58,2.156065,927.615723
