n_threads,Time,GFLOPS
12,1.858962,1075.869457
12,1.855080,1078.120582
12,1.841735,1085.932850
12,1.858516,1076.127418
12,1.852005,1079.910775
