n_threads,Time,GFLOPS
88,2.956855,676.394311
88,2.863529,698.438960
88,2.984907,670.037591
88,2.819131,709.438550
88,2.896851,690.404760
