n_threads,Time,GFLOPS
90,2.799879,714.316621
90,2.794077,715.799766
90,2.874313,695.818360
90,2.818464,709.606431
90,2.881453,694.094375
