n_threads,Time,GFLOPS
82,3.960629,504.970285
82,3.849510,519.546660
82,3.841953,520.568547
82,3.671586,544.723719
82,3.827415,522.545897
