n_threads,Time,GFLOPS
6,8.015795,249.507385
6,8.000797,249.975107
6,8.070611,247.812719
6,7.999220,250.024372
6,8.008693,249.728643
