n_threads,Time,GFLOPS
88,2.895821,690.650352
88,2.888638,692.367878
88,2.871378,696.529606
88,2.857679,699.868578
88,2.882985,693.725353
