n_threads,Time,GFLOPS
42,1.186619,1685.461508
42,1.193352,1675.951136
42,1.185600,1686.909676
42,1.180233,1694.581107
42,1.183598,1689.763615
