n_threads,Time,GFLOPS
86,3.880486,515.399305
86,3.857561,518.462272
86,3.770768,530.395877
86,3.718683,537.824810
86,3.903103,512.412844
