n_threads,Time,GFLOPS
10,5.033608,397.329341
10,5.041265,396.725791
10,5.033950,397.302344
10,5.043150,396.577535
10,5.021638,398.276446
