n_threads,Time,GFLOPS
108,2.913397,686.483867
108,2.736749,730.793972
108,2.868685,697.183615
108,2.878954,694.696728
108,3.905881,512.048429
