n_threads,Time,GFLOPS
50,2.358550,847.978646
50,2.380328,840.220466
50,2.380847,840.037242
50,2.401008,832.983327
50,2.377648,841.167498
