n_threads,Time,GFLOPS
76,1.877172,1065.432349
76,1.864165,1072.866565
76,1.659817,1204.952020
76,1.809577,1105.230721
76,1.857592,1076.662466
