n_threads,Time,GFLOPS
28,1.150004,1739.125137
28,1.152010,1736.096585
28,1.148965,1740.697044
28,1.152773,1734.947637
28,1.156396,1729.511387
