n_threads,Time,GFLOPS
96,2.757688,725.245163
96,2.781206,719.112457
96,3.478986,574.880176
96,2.719324,735.477039
96,2.828497,707.089263
