n_threads,Time,GFLOPS
52,1.379963,1449.314146
52,1.404157,1424.342205
52,1.399847,1428.727267
52,1.399951,1428.621204
52,1.408678,1419.771085
