n_threads,Time,GFLOPS
102,1.886919,1059.928677
102,1.836405,1089.084232
102,1.792896,1115.513550
102,1.859928,1075.310621
102,1.963472,1018.603934
