n_threads,Time,GFLOPS
32,2.291796,872.678082
32,2.289524,873.544167
32,2.290028,873.351604
32,2.282611,876.189495
32,2.374287,842.358172
