n_threads,Time,GFLOPS
84,3.059440,653.714348
84,3.124669,640.067848
84,3.038872,658.139031
84,3.058896,653.830580
84,3.080941,649.152312
