n_threads,Time,GFLOPS
124,3.568832,560.407395
124,3.709893,539.099138
124,3.809418,525.014571
124,3.642250,549.111196
124,3.761926,531.642631
