n_threads,Time,GFLOPS
14,1.694285,1180.439147
14,1.716321,1165.282984
14,1.695217,1179.790246
14,1.704162,1173.597552
14,1.701475,1175.450990
