n_threads,Time,GFLOPS
124,3.609848,554.039886
124,3.649399,548.035409
124,3.629595,551.025699
124,3.666710,545.448143
124,3.644802,548.726681
