n_threads,Time,GFLOPS
48,2.206853,906.267761
48,2.194212,911.489092
48,2.199903,909.131132
48,2.208899,905.428490
48,2.205576,906.792563
