n_threads,Time,GFLOPS
62,0.983026,2034.534173
62,0.986493,2027.383827
62,1.001569,1996.866802
62,0.983645,2033.253168
62,0.981482,2037.734783
