n_threads,Time,GFLOPS
40,2.264164,883.328140
40,2.265782,882.697596
40,2.288282,874.018270
40,2.254109,887.268733
40,2.282286,876.314315
