n_threads,Time,GFLOPS
92,1.998762,1000.619594
92,2.064877,968.580707
92,2.082484,960.391518
92,2.078231,962.356886
92,2.014077,993.010747
