n_threads,Time,GFLOPS
94,3.784110,528.525913
94,3.944837,506.991816
94,3.930842,508.796787
94,4.015263,498.099373
94,3.794290,527.107851
