n_threads,Time,GFLOPS
18,1.342397,1489.872163
18,1.340965,1491.463614
18,1.340587,1491.883629
18,1.336935,1495.959561
18,1.339275,1493.345487
