n_threads,Time,GFLOPS
72,1.764028,1133.769000
72,1.823383,1096.862052
72,1.807753,1106.345598
72,1.890944,1057.672983
72,1.851952,1079.941759
