n_threads,Time,GFLOPS
42,1.185649,1686.839585
42,1.185590,1686.924130
42,1.183411,1690.029315
42,1.187940,1683.586427
42,1.185584,1686.931881
