n_threads,Time,GFLOPS
98,1.757337,1138.085731
98,1.698805,1177.298198
98,1.747460,1144.518443
98,1.805371,1107.805319
98,1.783485,1121.399887
