n_threads,Time,GFLOPS
86,2.697577,741.406152
86,2.783164,718.606563
86,2.613924,765.133136
86,2.608249,766.797955
86,2.833639,705.806280
