n_threads,Time,GFLOPS
34,1.099417,1819.145765
34,1.105349,1809.383613
34,1.096487,1824.006734
34,1.099983,1818.209863
34,1.099944,1818.274172
