n_threads,Time,GFLOPS
96,1.699977,1176.486719
96,1.731619,1154.988463
96,1.709248,1170.105349
96,1.704802,1173.156799
96,1.761194,1135.593151
