n_threads,Time,GFLOPS
56,2.384663,838.692923
56,2.336802,855.870388
56,,
56,2.360867,847.146387
56,2.369995,843.883731
