n_threads,Time,GFLOPS
34,2.352869,874.395378
34,2.334607,856.675251
34,2.346383,852.375754
34,2.367650,844.719446
34,2.332881,857.308993
