n_threads,Time,GFLOPS
74,2.822141,708.681691
74,2.648862,755.041121
74,2.749880,727.304381
74,2.749611,727.375592
74,2.087022,958.303372
