n_threads,Time,GFLOPS
64,2.477475,807.273682
64,2.445064,817.974466
64,2.470523,809.545045
64,2.502947,799.058012
64,2.462776,812.091579
