n_threads,Time,GFLOPS
126,2.973154,672.686396
126,3.092170,646.794936
126,2.882662,693.803045
126,3.155274,633.859339
126,2.958810,675.947441
