n_threads,Time,GFLOPS
96,2.788714,717.176564
96,2.818693,709.548674
96,2.819315,709.392115
96,2.828781,707.018201
96,2.781616,719.006441
