n_threads,Time,GFLOPS
78,2.925114,683.733979
78,2.942581,679.675374
78,2.913098,686.554265
78,2.977863,671.622575
78,2.981057,670.902949
