n_threads,Time,GFLOPS
72,2.988434,669.246763
72,2.969552,673.502305
72,2.974215,672.446378
72,2.906586,688.092429
72,2.963598,674.855322
