n_threads,Time,GFLOPS
6,3.680479,543.407523
6,3.727228,536.591869
6,3.684016,542.885755
6,3.724524,536.981326
6,3.679662,543.528152
