n_threads,Time,GFLOPS
110,2.947704,678.494175
110,2.883518,693.597176
110,2.998136,667.081052
110,2.933605,681.755028
110,2.876947,695.181310
