n_threads,Time,GFLOPS
68,3.035967,658.768616
68,3.106169,643.879885
68,3.093842,646.445527
68,3.026586,660.810500
68,3.065806,652.356955
