n_threads,Time,GFLOPS
14,3.733168,535.738076
14,3.731456,535.983839
14,3.741921,534.484782
14,3.727016,536.622397
14,3.730154,536.170858
