n_threads,Time,GFLOPS
114,3.140613,636.818436
114,3.104800,644.163811
114,3.105621,643.993567
114,3.221120,620.902039
114,3.142249,636.486743
