n_threads,Time,GFLOPS
60,1.191142,1679.060573
60,1.208597,1654.811903
60,1.194009,1675.029376
60,1.212949,1648.873909
60,1.194578,1674.230769
