n_threads,Time,GFLOPS
82,2.702676,740.007246
82,2.792380,716.234827
82,2.873433,696.031631
82,2.779287,719.609139
82,2.797436,714.940522
