n_threads,Time,GFLOPS
30,1.121549,1783.248151
30,1.120044,1785.644647
30,1.115993,1792.126143
30,1.121795,1782.856621
30,1.117090,1790.365619
