n_threads,Time,GFLOPS
36,2.216316,902.398376
36,2.209986,904.983306
36,2.220864,900.550256
36,2.213281,903.635989
36,2.212811,903.827870
