n_threads,Time,GFLOPS
128,3.334220,599.840501
128,3.213558,622.363102
128,3.373598,592.838922
128,3.237839,617.696033
128,3.435182,582.210749
