n_threads,Time,GFLOPS
112,2.912431,686.711600
112,2.922312,684.389579
112,2.823253,708.402718
112,2.926942,683.306978
112,2.871521,696.495074
