n_threads,Time,GFLOPS
100,1.757070,1138.258640
100,1.729731,1156.249371
100,1.781750,1122.491825
100,,
100,1.765007,1133.140148
