n_threads,Time,GFLOPS
82,2.814128,710.699847
82,2.731171,732.286561
82,2.819788,709.273124
82,2.807259,712.438713
82,2.732837,731.840305
