n_threads,Time,GFLOPS
70,2.885085,693.220535
70,2.920640,684.781379
70,2.911166,687.009859
70,2.974545,672.371795
70,2.988004,669.343091
