n_threads,Time,GFLOPS
100,2.833851,705.753524
100,2.759523,724.763043
100,2.823376,708.371848
100,2.817056,709.960971
100,2.749106,727.509247
