n_threads,Time,GFLOPS
40,1.194992,1673.651233
40,1.195341,1673.162643
40,1.195105,1673.492435
40,1.193901,1675.180293
40,1.196185,1671.981981
