n_threads,Time,GFLOPS
98,2.955715,676.655130
98,2.973591,672.587345
98,2.935833,681.237589
98,3.042883,657.271366
98,2.923358,684.144663
