n_threads,Time,GFLOPS
4,11.680009,171.232740
4,11.675575,171.297775
4,11.679297,171.243177
4,11.656938,171.571648
4,11.680149,171.230698
