n_threads,Time,GFLOPS
116,3.559938,561.807538
116,3.512007,569.474902
116,3.393875,589.296973
116,3.462001,577.700653
116,3.476458,575.298216
