n_threads,Time,GFLOPS
56,1.256024,1592.325994
56,1.249910,1600.114680
56,1.262008,1584.776622
56,1.255949,
56,1.247995,1705.541730
