n_threads,Time,GFLOPS
20,1.252021,1660.774485
20,1.252356,
20,1.248534,1601.878429
20,1.255900,1592.483209
20,1.250327,1599.581891
