n_threads,Time,GFLOPS
2,10.489550,190.665943
2,10.493848,190.587865
2,10.500872,190.460378
2,10.518564,190.140021
2,10.504794,190.389262
