n_threads,Time,GFLOPS
16,2.852146,701.226452
16,2.891702,691.634275
16,2.833471,705.847954
16,2.903200,688.894937
16,2.830473,706.595666
