n_threads,Time,GFLOPS
46,1.046964,1910.285225
46,1.009559,1981.062342
46,1.028381,1944.803760
46,1.044432,1914.916343
46,1.021041,1958.784813
