n_threads,Time,GFLOPS
118,3.958168,505.284254
118,3.840083,520.822075
118,3.937101,507.987931
118,3.931327,508.734096
118,3.900510,512.753499
