n_threads,Time,GFLOPS
94,4.014303,498.218490
94,3.890032,514.134612
94,3.818338,523.788047
94,4.155690,481.267831
94,3.927446,509.236856
