n_threads,Time,GFLOPS
114,2.048264,976.436490
114,1.934886,1033.652807
114,1.941850,1029.945541
114,1.958557,1021.160013
114,2.044497,978.235504
