n_threads,Time,GFLOPS
78,2.935865,681.230304
78,2.942631,679.663802
78,2.979305,671.297456
78,2.957113,676.335219
78,2.970147,673.367448
