n_threads,Time,GFLOPS
88,1.709288,1170.077966
88,1.698627,1177.421803
88,1.744027,1146.770976
88,1.678800,1191.326909
88,1.753846,1140.351144
