n_threads,Time,GFLOPS
40,1.206931,1657.095074
40,1.196466,1671.589436
40,1.197810,1669.714261
40,1.198484,1668.774660
40,1.198476,1668.785959
