n_threads,Time,GFLOPS
102,1.829717,1093.065405
102,1.874090,1067.184776
102,1.826130,1095.212004
102,1.820068,1098.860306
102,1.885693,1060.617815
