n_threads,Time,GFLOPS
10,5.075108,394.080316
10,5.041238,396.727949
10,5.064547,394.902057
10,5.078265,393.835282
10,5.041239,396.727879
