n_threads,Time,GFLOPS
72,3.021409,661.942899
72,3.096172,645.958903
72,3.051237,655.471762
72,3.119430,641.142810
72,3.061632,653.246422
