n_threads,Time,GFLOPS
76,1.862036,1074.093099
76,1.821240,1098.152935
76,1.768741,1130.747863
76,1.670257,1197.420606
76,1.913428,1045.244181
