n_threads,Time,GFLOPS
36,2.192453,912.220277
36,2.191146,912.764381
36,2.193249,911.889213
36,2.208253,905.693437
36,2.194149,911.515035
