n_threads,Time,GFLOPS
32,2.276964,878.362610
32,2.273973,879.517751
32,2.265414,882.840702
32,,
32,2.271748,880.379492
