n_threads,Time,GFLOPS
16,2.894752,690.905405
16,2.910801,687.095993
16,2.901206,689.368493
16,2.880844,694.241105
16,2.896954,690.380406
