n_threads,Time,GFLOPS
106,2.673658,748.038770
106,2.830530,706.581569
106,2.774690,720.801315
106,2.768666,722.369669
106,2.748426,727.689177
