n_threads,Time,GFLOPS
124,2.272292,880.168662
124,2.345781,852.594675
124,2.365825,845.371049
124,2.250619,888.644459
124,2.459535,735.078291
