n_threads,Time,GFLOPS
8,5.697900,351.006519
8,5.735838,348.684905
8,5.694357,351.224936
8,5.814500,343.967677
8,5.720327,349.630382
