n_threads,Time,GFLOPS
34,1.102395,1814.231754
34,1.094597,1827.155764
34,1.109038,1803.365315
34,1.099700,1818.677113
34,1.103128,1813.025455
