n_threads,Time,GFLOPS
52,1.384125,1444.955822
52,1.399501,1429.081207
52,1.409798,1418.642681
52,1.408318,1420.134067
52,1.397101,1431.535260
