n_threads,Time,GFLOPS
52,2.566645,779.227452
52,2.532717,789.665911
52,2.588422,772.671506
52,2.527016,791.447174
52,2.593506,771.156863
