n_threads,Time,GFLOPS
58,2.114655,945.780906
58,2.540270,787.317760
58,2.120983,942.959010
58,2.100234,952.274717
58,2.122482,942.293058
