n_threads,Time,GFLOPS
24,1.172450,1705.829449
24,1.173371,1704.490992
24,1.169576,1710.020861
24,1.169383,1710.303017
24,1.187918,1683.617357
