n_threads,Time,GFLOPS
62,2.040344,980.226731
62,2.029505,985.462034
62,2.029689,985.372821
62,2.026383,986.980368
62,2.026386,986.978864
