n_threads,Time,GFLOPS
18,1.351509,1479.827605
18,1.357057,1473.777538
18,1.355181,1475.817093
18,1.355536,1475.431055
18,1.362113,1468.306567
