n_threads,Time,GFLOPS
48,1.183642,1689.700769
48,1.185209,1687.465748
48,1.165202,1716.440027
48,1.165347,1716.227475
48,1.159954,1724.206033
