n_threads,Time,GFLOPS
46,2.103965,950.585974
46,2.157726,926.901834
46,2.160581,925.676807
46,2.151066,929.771437
46,2.100955,951.948035
