n_threads,Time,GFLOPS
38,,
38,1.040029,1923.022389
38,1.040901,1921.412352
38,1.042043,1919.306272
38,1.040370,1922.392433
