n_threads,Time,GFLOPS
42,2.226153,898.410667
42,2.224820,898.949278
42,2.224084,899.246596
42,2.231196,896.380090
42,2.233821,895.326956
