n_threads,Time,GFLOPS
90,1.715825,1165.619788
90,1.704392,1173.438775
90,1.659338,1205.299648
90,1.639764,1219.688003
90,1.633941,1224.034698
