n_threads,Time,GFLOPS
60,2.308327,866.428297
60,2.264189,883.318631
60,2.284596,875.428138
60,2.253173,887.636993
60,2.250070,888.861410
