n_threads,Time,GFLOPS
116,2.246352,890.332577
116,2.166748,923.042397
116,2.184746,915.438105
116,2.099843,952.452158
116,2.335091,856.497659
