n_threads,Time,GFLOPS
84,1.846611,1083.065348
84,1.769560,1130.224413
84,1.737904,1150.811546
84,1.740883,1148.842470
84,1.853670,1078.940942
