n_threads,Time,GFLOPS
92,3.472822,575.900543
92,3.420714,584.673267
92,3.332641,600.124672
92,3.342856,598.290727
92,3.579019,558.812413
