n_threads,Time,GFLOPS
74,3.576520,559.202864
74,,
74,3.818670,523.742551
74,3.527653,566.949128
74,3.475552,575.448110
