n_threads,Time,GFLOPS
78,1.806169,1107.316347
78,1.858961,1075.869900
78,1.854594,1078.403218
78,1.804139,1108.561993
78,1.851288,1080.328876
