n_threads,Time,GFLOPS
98,1.696141,1179.147304
98,1.697844,1177.964243
98,1.667570,1199.350184
98,1.658084,1206.211273
98,1.654042,1209.159210
