n_threads,Time,GFLOPS
108,1.852628,1079.547542
108,1.898253,1053.600103
108,1.749179,1143.393622
108,1.834145,1090.426038
108,,
