n_threads,Time,GFLOPS
28,2.226156,898.409766
28,2.276261,878.634007
28,2.259077,885.317469
28,2.276456,878.558744
28,2.257912,885.774288
