n_threads,Time,GFLOPS
70,1.666590,1200.055117
70,1.727748,1157.576371
70,1.718399,1163.874104
70,1.567480,1275.933181
70,1.757251,1138.141508
