n_threads,Time,GFLOPS
82,3.900745,512.722541
82,3.810237,524.901778
82,3.788983,527.846179
82,3.706214,539.634187
82,3.859680,518.177666
