n_threads,Time,GFLOPS
96,1.768967,1130.603412
96,1.648595,1213.154581
96,1.783913,1121.130888
96,1.698054,1177.818539
96,1.778875,1124.306183
