n_threads,Time,GFLOPS
66,2.823281,708.395646
66,2.957923,676.150129
66,2.960597,675.539402
66,2.813661,710.817737
66,2.833002,705.964962
