n_threads,Time,GFLOPS
4,5.382693,371.561236
4,5.389937,371.061848
4,5.399915,370.376178
4,5.424147,368.721578
4,5.435950,367.921004
