n_threads,Time,GFLOPS
62,0.993257,2013.578533
62,1.019330,1962.073205
62,1.037480,1927.748406
62,0.976670,2047.773811
62,1.004980,1990.088476
