n_threads,Time,GFLOPS
94,2.745633,728.429422
94,2.818323,709.641909
94,2.673706,748.025265
94,2.756523,725.551730
94,2.687066,744.306110
