n_threads,Time,GFLOPS
128,3.248846,615.603144
128,3.291449,607.635096
128,3.404474,587.462248
128,3.326078,601.308854
128,3.368086,593.809147
