n_threads,Time,GFLOPS
108,1.881249,1063.123603
108,1.888774,1058.887792
108,1.801907,1109.935174
108,1.785190,1120.329034
108,1.798571,1111.993618
