n_threads,Time,GFLOPS
4,5.426592,368.555471
4,5.442447,367.481745
4,5.428038,368.457285
4,5.393547,370.813467
4,5.399268,370.420569
