n_threads,Time,GFLOPS
22,2.714314,736.834549
22,2.758733,724.970355
22,2.754194,726.165179
22,2.724027,734.207024
22,2.731003,732.331697
