n_threads,Time,GFLOPS
92,3.385882,590.688066
92,3.632133,550.640560
92,3.423522,584.193696
92,3.484873,573.909056
92,3.516437,568.757583
