n_threads,Time,GFLOPS
68,1.644807,1215.948379
68,1.644243,1216.365222
68,1.551466,1289.102975
68,1.773338,1127.816686
68,1.677666,1192.132320
