n_threads,Time,GFLOPS
26,1.207182,1656.751402
26,1.207755,1655.964730
26,1.207509,1656.302480
26,1.211050,1651.459245
26,1.207785,1655.924094
