n_threads,Time,GFLOPS
86,2.804189,713.218630
86,2.775793,720.514900
86,,
86,2.780912,719.188438
86,2.605496,767.608046
