n_threads,Time,GFLOPS
26,1.203775,1661.440268
26,1.200559,1665.889961
26,1.202923,1662.616707
26,1.200521,1665.942884
26,1.292070,1547.903881
