n_threads,Time,GFLOPS
76,2.822042,708.706608
76,2.916186,685.827368
76,2.931283,682.295029
76,2.941386,679.951581
76,2.943457,679.473254
