n_threads,Time,GFLOPS
12,3.920762,510.104964
12,3.894992,513.479894
12,3.912815,511.140969
12,3.823493,523.081894
12,3.931883,508.662094
