n_threads,Time,GFLOPS
66,1.664761,1201.373532
66,1.705894,1172.405619
66,1.718786,1163.612272
66,1.768139,1131.132630
66,1.702792,1174.541709
