n_threads,Time,GFLOPS
92,2.055596,972.953654
92,2.026978,986.690663
92,2.024697,987.802097
92,2.113574,946.264267
92,1.907426,1048.533202
