n_threads,Time,GFLOPS
74,2.596277,770.333866
74,2.260136,884.902440
74,2.749273,727.465116
74,1.689743,1183.612176
74,2.750456,727.152128
