n_threads,Time,GFLOPS
80,2.976077,672.025686
80,2.960165,675.638108
80,3.003096,665.979425
80,3.000521,666.550938
80,2.940314,680.199418
