n_threads,Time,GFLOPS
128,2.296995,870.702697
128,2.418049,827.113118
128,2.108612,948.491190
128,2.259740,885.057577
128,2.387143,837.821491
