n_threads,Time,GFLOPS
110,1.864932,1072.425126
110,1.807619,1106.427896
110,1.851820,1080.018657
110,1.798722,1111.900821
110,1.944762,1028.403663
