n_threads,Time,GFLOPS
128,2.437055,820.662578
128,2.326841,859.534571
128,2.354456,849.453057
128,2.301943,868.831172
128,2.437399,820.546884
