n_threads,Time,GFLOPS
58,1.054041,1897.459366
58,1.034292,1933.690646
58,1.038481,1925.889396
58,1.039956,1923.158054
58,1.038070,1926.653043
