n_threads,Time,GFLOPS
120,2.128131,939.791916
120,1.950905,1025.165318
120,1.890333,1058.014499
120,2.040148,980.321234
120,2.066210,967.955987
