n_threads,Time,GFLOPS
52,2.506143,798.038963
52,2.510540,796.641499
52,2.507474,797.615291
52,2.496507,801.119220
52,2.507268,797.681065
