n_threads,Time,GFLOPS
8,2.707758,738.618456
8,2.689607,743.602961
8,2.726044,733.663816
8,2.712830,737.237472
8,2.713114,737.160193
