n_threads,Time,GFLOPS
44,1.287653,1553.212932
44,1.291922,1548.081374
44,1.291498,1548.589581
44,1.289730,1550.712532
44,1.293947,1545.658006
