n_threads,Time,GFLOPS
100,1.648746,1213.043379
100,1.642592,1217.587841
100,1.691687,1182.251983
100,1.690834,1182.848326
100,1.633456,1224.397503
