n_threads,Time,GFLOPS
8,4.377480,456.883878
8,4.323608,462.576664
8,4.417616,452.732867
8,4.344452,460.357269
8,4.386779,455.915398
