n_threads,Time,GFLOPS
2,21.781895,91.819374
2,21.836439,91.590026
2,21.800245,91.742087
2,21.788556,91.791306
2,21.777484,91.837972
