n_threads,Time,GFLOPS
60,1.535995,1302.087725
60,1.545059,1294.448559
60,1.543036,1296.146075
60,1.530562,1306.709451
60,1.546913,1292.897226
