n_threads,Time,GFLOPS
24,3.621258,552.294290
24,3.622892,552.045155
24,3.625120,551.705846
24,3.617858,552.813336
24,3.632276,550.618920
