n_threads,Time,GFLOPS
112,3.861667,517.910995
112,3.870619,516.713156
112,3.896445,513.288434
112,3.875968,516.000136
112,3.890136,514.120811
