n_threads,Time,GFLOPS
128,3.875451,516.068923
128,3.840539,520.760266
128,3.853714,518.979812
128,3.851743,519.245507
128,3.704269,539.917615
