n_threads,Time,GFLOPS
52,1.571390,1272.758413
52,1.579109,1266.537179
52,1.552699,1288.079731
52,1.572217,1272.088919
52,1.559584,1282.392889
