n_threads,Time,GFLOPS
98,3.674377,544.310031
98,4.015627,498.054211
98,3.813280,524.482812
98,3.678912,543.638942
98,3.820240,523.527342
