n_threads,Time,GFLOPS
92,3.911441,511.320485
92,3.879538,515.525243
92,3.907515,511.834290
92,3.900962,512.694062
92,3.894232,513.580096
