n_threads,Time,GFLOPS
94,3.853157,519.054872
94,3.707581,539.435296
94,3.747456,533.695382
94,3.801627,526.090497
94,3.812351,524.610639
