n_threads,Time,GFLOPS
66,1.978220,1011.009786
66,1.983448,1008.345241
66,2.008323,995.855618
66,1.936544,1032.767586
66,1.970817,1014.807735
