n_threads,Time,GFLOPS
18,2.218206,901.629491
18,2.257962,885.754657
18,2.269928,881.085401
18,2.246397,890.314747
18,2.242323,891.932323
