n_threads,Time,GFLOPS
112,3.855225,518.776507
112,3.848515,519.680910
112,3.877275,515.826132
112,3.854730,518.843080
112,3.865506,517.396681
