n_threads,Time,GFLOPS
78,3.521879,567.878708
78,3.607445,554.409049
78,3.618617,552.697283
78,3.630816,550.840417
78,3.687161,542.422762
