n_threads,Time,GFLOPS
42,3.186483,627.651171
42,3.223996,620.348167
42,3.218925,621.325494
42,3.221456,620.837204
42,3.193066,626.357243
