n_threads,Time,GFLOPS
126,1.735345,1152.508382
126,1.750600,1142.465262
126,1.690883,1182.813622
126,1.671120,1196.802158
126,1.702548,1174.710148
