n_threads,Time,GFLOPS
92,3.896028,513.343311
92,3.914887,510.870389
92,3.907181,511.878035
92,3.902349,512.511869
92,3.933665,508.431712
