n_threads,Time,GFLOPS
100,3.836040,521.370935
100,3.815067,524.237218
100,3.799538,526.379728
100,3.820290,523.520419
100,3.819777,523.590843
