n_threads,Time,GFLOPS
48,3.418834,584.994836
48,3.420059,584.785192
48,3.374841,592.620582
48,3.458418,578.299118
48,3.430180,583.059787
