n_threads,Time,GFLOPS
106,1.637614,1221.289232
106,1.633958,1224.021917
106,1.657613,1206.554291
106,1.656405,1207.434490
106,1.707037,1171.620747
