n_threads,Time,GFLOPS
40,1.541808,1297.178433
40,,
40,1.554340,1286.719520
40,1.556930,1284.579083
40,1.563598,1279.100979
