n_threads,Time,GFLOPS
24,1.853298,1079.157418
24,1.849325,1081.475761
24,1.850316,1080.896685
24,1.858180,1076.321794
24,1.848249,1082.105097
