n_threads,Time,GFLOPS
14,2.699190,740.962990
14,2.703819,739.694446
14,2.668115,749.592863
14,2.662420,751.196240
14,2.703940,739.661274
