n_threads,Time,GFLOPS
42,3.175545,629.813195
42,3.161904,632.530285
42,3.183627,628.214297
42,3.173466,630.225775
42,3.196886,625.608824
