n_threads,Time,GFLOPS
4,10.948179,182.678785
4,10.883826,183.758912
4,10.908972,183.335332
4,10.923942,183.084090
4,10.889808,183.657961
