n_threads,Time,GFLOPS
4,11.179054,178.906013
4,11.185279,178.806445
4,11.190438,178.724010
4,11.262409,177.581904
4,11.233046,178.046095
