n_threads,Time,GFLOPS
114,4.008347,498.958789
114,3.745965,533.907814
114,4.144736,482.539828
114,4.105124,487.196047
114,3.916118,510.709784
