n_threads,Time,GFLOPS
20,3.660530,546.368969
20,3.678333,543.724551
20,3.678728,543.666108
20,3.666633,545.459487
20,3.688960,542.158246
