n_threads,Time,GFLOPS
38,3.213411,622.391676
38,3.206247,623.782314
38,3.218932,621.324076
38,3.216315,621.829692
38,3.218102,621.484261
