n_threads,Time,GFLOPS
98,1.661489,1203.739376
98,1.687914,1184.894708
98,1.625050,1230.731203
98,1.606044,1245.296230
98,1.656897,1207.075472
