n_threads,Time,GFLOPS
62,1.754796,1139.733323
62,1.792847,1115.544203
62,1.875946,1066.128908
62,1.831319,1092.108898
62,1.745217,1145.989598
