n_threads,Time,GFLOPS
80,3.775817,529.686751
80,3.782201,528.792662
80,3.770543,530.427547
80,3.799933,526.325109
80,3.790050,527.697485
