n_threads,Time,GFLOPS
50,1.487971,1344.112523
50,1.504813,1329.069129
50,1.493149,1339.450837
50,1.493968,1338.716373
50,1.479938,1351.407627
