n_threads,Time,GFLOPS
32,3.480788,574.582546
32,3.461804,577.733505
32,3.462046,577.693025
32,3.472577,575.941103
32,3.472965,575.876733
