n_threads,Time,GFLOPS
124,3.948297,506.547465
124,3.954843,505.709034
124,3.946828,506.736006
124,3.931747,508.679724
124,3.940273,507.579037
