n_threads,Time,GFLOPS
2,16.369324,122.179752
2,16.155472,123.797061
2,16.292115,122.758769
2,16.175974,123.640163
2,16.371001,122.167242
