n_threads,Time,GFLOPS
106,1.696262,1179.063439
106,1.661155,1203.981415
106,1.657325,1206.764054
106,1.676956,1192.636970
106,1.699316,1176.943873
