n_threads,Time,GFLOPS
26,3.398183,588.549793
26,3.386951,590.501544
26,3.413542,585.901742
26,3.404746,587.415271
26,3.405534,587.279464
