n_threads,Time,GFLOPS
122,3.945369,506.923434
122,4.267726,468.633638
122,4.165778,480.102359
122,4.191382,477.169562
122,3.812404,524.603383
