n_threads,Time,GFLOPS
22,3.510162,569.774270
22,3.493277,572.528321
22,3.484869,573.909662
22,3.483742,574.095373
22,3.490414,572.998004
