n_threads,Time,GFLOPS
76,3.803439,525.839918
76,3.785667,528.308463
76,3.840662,520.743581
76,3.814255,524.348734
76,3.783475,528.614613
