n_threads,Time,GFLOPS
24,1.860159,1075.176620
24,1.857325,1076.817327
24,1.861515,1074.393513
24,1.869635,1069.727674
24,1.856352,1077.381844
