n_threads,Time,GFLOPS
108,1.694434,1180.334986
108,1.718731,1163.648909
108,1.741486,1148.444796
108,1.707090,1171.584385
108,1.729240,1156.577766
