n_threads,Time,GFLOPS
74,2.120564,943.145191
74,2.138812,935.098559
74,2.148383,930.932564
74,2.071010,965.712281
74,2.159378,926.192736
