n_threads,Time,GFLOPS
28,1.714083,1166.804624
28,1.692255,1181.855204
28,1.742285,1147.917699
28,1.697415,1178.262305
28,1.705111,1172.944115
