n_threads,Time,GFLOPS
102,1.724788,1159.562763
102,1.639718,1219.721814
102,1.682720,1188.552143
102,1.664315,1201.695313
102,1.745398,1145.870643
