n_threads,Time,GFLOPS
70,1.907273,1048.617510
70,1.840028,1086.939713
70,1.873176,1067.705293
70,1.864813,1072.493881
70,1.885080,1060.962955
