n_threads,Time,GFLOPS
32,3.466979,576.871178
32,3.445150,580.526328
32,3.449546,579.786388
32,3.465230,577.162326
32,3.448177,580.016680
