n_threads,Time,GFLOPS
126,4.208855,475.188573
126,4.648600,430.237023
126,4.002964,499.629761
126,4.422415,452.241593
126,3.917649,510.510314
