n_threads,Time,GFLOPS
120,3.897778,513.112846
120,3.920310,510.163686
120,3.898555,513.010649
120,3.878163,515.708033
120,3.873586,516.317481
