n_threads,Time,GFLOPS
116,3.871866,516.546736
116,3.870245,516.763104
116,3.863649,517.645322
116,3.887212,514.507555
116,3.858837,518.290904
