n_threads,Time,GFLOPS
26,1.830033,1092.876265
26,1.825160,1095.794212
26,1.828442,1093.827673
26,1.816670,1100.915350
26,1.819310,1099.317598
