n_threads,Time,GFLOPS
66,3.460149,578.009834
66,3.503950,570.784441
66,3.463226,577.496270
66,3.466158,577.007703
66,3.464093,577.351658
