n_threads,Time,GFLOPS
82,1.726279,1158.561581
82,1.770324,1129.736929
82,1.756300,1138.757322
82,1.734280,1153.216125
82,1.734179,1153.283256
