n_threads,Time,GFLOPS
94,2.006720,996.651303
94,1.882602,1062.359220
94,1.877967,1064.981707
94,1.843510,1084.886753
94,1.917361,1043.100141
