n_threads,Time,GFLOPS
76,1.830065,1092.857268
76,1.816493,1101.022845
76,1.889441,1058.514183
76,1.814293,1102.357882
76,1.867107,1071.175834
