n_threads,Time,GFLOPS
86,1.760763,1135.870970
86,1.725436,1159.127486
86,1.775818,1126.241830
86,1.784442,1120.798305
86,1.761969,1135.093913
