n_threads,Time,GFLOPS
86,3.868985,516.931380
86,3.957217,505.405750
86,3.831075,522.046694
86,3.925883,509.439502
86,3.980044,502.506978
