n_threads,Time,GFLOPS
96,3.812328,524.613791
96,3.831496,521.989366
96,3.810436,524.874289
96,3.843240,520.394244
96,3.818424,523.776288
