n_threads,Time,GFLOPS
56,1.538185,1300.233913
56,1.526557,1310.137461
56,1.525321,1311.199171
56,1.528922,1308.111392
56,1.534803,1303.099007
