n_threads,Time,GFLOPS
34,1.668626,1198.590763
34,1.660202,1204.673015
34,1.736449,1151.776038
34,1.660221,1204.658716
34,1.632085,1225.426336
