n_threads,Time,GFLOPS
20,3.711457,538.871893
20,3.705324,539.763839
20,3.710889,538.954420
20,3.704174,539.931413
20,3.713241,538.612977
