n_threads,Time,GFLOPS
44,1.505134,1328.785701
44,1.516053,1319.214894
44,1.519740,1316.014990
44,1.517728,1317.759213
44,1.495905,1336.983451
