n_threads,Time,GFLOPS
52,3.437052,581.894091
52,3.450422,579.639246
52,3.449586,579.779700
52,3.445844,580.409345
52,3.443385,580.823828
