n_threads,Time,GFLOPS
6,5.630229,355.225354
6,5.651015,353.918720
6,5.656253,353.590981
6,5.680183,352.101317
6,5.642575,354.448095
