n_threads,Time,GFLOPS
94,1.839489,1087.258275
94,1.861644,1074.319355
94,1.885078,1060.963930
94,1.826543,1094.964763
94,1.959636,1020.597809
