n_threads,Time,GFLOPS
36,1.545741,1293.877414
36,1.549124,1291.052523
36,1.543487,1295.767499
36,1.564824,1278.098677
36,1.544953,1294.538040
