n_threads,Time,GFLOPS
52,3.498476,571.677484
52,3.528082,566.880232
52,3.487735,573.438133
52,3.487905,573.410130
52,3.506656,570.343886
