n_threads,Time,GFLOPS
118,4.063850,492.144101
118,3.935795,508.156503
118,3.976483,502.956965
118,3.958980,505.180600
118,3.853544,519.002786
