n_threads,Time,GFLOPS
40,1.525399,1311.131968
40,1.522922,1313.264879
40,1.521179,1314.769347
40,1.535290,1302.685226
40,1.534862,1303.048639
