n_threads,Time,GFLOPS
12,4.148287,482.126762
12,4.142998,482.742257
12,4.173692,479.192052
12,4.151110,481.798793
12,4.185450,477.845875
