n_threads,Time,GFLOPS
6,5.625244,355.540110
6,5.619581,355.898435
6,5.619459,355.906126
6,5.629892,355.246616
6,5.640656,354.568703
