n_threads,Time,GFLOPS
28,1.724945,1159.457057
28,1.743373,1147.201308
28,1.734303,1153.200822
28,1.715182,1166.056912
28,1.709714,1169.786076
