n_threads,Time,GFLOPS
120,3.797868,526.611187
120,3.885427,514.744000
120,3.897482,513.151808
120,3.852065,519.202016
120,3.895137,513.460801
