n_threads,Time,GFLOPS
6,7.376844,271.118644
6,7.371624,271.310630
6,7.354508,271.942056
6,7.385540,270.799413
6,7.382148,270.923860
