n_threads,Time,GFLOPS
80,1.749229,1143.360904
80,1.768703,1130.772133
80,1.767956,1131.249629
80,1.751552,1141.844779
80,1.798002,1112.345542
