n_threads,Time,GFLOPS
58,3.162071,632.496908
58,3.177675,629.390929
58,3.191869,626.592067
58,3.181524,628.629619
58,3.180414,628.848859
