n_threads,Time,GFLOPS
58,1.725058,1159.381155
58,1.750293,1142.665605
58,1.723679,1160.308955
58,1.750020,1142.843819
58,1.736043,1152.045012
