n_threads,Time,GFLOPS
54,1.522309,1313.793638
54,1.529695,1307.450009
54,1.538215,1300.208302
54,1.522173,1313.911457
54,1.536454,1301.698886
