n_threads,Time,GFLOPS
84,3.816886,523.987321
84,3.809833,524.957446
84,3.818532,523.761429
84,3.791681,527.470507
84,3.798352,526.544154
