n_threads,Time,GFLOPS
60,3.510542,569.712596
60,3.512130,569.455041
60,3.496754,571.958995
60,3.500118,571.409304
60,3.500343,571.372562
