n_threads,Time,GFLOPS
124,1.981648,1009.261088
124,1.934388,1033.918984
124,1.953783,1023.655162
124,2.006769,996.626843
124,1.868744,1070.237649
