n_threads,Time,GFLOPS
72,3.785259,528.365458
72,3.814179,524.359273
72,3.791018,527.562823
72,3.779951,529.107350
72,3.779274,529.202236
