n_threads,Time,GFLOPS
30,3.298665,606.305911
30,3.318552,602.672414
30,3.298791,606.282713
30,3.318487,602.684375
30,3.305976,604.965033
