n_threads,Time,GFLOPS
36,3.422006,584.452448
36,3.428237,583.390293
36,3.424596,584.010526
36,3.427779,583.468138
36,3.422905,584.299089
