n_threads,Time,GFLOPS
64,3.740476,534.691348
64,3.703175,540.077151
64,3.712931,538.658017
64,3.627929,551.278710
64,3.714650,538.408777
