n_threads,Time,GFLOPS
40,3.414350,585.763026
40,3.402719,587.765335
40,3.406747,587.070334
40,3.401117,588.042130
40,3.397569,588.656197
