n_threads,Time,GFLOPS
82,3.861180,517.976312
82,4.026834,496.668075
82,3.885020,514.797843
82,3.772925,530.092770
82,4.015015,498.130195
