n_threads,Time,GFLOPS
102,3.714828,538.382976
102,4.019283,497.601205
102,3.804879,525.640924
102,4.005871,499.267241
102,3.697042,540.973078
