n_threads,Time,GFLOPS
128,1.791392,1116.450181
128,1.765722,1132.681160
128,1.787049,1119.163697
128,1.782640,1121.931319
128,1.758583,1137.279312
