n_threads,Time,GFLOPS
62,3.194788,626.019596
62,3.276806,610.350429
62,3.234595,618.315362
62,3.549010,563.537384
62,3.239588,617.362548
