n_threads,Time,GFLOPS
12,3.094401,646.328735
12,3.128105,639.364720
12,3.102225,644.698620
12,3.095599,646.078426
12,3.119407,641.147404
