n_threads,Time,GFLOPS
10,4.946144,404.355416
10,4.914018,406.998903
10,4.916700,406.776872
10,4.931091,405.589763
10,4.930536,405.635398
