n_threads,Time,GFLOPS
110,1.699061,1177.120942
110,1.722621,1161.021237
110,1.681210,1189.619732
110,1.673500,1195.099822
110,1.708164,1170.847422
