n_threads,Time,GFLOPS
118,1.679517,1190.818236
118,1.661833,1203.490373
118,1.694487,1180.297945
118,1.671799,1196.315726
118,1.649516,1212.476903
