n_threads,Time,GFLOPS
38,1.681794,1189.206086
38,1.659329,1205.306585
38,1.657958,1206.302999
38,1.664448,1201.599405
38,1.636269,1222.293193
