n_threads,Time,GFLOPS
64,1.095161,1826.215139
64,1.110050,1801.721111
64,1.103475,1812.456162
64,1.097956,1821.566277
64,1.097078,1823.023914
