n_threads,Time,GFLOPS
128,1.543059,1296.127015
128,1.490068,1342.221012
128,1.461269,1368.673783
128,1.558016,1283.683790
128,1.454121,1375.401007
