n_threads,Time,GFLOPS
114,2.891807,691.609189
114,3.063073,652.939065
114,2.891201,691.754081
114,2.997395,667.246156
114,3.040055,657.882869
