n_threads,Time,GFLOPS
120,1.356309,1474.590721
120,1.315470,1520.368830
120,1.346862,1484.933022
120,1.310951,1525.610096
120,1.325236,1509.165339
