n_threads,Time,GFLOPS
86,3.257996,613.874295
86,3.204288,624.163533
86,3.191550,626.654666
86,3.284281,608.961305
86,3.187058,627.538054
