n_threads,Time,GFLOPS
60,1.107220,1806.326394
60,1.102163,1814.613524
60,1.089365,1835.931967
60,1.124778,1778.128097
60,1.103531,1812.364553
