n_threads,Time,GFLOPS
104,1.311977,1524.416597
104,1.340673,1491.787808
104,1.356192,1474.717783
104,1.285242,1556.126904
104,1.278003,1564.941262
