n_threads,Time,GFLOPS
32,0.924496,2163.340652
32,0.947649,2110.486581
32,0.917576,2179.656892
32,0.925531,2160.922071
32,0.961480,2080.125944
