n_threads,Time,GFLOPS
62,1.120744,1784.528498
62,1.135378,1761.527353
62,1.155422,1730.969158
62,1.140498,1753.620067
62,1.137706,1757.923253
