n_threads,Time,GFLOPS
68,1.277459,1565.608159
68,1.288240,1552.505506
68,1.243660,1608.157209
68,1.221089,1637.882389
68,1.228934,1627.427352
