n_threads,Time,GFLOPS
92,3.061938,653.181078
92,2.805260,712.946400
92,3.109061,643.281122
92,3.071456,651.157020
92,3.153738,634.168167
