n_threads,Time,GFLOPS
34,2.258622,885.495540
34,2.263866,883.444374
34,2.258817,885.419190
34,2.273418,879.732728
34,2.254338,887.178237
