n_threads,Time,GFLOPS
44,2.171914,920.846785
44,2.235028,894.843281
44,2.263535,883.573848
44,2.262314,884.050474
44,2.179557,917.617645
