n_threads,Time,GFLOPS
6,3.539327,565.079127
6,3.532663,566.145100
6,3.550783,563.256119
6,3.552730,562.947363
6,3.569971,560.228647
