n_threads,Time,GFLOPS
110,3.108349,643.428332
110,3.012359,663.931463
110,3.074246,650.565961
110,2.911912,686.833875
110,3.116455,641.754799
