n_threads,Time,GFLOPS
86,1.383951,1445.138281
86,1.395583,1433.092386
86,1.447450,1381.740696
86,1.397363,1431.267651
86,1.400696,1427.862007
