n_threads,Time,GFLOPS
68,1.237062,1616.734271
68,1.235319,1619.015204
68,1.229802,1626.278571
68,1.222770,1635.631240
68,1.252643,1596.624647
