n_threads,Time,GFLOPS
28,2.187212,914.405956
28,2.213896,903.384923
28,2.211524,825.686843
28,2.213650,903.485192
28,2.224983,898.883472
