n_threads,Time,GFLOPS
128,3.119206,641.188869
128,3.140203,636.901399
128,3.135908,637.773881
128,3.220952,620.934342
128,3.193749,626.223230
