n_threads,Time,GFLOPS
38,2.262808,883.857642
38,2.258732,885.452444
38,2.261889,884.216635
38,2.257576,885.905998
38,2.255921,886.555869
