n_threads,Time,GFLOPS
100,1.269971,1574.838891
100,1.275536,1567.968240
100,1.292216,1547.728303
100,1.327635,1506.437933
100,1.263666,1582.697187
