n_threads,Time,GFLOPS
18,2.978124,671.563674
18,2.975800,672.088076
18,2.983378,670.380957
18,2.979974,671.146908
18,2.978885,671.392238
