n_threads,Time,GFLOPS
122,1.390491,1438.341306
122,1.402294,1426.234699
122,1.386663,1442.311108
122,1.432969,1395.703605
122,1.432776,1395.891532
