n_threads,Time,GFLOPS
46,2.173440,920.200134
46,2.246464,890.287916
46,2.239589,893.021052
46,2.210671,904.702818
46,2.211100,904.527102
