n_threads,Time,GFLOPS
72,2.988316,669.273166
72,3.022896,661.617136
72,2.905919,688.250430
72,2.928968,682.834391
72,2.675841,747.428661
