n_threads,Time,GFLOPS
118,1.347083,1484.689678
118,1.379156,1450.162048
118,1.339207,1493.421662
118,1.343987,1488.109304
118,1.356753,1474.107635
