n_threads,Time,GFLOPS
128,1.418869,1409.573528
128,1.417195,1411.238569
128,1.489089,1343.102934
128,1.480557,1350.842776
128,1.496386,1336.553415
