n_threads,Time,GFLOPS
16,3.131244,638.723794
16,3.134603,638.039424
16,3.154242,634.066720
16,3.153471,634.221683
16,3.130305,638.915329
