n_threads,Time,GFLOPS
14,1.708004,1170.957777
14,1.703824,1173.829860
14,1.690427,1183.133042
14,1.692368,1181.776367
14,1.695794,1179.388858
