n_threads,Time,GFLOPS
66,1.337504,1495.322710
66,1.330804,1502.850917
66,1.333446,1499.873717
66,1.330521,1503.170584
66,1.355199,1475.798234
