n_threads,Time,GFLOPS
18,1.390705,1438.119963
18,1.391215,1437.592752
18,1.388544,1440.358029
18,1.383461,1445.649666
18,1.374197,1455.395602
