n_threads,Time,GFLOPS
20,1.274801,1568.871828
20,1.276649,1566.601562
20,1.277405,1565.674295
20,1.272843,1571.285868
20,1.273183,1570.865523
