n_threads,Time,GFLOPS
32,2.213621,903.496924
32,2.207845,905.860687
32,2.223429,899.511513
32,2.218387,901.555783
32,2.211230,904.474017
