n_threads,Time,GFLOPS
88,3.136181,637.718216
88,3.163439,632.223288
88,3.076999,649.983909
88,3.142938,636.347189
88,3.040200,657.851410
