n_threads,Time,GFLOPS
124,2.839799,704.275281
124,3.101916,644.762689
124,3.009434,664.576761
124,3.009153,664.638923
124,2.969579,673.496090
