n_threads,Time,GFLOPS
108,2.997129,667.305280
108,3.076820,650.021782
108,3.009559,664.549216
108,2.973561,672.594315
108,3.057154,654.203202
