n_threads,Time,GFLOPS
116,2.892877,691.353276
116,3.127339,639.521350
116,3.121785,640.659095
116,3.162804,632.350353
116,2.867379,697.501018
