n_threads,Time,GFLOPS
26,2.282937,876.064630
26,2.285481,875.089287
26,2.278931,877.604489
26,2.293750,871.934511
26,2.279638,877.332286
