n_threads,Time,GFLOPS
2,10.575937,189.108536
2,10.719232,186.580536
2,10.440822,191.555807
2,10.478941,190.858986
2,10.487442,190.704281
