n_threads,Time,GFLOPS
70,1.246196,1604.883591
70,1.347845,1483.850251
70,1.241105,1611.467363
70,1.247219,1603.567391
70,1.231970,1623.415840
