n_threads,Time,GFLOPS
108,1.334701,1498.463302
108,1.335543,1497.518065
108,,
108,1.319815,1515.364341
108,1.328779,1505.140699
