n_threads,Time,GFLOPS
40,2.265981,882.619904
40,2.259932,884.982470
40,2.264757,883.096867
40,2.260725,884.671846
40,2.264549,883.178113
