n_threads,Time,GFLOPS
74,3.024683,661.226349
74,3.058093,654.002453
74,2.958639,675.986524
74,3.028244,660.448688
74,2.902850,688.978072
