n_threads,Time,GFLOPS
24,2.284584,875.432839
24,2.284161,875.595183
24,2.282160,876.362657
24,2.281838,876.486272
24,2.281835,876.487592
