n_threads,Time,GFLOPS
68,2.836736,705.035541
68,2.585260,773.616484
68,3.003701,665.845137
68,2.985225,669.966340
68,2.641318,757.197805
