n_threads,Time,GFLOPS
40,1.009492,1981.193911
40,1.005096,1989.858885
40,1.016047,1968.413293
40,1.006265,1987.547739
40,0.938410,2131.263964
