n_threads,Time,GFLOPS
96,1.278668,1564.128232
96,1.382617,1446.532633
96,1.318386,1517.005918
96,1.334474,1498.718248
96,1.346856,1484.939710
