n_threads,Time,GFLOPS
94,1.488365,1343.756566
94,1.363451,1466.865893
94,1.406125,1422.348489
94,1.364637,1465.591220
94,1.340332,1492.167660
