n_threads,Time,GFLOPS
98,3.055041,654.655785
98,3.068402,651.805144
98,2.963148,674.957786
98,3.067739,651.945848
98,3.110104,643.065268
