n_threads,Time,GFLOPS
78,2.936064,681.184047
78,2.759847,724.677935
78,2.844685,703.065534
78,2.789240,717.041205
78,2.622552,762.615958
