n_threads,Time,GFLOPS
92,2.956086,676.570305
92,3.132769,638.412860
92,3.075069,650.391830
92,3.124247,640.154309
92,3.121069,640.806025
