n_threads,Time,GFLOPS
30,1.302908,1535.028011
30,1.296175,1543.001052
30,1.302580,1535.413768
30,1.306871,1530.372679
30,1.303209,1534.673359
