n_threads,Time,GFLOPS
84,3.188434,627.267204
84,3.193719,626.229230
84,3.159433,633.024888
84,3.163797,632.151818
84,3.112285,642.614712
