n_threads,Time,GFLOPS
82,3.183212,628.296283
82,3.211599,622.742791
82,3.279086,609.926101
82,3.020314,662.182707
82,3.195718,625.837484
