n_threads,Time,GFLOPS
22,1.254117,1594.747299
22,1.260716,1586.399991
22,1.261989,1584.800404
22,1.262377,1584.312316
22,1.261077,1585.946462
