n_threads,Time,GFLOPS
64,2.482633,805.596333
64,2.472304,808.961967
64,2.443294,818.566934
64,2.447386,817.198432
64,2.444062,818.309958
