n_threads,Time,GFLOPS
126,2.919335,685.087498
126,2.978691,671.435855
126,3.004545,665.658253
126,2.925834,683.565879
126,2.921993,684.464344
