n_threads,Time,GFLOPS
28,2.216360,902.380386
28,2.229922,896.892464
28,2.208422,905.623838
28,2.236538,894.239350
28,2.194859,911.220253
