n_threads,Time,GFLOPS
114,1.349470,1482.063054
114,1.390123,1438.721663
114,1.397908,1430.709240
114,1.397538,1431.088169
114,1.349428,1482.109213
