n_threads,Time,GFLOPS
20,2.585424,773.567617
20,2.583734,774.073377
20,2.578558,775.627231
20,2.580123,775.156815
20,2.587384,772.981427
