n_threads,Time,GFLOPS
36,0.956547,2090.853091
36,0.953077,2098.465825
36,0.950235,2104.741678
36,0.952524,2099.685560
36,0.950700,2103.712109
