n_threads,Time,GFLOPS
52,2.268523,881.630800
52,2.273863,879.560514
52,2.357925,848.203269
52,2.338494,855.251339
52,2.331288,857.894956
