n_threads,Time,GFLOPS
128,3.011728,664.070603
128,3.153238,634.268622
128,3.150583,634.803210
128,3.182663,628.404604
128,3.060994,653.382553
