n_threads,Time,GFLOPS
38,1.002358,1995.295011
38,0.986176,2028.036401
38,1.010322,1979.567177
38,1.002178,1995.653156
38,1.008785,1982.583425
