n_threads,Time,GFLOPS
2,21.335204,93.741781
2,21.504812,93.002439
2,21.492061,93.057619
2,21.491029,93.062085
2,21.515290,92.957148
