n_threads,Time,GFLOPS
102,1.343987,1488.109549
102,1.353646,1477.490916
102,1.301351,1536.864619
102,1.290407,1549.898171
102,1.290291,1550.037473
