n_threads,Time,GFLOPS
124,3.064105,652.719229
124,2.958619,675.990990
124,2.904359,688.620035
124,2.894136,691.052588
124,3.022459,661.712782
