n_threads,Time,GFLOPS
60,,
60,2.398651,833.801880
60,2.451175,815.935368
60,2.319782,862.150148
60,2.346932,852.176342
