n_threads,Time,GFLOPS
26,1.247679,1602.977043
26,1.258568,1589.107638
26,1.248966,1601.324312
26,1.244685,1606.832808
26,1.246675,1604.267089
