n_threads,Time,GFLOPS
36,2.267324,882.097089
36,2.255715,886.636968
36,2.262127,884.123556
36,2.261107,884.522412
36,2.170839,921.302874
