n_threads,Time,GFLOPS
10,2.215033,902.921092
10,2.202987,907.858368
10,2.215059,902.910561
10,2.217626,901.865130
10,2.205208,906.943952
