n_threads,Time,GFLOPS
50,2.277323,878.224277
50,2.261199,884.486679
50,2.283667,875.784313
50,2.258147,885.682095
50,2.288971,873.754920
