n_threads,Time,GFLOPS
114,3.047719,656.228552
114,3.015010,663.347806
114,3.076550,650.078864
114,2.972376,672.862275
114,3.002279,666.160640
