n_threads,Time,GFLOPS
102,3.085042,648.289366
102,3.125971,639.801296
102,3.081702,648.992084
102,3.097551,645.671402
102,3.155707,633.772485
