n_threads,Time,GFLOPS
74,1.435098,1393.633201
74,1.444601,1384.464961
74,1.390892,1437.925850
74,1.427521,1401.030358
74,1.420211,1408.241514
