n_threads,Time,GFLOPS
72,2.735899,731.021150
72,3.096566,645.876759
72,3.061365,653.303263
72,3.072710,650.891209
72,2.980062,671.127004
