n_threads,Time,GFLOPS
84,3.141241,636.691083
84,3.119095,641.211655
84,3.124529,640.096436
84,3.139799,636.983439
84,3.197317,625.524561
