n_threads,Time,GFLOPS
100,3.122734,640.464326
100,2.976400,671.952600
100,2.963441,674.891031
100,3.159099,633.091998
100,3.106567,643.797558
