n_threads,Time,GFLOPS
54,2.354509,849.434013
54,2.335366,856.396682
54,2.352769,850.062131
54,2.416369,827.688245
54,2.468866,810.088374
