n_threads,Time,GFLOPS
102,1.382916,1446.219653
102,1.391451,1437.348172
102,1.308412,1528.570589
102,1.365470,1464.696746
102,1.305337,1532.171786
