n_threads,Time,GFLOPS
66,3.037671,658.399242
66,3.062061,653.154835
66,3.042112,657.437912
66,2.879554,694.552123
66,2.811567,711.347211
