n_threads,Time,GFLOPS
66,1.354840,1476.189478
66,1.347117,1484.652470
66,1.361994,1468.435605
66,1.363898,1466.385599
66,1.323937,1510.646102
