n_threads,Time,GFLOPS
96,3.108222,643.454630
96,3.032104,659.607947
96,3.095569,646.084705
96,3.135709,637.814332
96,3.057582,654.111631
