n_threads,Time,GFLOPS
56,1.160278,1723.724496
56,1.157737,1727.508703
56,1.154422,1732.468486
56,1.088700,1837.054148
56,1.179661,1695.402944
