n_threads,Time,GFLOPS
70,2.881078,694.184718
70,2.952231,677.453811
70,2.989099,669.097837
70,2.916030,685.864054
70,2.721844,734.795971
