n_threads,Time,GFLOPS
12,1.933120,1034.597025
12,1.908020,1048.206865
12,1.918089,1042.704281
12,1.964060,1018.298727
12,1.938728,1031.604036
