n_threads,Time,GFLOPS
30,2.222075,900.059612
30,2.226400,898.311306
30,2.224614,899.032241
30,2.231195,896.380732
30,2.225947,898.493865
