n_threads,Time,GFLOPS
22,2.473236,808.657078
22,2.480070,806.428733
22,2.481134,806.083034
22,2.474624,808.203665
22,2.477567,807.243612
