n_threads,Time,GFLOPS
92,1.337413,1495.423854
92,1.366107,1464.014233
92,1.392833,1435.921933
92,1.369127,1460.784599
92,1.380809,1448.426728
