n_threads,Time,GFLOPS
62,2.407784,830.639450
62,2.492492,802.409722
62,2.491006,802.888441
62,2.507979,797.454814
62,2.423961,825.095805
