n_threads,Time,GFLOPS
42,2.186970,914.507354
42,2.299119,869.898376
42,2.307253,866.831533
42,2.303207,868.354491
42,2.185531,915.109571
