n_threads,Time,GFLOPS
44,2.261488,884.373392
44,2.268672,881.573146
44,2.273929,879.534760
44,2.267146,882.166520
44,2.272069,880.255128
