n_threads,Time,GFLOPS
100,3.039435,658.017124
100,3.005167,665.520382
100,2.900010,689.652838
100,3.026690,660.787760
100,2.991269,668.612448
