n_threads,Time,GFLOPS
82,3.246479,616.052103
82,3.153970,634.121375
82,3.159334,633.044907
82,2.996448,667.457045
82,3.124363,640.130480
