n_threads,Time,GFLOPS
44,1.024559,1952.059919
44,1.012182,1975.929386
44,1.023071,1954.898404
44,1.026073,1949.178295
44,1.010938,1978.360978
