n_threads,Time,GFLOPS
98,3.027944,660.514271
98,3.086081,648.071143
98,3.127717,639.444124
98,3.097179,645.748839
98,3.036568,658.638377
