n_threads,Time,GFLOPS
78,2.677248,747.035683
78,2.877474,695.053987
78,2.758196,725.111701
78,2.754199,726.163896
78,2.780034,719.415782
