n_threads,Time,GFLOPS
116,1.344687,1487.334876
116,1.359651,1470.966055
116,1.335570,1497.487439
116,1.349754,1481.751827
116,1.353144,1478.039163
