n_threads,Time,GFLOPS
54,2.374888,842.145025
54,2.337564,855.591403
54,2.348622,851.563132
54,2.411392,829.396624
54,2.451823,815.719414
