n_threads,Time,GFLOPS
106,3.013781,663.618239
106,2.945147,679.083220
106,3.034217,659.148699
106,2.991516,668.557271
106,3.094008,646.410839
