n_threads,Time,GFLOPS
34,0.988319,2023.637441
34,0.984809,2030.849745
34,0.996047,2007.937703
34,1.000207,1999.587019
34,0.958522,2086.546628
