n_threads,Time,GFLOPS
78,1.257440,1590.533199
78,1.183704,1689.611967
78,1.263388,1583.045484
78,1.261513,1585.397510
78,1.272880,1571.240521
