n_threads,Time,GFLOPS
52,2.294403,871.686423
52,2.359500,847.637227
52,2.343109,853.566711
52,2.032344,984.085584
52,2.303163,868.371066
