n_threads,Time,GFLOPS
76,2.897022,690.364156
76,2.950240,677.910962
76,2.963693,674.833737
76,2.975275,672.206860
76,2.988911,669.139980
