n_threads,Time,GFLOPS
74,1.395544,1433.133233
74,1.434519,1394.195063
74,1.394193,1434.521851
74,1.313045,1523.176582
74,1.358026,1472.725876
