n_threads,Time,GFLOPS
46,2.180287,917.310335
46,2.241592,892.222872
46,2.243553,891.443023
46,2.243819,891.337672
46,2.228026,897.655755
