n_threads,Time,GFLOPS
6,7.248152,275.932420
6,7.353453,271.981070
6,7.273737,274.961810
6,7.259599,275.497297
6,7.298958,274.011718
