n_threads,Time,GFLOPS
122,2.971775,672.998565
122,2.932633,681.981017
122,3.030160,660.031053
122,2.930788,682.410366
122,2.892947,691.336601
