n_threads,Time,GFLOPS
84,1.400990,1427.561735
84,1.438027,1390.794415
84,1.470491,1360.090376
84,1.424489,1404.012430
84,1.378081,1451.293310
