Size,Time,GFLOPS
9000,1.676992,869.413710
9000,1.674157,870.886130
9000,1.832546,795.614394
9000,1.683761,865.918444
9000,1.703123,856.074189
