Size,Time,GFLOPS
9000,0.944460,1543.739541
9000,0.952980,1529.937713
9000,0.999938,1458.090288
9000,0.950850,1533.365023
9000,0.948699,1536.842230
