Size,Time,GFLOPS
10000,1.224271,1633.625195
10000,1.194387,1674.499770
10000,1.192370,1677.331855
10000,1.239426,1613.650795
10000,1.217514,1642.692173
