Size,Time,GFLOPS
8000,1.235320,828.935123
8000,1.252705,817.430833
8000,1.237344,827.579282
8000,1.230884,831.922142
8000,1.262195,811.285045
