Size,Time,GFLOPS
11000,1.557209,1709.469112
11000,1.578393,1686.525050
11000,1.546897,1720.864580
11000,1.546000,1721.863309
11000,1.552345,1714.825120
