Size,Time,GFLOPS
13000,2.208560,1989.532024
13000,2.488743,1765.549773
13000,2.470568,1778.538096
13000,2.499633,1757.858371
13000,2.518578,1744.635005
