Size,Time,GFLOPS
16000,4.638746,1765.994421
16000,4.635723,1767.146267
16000,3.954197,2071.722793
16000,4.803243,1705.514555
16000,4.740190,1728.200800
