Size,Time,GFLOPS
6000,0.760558,568.003840
6000,0.801083,539.269920
6000,0.783359,551.471336
6000,0.837293,515.948129
6000,0.779212,554.406473
