Size,Time,GFLOPS
2000,0.059337,269.645831
2000,0.060637,263.864701
2000,0.060866,262.871987
2000,0.061370,260.714838
2000,0.059735,267.847454
