Size,Time,GFLOPS
13000,2.870708,1530.633031
13000,2.842327,1545.916664
13000,2.841949,1546.121781
13000,2.841574,1546.325880
13000,2.841393,1546.424429
