Size,Time,GFLOPS
3000,0.061378,879.793561
3000,0.062050,870.267794
3000,0.061455,878.695186
3000,0.061333,880.443156
3000,0.063556,849.646895
