Size,Time,GFLOPS
9000,1.412282,1032.371909
9000,1.399881,1041.517283
9000,1.388451,1050.090998
9000,1.402778,1039.366138
9000,1.401658,1040.196651
