Size,Time,GFLOPS
5000,0.168914,1480.044229
5000,0.167481,1492.709122
5000,0.166193,1504.272018
5000,0.164996,1515.192618
5000,0.168110,1487.119307
