Size,Time,GFLOPS
19000,20.297094,675.860285
19000,21.429533,640.144599
19000,20.721510,662.017383
19000,21.045397,651.828996
19000,15.402315,890.645338
