Size,Time,GFLOPS
18000,18.230122,639.820193
18000,15.659162,744.867435
18000,19.021336,613.206152
18000,19.078064,611.382775
18000,18.242471,639.387073
