Size,Time,GFLOPS
13000,6.288296,698.758470
13000,6.286505,698.957530
13000,5.336829,823.335374
13000,6.426069,683.777296
13000,6.326594,694.528539
