Size,Time,GFLOPS
3000,0.110657,487.994641
3000,0.121868,443.102486
3000,0.113537,475.617424
3000,0.111142,485.866709
3000,0.115499,467.535066
