Size,Time,GFLOPS
17000,5.708149,1721.398792
17000,5.767728,1703.617226
17000,5.743072,1710.930874
17000,5.302208,1853.190204
17000,5.715527,1719.176531
