Size,Time,GFLOPS
5000,0.288637,866.141215
5000,0.285211,876.543624
5000,0.288740,865.829937
5000,0.287812,868.623660
5000,0.288146,867.615665
