Size,Time,GFLOPS
19000,6.758460,2029.752473
19000,7.543662,1818.480204
19000,6.766354,2027.384432
19000,6.519514,2104.144712
19000,6.677772,2054.277950
