Size,Time,GFLOPS
8000,0.946215,1082.206685
8000,0.947157,1081.130074
8000,0.955114,1072.123272
8000,0.961820,1064.648510
8000,0.943752,1085.031250
