Size,Time,GFLOPS
15000,8.831727,764.289959
15000,8.814477,765.785626
15000,8.814402,765.792149
15000,8.884607,759.741000
15000,8.874469,760.608860
