n_threads,Time,GFLOPS
86,2.048457,976.344508
86,2.057415,972.093768
86,2.047373,976.861486
86,2.105572,949.860447
86,2.048849,976.157807
