n_threads,Time,GFLOPS
48,1.805867,1107.501565
48,1.805841,1107.517023
48,1.824897,1095.952537
48,1.826940,1094.726506
48,1.776412,1125.865255
