n_threads,Time,GFLOPS
4,11.522396,173.575006
4,12.686066,157.653289
4,11.440074,174.824044
4,11.933827,167.590831
4,11.507989,173.792307
