n_threads,Time,GFLOPS
80,1.651801,1210.799927
80,1.803648,1108.864050
80,1.818235,1099.967592
80,1.699748,1176.645143
80,1.681624,1189.326761
