n_threads,Time,GFLOPS
2,24.212076,82.603407
2,24.136084,82.863485
2,24.101336,82.982952
2,24.233323,82.530983
2,24.377369,82.043308
