n_threads,Time,GFLOPS
32,1.866179,1071.708465
32,1.935127,1033.524013
32,1.551892,1288.749643
32,1.895499,1055.131230
32,1.932042,1035.174237
