n_threads,Time,GFLOPS
116,2.113484,946.304783
116,2.129943,938.992093
116,2.157449,927.020719
116,2.125855,940.797948
116,2.145027,932.389196
