n_threads,Time,GFLOPS
12,3.175316,629.858602
12,,
12,3.255894,614.270635
12,3.289045,608.079283
12,3.203952,624.229008
