n_threads,Time,GFLOPS
36,1.774781,1126.899712
36,1.773418,1127.765454
36,1.785486,1120.143234
36,1.782040,1122.309163
36,1.792647,1115.668318
