n_threads,Time,GFLOPS
126,3.576543,559.199162
126,4.130955,484.149572
126,3.938066,507.863490
126,3.899177,512.928802
126,3.951705,506.110620
