n_threads,Time,GFLOPS
18,3.141131,636.713413
18,3.144705,635.989783
18,3.127863,639.414113
18,3.139332,637.078300
18,3.127342,639.520652
