n_threads,Time,GFLOPS
76,1.988738,1005.662839
76,1.950436,1025.411580
76,2.039177,980.787678
76,1.875116,1066.600576
76,2.027382,986.494149
