n_threads,Time,GFLOPS
26,3.277781,610.168869
26,3.184599,628.022463
26,3.131079,638.757463
26,3.243417,616.633699
26,3.235664,618.111092
