n_threads,Time,GFLOPS
40,3.342958,598.272630
40,3.298506,606.335069
40,3.312442,603.784123
40,3.279381,609.871199
40,3.225476,620.063565
