n_threads,Time,GFLOPS
86,3.602740,555.132990
86,3.090696,647.103368
86,3.577432,559.060258
86,3.479405,574.810866
86,3.645352,548.643804
