n_threads,Time,GFLOPS
106,3.243173,616.680002
106,3.725881,536.785795
106,3.872241,516.496717
106,3.412813,586.026801
106,3.874236,516.230767
