n_threads,Time,GFLOPS
122,1.609832,1242.365979
122,,
122,,
122,,
122,,
