n_threads,Time,GFLOPS
78,3.124649,640.071867
78,3.139418,637.060803
78,3.542272,564.609370
78,3.238910,617.491660
78,3.591042,556.941482
