n_threads,Time,GFLOPS
58,2.026548,986.899714
58,2.171347,921.087241
58,2.041970,979.446224
58,2.035808,982.411149
58,2.136503,936.109181
