n_threads,Time,GFLOPS
112,1.796064,1113.545782
112,1.797998,1112.348489
112,1.730892,1155.473522
112,1.799812,1111.227095
112,1.717006,1164.818285
