n_threads,Time,GFLOPS
38,2.172926,920.417780
38,2.219675,901.032881
38,2.208432,905.620022
38,2.050450,975.395687
38,2.159678,926.063868
