n_threads,Time,GFLOPS
100,3.528949,566.740951
100,3.623850,551.899170
100,3.721408,537.431056
100,3.122229,640.568023
100,3.113946,642.271817
