n_threads,Time,GFLOPS
70,3.345612,597.797882
70,3.433296,582.530608
70,,
70,3.464899,577.217401
70,3.507568,570.195620
