n_threads,Time,GFLOPS
42,3.122973,640.415459
42,3.068006,651.889125
42,3.082371,
42,3.068041,651.881717
42,3.176711,629.581988
