n_threads,Time,GFLOPS
74,2.393275,835.674821
74,2.482927,805.500936
74,2.444521,818.156353
74,2.416227,827.736826
74,1.638556,1220.586731
