n_threads,Time,GFLOPS
26,1.871079,1068.901693
26,1.696733,1178.735822
26,1.907109,1048.707641
26,1.892988,1056.530779
26,1.882602,1062.359334
