n_threads,Time,GFLOPS
88,1.739893,1149.495845
88,1.711782,1168.373225
88,1.689860,1183.530061
88,1.791154,1116.598540
88,1.759477,1136.701739
