n_threads,Time,GFLOPS
110,3.346471,597.644523
110,3.751817,533.075069
110,3.257087,614.045646
110,3.785361,528.351224
110,3.288490,608.181823
