n_threads,Time,GFLOPS
42,1.409572,
42,1.409182,1419.263539
42,1.401458,1427.084718
42,1.418553,1409.886992
42,1.426557,1401.977060
