n_threads,Time,GFLOPS
72,2.046531,977.263241
72,1.951644,1024.777016
72,1.834788,1090.044199
72,1.882538,1062.395619
72,1.864188,1072.853281
