n_threads,Time,GFLOPS
12,3.724791,536.942935
12,3.735201,535.446363
12,3.732818,535.788222
12,3.725900,536.783118
12,3.739440,534.839475
