n_threads,Time,GFLOPS
24,1.457559,1372.157234
24,1.481974,1349.551585
24,1.461820,1368.157951
24,1.462547,1367.477029
24,1.476768,1354.308775
