n_threads,Time,GFLOPS
108,,
108,2.533972,789.274638
108,2.344778,852.959265
108,2.129420,939.222670
108,2.235561,894.629898
