n_threads,Time,GFLOPS
128,4.957935,403.393758
128,5.032442,397.421404
128,5.408512,369.787497
128,4.954410,403.680751
128,4.789731,417.559982
