n_threads,Time,GFLOPS
106,2.619319,763.557107
106,2.386648,837.995475
106,2.429362,823.261321
106,2.586038,773.383890
106,2.332567,857.424373
