n_threads,Time,GFLOPS
14,1.642014,1218.016575
14,1.639747,1219.700685
14,1.435731,1393.018160
14,1.638640,1220.524703
14,1.644976,1215.823564
