n_threads,Time,GFLOPS
86,4.184742,477.926660
86,3.733586,535.678059
86,4.270333,468.347507
86,4.281953,467.076560
86,4.088024,489.233935
