n_threads,Time,GFLOPS
90,4.173030,479.268095
90,4.101020,487.683607
90,4.027287,496.612252
90,4.297799,465.354512
90,4.587509,435.966459
