n_threads,Time,GFLOPS
62,1.671064,1196.842456
62,1.703648,1173.951507
62,1.700151,1176.366034
62,1.700476,1176.141182
62,1.704702,1173.225849
