n_threads,Time,GFLOPS
94,2.379433,840.536293
94,2.161227,925.400102
94,2.528465,790.993607
94,2.372254,843.079873
94,2.669714,749.143987
