n_threads,Time,GFLOPS
30,2.587624,772.909767
30,2.613132,765.365184
30,2.631265,760.090536
30,2.644013,756.426042
30,2.683183,745.383432
