n_threads,Time,GFLOPS
16,2.890432,691.938209
16,2.908443,687.653256
16,2.874196,695.846874
16,2.877943,694.940705
16,2.856691,700.110812
