n_threads,Time,GFLOPS
82,2.010900,994.579547
82,2.075456,963.643783
82,2.145501,932.183169
82,2.121690,942.644728
82,2.068063,967.088400
