n_threads,Time,GFLOPS
38,1.349253,1482.301145
38,1.374960,1454.587407
38,1.325391,1508.988285
38,1.357023,1473.814195
38,1.364682,1465.542523
