n_threads,Time,GFLOPS
96,4.699120,425.611607
96,4.418212,452.671846
96,4.231577,472.636981
96,4.278908,467.409023
96,4.109635,486.661260
