n_threads,Time,GFLOPS
68,1.929594,1036.487607
68,1.711750,1168.394932
68,1.865065,1072.348969
68,2.168712,922.206158
68,2.127485,940.077063
