n_threads,Time,GFLOPS
80,2.033498,1453.315886
80,2.065592,968.245251
80,1.991265,1004.386552
80,2.114975,945.637800
80,2.144898,932.445196
