n_threads,Time,GFLOPS
52,1.557369,1284.216856
52,1.546343,1293.374202
52,1.607554,1244.125796
52,1.585491,1261.438929
52,1.599081,1250.718574
