n_threads,Time,GFLOPS
20,2.449355,816.541339
20,2.461540,812.499369
20,2.450297,816.227653
20,2.452987,815.332562
20,2.451233,815.915858
