n_threads,Time,GFLOPS
30,1.592707,1255.723754
30,1.642351,1217.766440
30,1.630718,1226.453396
30,1.628888,1227.831665
30,1.595119,1253.825336
