n_threads,Time,GFLOPS
122,3.037592,658.416347
122,2.637286,758.355300
122,2.376424,841.600639
122,2.590833,771.952512
122,2.660217,751.818437
