n_threads,Time,GFLOPS
34,1.238769,
34,1.233999,1620.746296
34,1.226804,1630.252188
34,1.242622,1609.500243
34,1.249923,1600.098820
