n_threads,Time,GFLOPS
40,1.406565,1421.903314
40,1.358005,1472.749084
40,1.380459,1448.793824
40,1.374723,1454.839019
40,1.370686,1459.123791
