n_threads,Time,GFLOPS
78,1.980016,1010.092683
78,2.011611,994.227822
78,1.966845,1016.857109
78,1.982712,1008.719342
78,2.112785,946.618036
