n_threads,Time,GFLOPS
50,1.570720,1273.301602
50,1.539165,1299.405791
50,1.519973,1315.812426
50,1.503144,1330.544609
50,1.533664,1304.066496
