n_threads,Time,GFLOPS
104,2.392283,836.021531
104,2.202832,907.922160
104,2.165052,923.765551
104,2.143051,933.248944
104,2.316213,863.478443
