n_threads,Time,GFLOPS
24,2.489966,803.223785
24,2.517386,794.474758
24,2.483491,805.317837
24,2.474853,808.128894
24,2.477456,807.279865
