n_threads,Time,GFLOPS
122,5.244651,381.340898
122,4.913301,407.058308
122,4.809754,415.821675
122,4.635832,431.422038
122,5.320996,375.869466
