n_threads,Time,GFLOPS
114,4.473802,447.047069
114,4.562780,438.329250
114,4.178592,478.630102
114,4.392700,455.300882
114,4.556203,438.962046
