n_threads,Time,GFLOPS
74,3.744772,534.077960
74,3.844956,520.162041
74,3.728081,536.469044
74,3.638785,549.633939
74,4.196435,476.595059
