n_threads,Time,GFLOPS
1,49.266941,40.595173
1,49.294501,40.572477
1,49.344303,40.531528
1,49.302835,40.565618
1,49.432186,40.459469
