n_threads,Time,GFLOPS
23,2.552457,783.558858
23,2.562363,780.529641
23,2.570104,778.178745
23,2.562033,780.629944
23,2.554298,782.993958
