n_threads,Time,GFLOPS
11,2.229224,897.173384
11,2.264494,883.199524
11,2.250841,888.556919
11,2.222827,899.755319
11,2.241228,892.368106
