n_threads,Time,GFLOPS
6,4.089271,489.084724
6,4.119202,485.530925
6,4.088483,489.178991
6,4.089453,489.063009
6,4.088837,489.136620
