n_threads,Time,GFLOPS
15,1.675380,1193.758902
15,1.689284,1183.933458
15,1.686983,1185.548299
15,1.675453,1193.706879
15,1.671825,1196.297427
