n_threads,Time,GFLOPS
9,6.137166,325.883301
9,6.272635,318.845270
9,6.151112,325.144485
9,6.125373,326.510741
9,6.247003,320.153532
