n_threads,Time,GFLOPS
23,1.171559,1707.127407
23,1.178044,1697.729609
23,1.172753,1705.388806
23,1.169400,1710.279037
23,1.171250,1707.576831
