n_threads,Time,GFLOPS
20,1.246622,1604.335447
20,1.252784,1596.444125
20,1.245010,1606.412209
20,1.246327,1604.715344
20,1.244372,1607.236736
