n_threads,Time,GFLOPS
4,6.194541,322.864916
4,6.148961,325.258216
4,6.145059,325.464714
4,6.148365,325.289737
4,6.141957,325.629101
