n_threads,Time,GFLOPS
3,8.284294,241.420688
3,8.276436,241.649917
3,8.261189,242.095895
3,8.271871,241.783256
3,8.269396,241.855619
