n_threads,Time,GFLOPS
2,12.582024,158.956938
2,12.579433,158.989672
2,12.582101,158.955969
2,12.597258,158.764706
2,12.579162,158.993098
