n_threads,Time,GFLOPS
11,4.990849,400.733431
11,4.958962,403.310182
11,5.002895,399.768500
11,4.959541,403.263160
11,5.026632,397.880748
