n_threads,Time,GFLOPS
3,16.990415,117.713429
3,17.183321,116.391939
3,16.972932,117.834682
3,17.113743,116.865142
3,17.178155,116.426940
