n_threads,Time,GFLOPS
8,6.906377,289.587423
8,6.962271,287.262608
8,6.862087,291.456530
8,6.897619,289.955120
8,6.956082,287.518155
