n_threads,Time,GFLOPS
13,4.711271,424.513851
13,4.728062,423.006308
13,4.716238,424.066831
13,4.687291,426.685682
13,4.710860,424.550896
