n_threads,Time,GFLOPS
12,2.045113,977.941294
12,2.051746,974.779729
12,2.050408,975.415846
12,2.040697,980.057273
12,2.072885,964.838768
