n_threads,Time,GFLOPS
17,3.481626,574.444205
17,3.538218,565.256301
17,3.479533,574.789804
17,3.488545,573.304937
17,3.508183,570.095708
