n_threads,Time,GFLOPS
14,3.829380,522.277825
14,3.854629,518.856697
14,3.879023,515.593762
14,3.844890,520.170879
14,3.857683,518.445889
