n_threads,Time,GFLOPS
16,3.499997,571.429025
16,3.503086,570.925194
16,3.510754,569.678217
16,3.498864,571.614093
16,3.504091,570.761487
