n_threads,Time,GFLOPS
7,2.139668,934.724377
7,2.136141,936.267652
7,2.136888,935.940353
7,2.138779,935.113124
7,2.139669,934.723958
