n_threads,Time,GFLOPS
23,1.324136,1510.418999
23,1.323075,1511.630313
23,1.322327,1512.485309
23,1.325001,1509.432742
23,1.324170,1510.379904
