n_threads,Time,GFLOPS
5,5.917745,337.966552
5,5.914962,338.125579
5,5.918656,337.914546
5,5.919200,337.883501
5,5.917899,337.957781
