n_threads,Time,GFLOPS
11,2.656773,752.793076
11,2.659421,752.043366
11,2.654831,753.343545
11,2.657498,752.587656
11,2.654731,753.372109
