n_threads,Time,GFLOPS
13,1.162794,1719.994837
13,1.162790,1720.000634
13,1.164107,1718.055411
13,1.163121,1719.512119
13,1.162156,1720.939972
