n_threads,Time,GFLOPS
16,0.946714,2112.569892
16,0.945079,2116.226196
16,0.946596,2112.834442
16,0.946824,2112.323898
16,0.947434,2110.963956
