n_threads,Time,GFLOPS
10,1.490155,1342.142436
10,1.489953,1342.324476
10,1.489757,1342.500706
10,1.490185,1342.114944
10,1.490144,1342.152497
