n_threads,Time,GFLOPS
19,0.805700,2482.314767
19,0.805776,2482.079741
19,0.805096,2484.175717
19,0.805101,2484.161196
19,0.804506,2485.997337
