n_threads,Time,GFLOPS
14,1.081155,1849.873890
14,1.081231,1849.743360
14,1.083233,1846.324594
14,1.082746,1847.154789
14,1.081396,1849.460419
