n_threads,Time,GFLOPS
13,2.278436,877.794931
13,2.277837,878.026023
13,2.277365,878.208015
13,2.278811,877.650842
13,2.276887,878.392466
