n_threads,Time,GFLOPS
22,1.377264,1452.154531
22,1.376711,1452.737673
22,1.378467,1450.887458
22,1.376188,1453.290213
22,1.377180,1452.243459
