n_threads,Time,GFLOPS
17,0.895137,2234.294251
17,0.894856,2234.996394
17,0.894446,2236.021098
17,0.894596,2235.644820
17,0.894671,2235.459745
