n_threads,Time,GFLOPS
23,0.674394,2965.623259
23,0.673619,2969.035525
23,0.672576,2973.641862
23,0.674326,2965.925641
23,0.674101,2966.916104
