n_threads,Time,GFLOPS
4,3.780599,529.016687
4,3.777731,529.418384
4,3.778031,529.376341
4,3.779283,529.200926
4,3.778179,529.355488
