n_threads,Time,GFLOPS
5,2.992192,668.406343
5,2.992674,668.298553
5,2.995279,667.717514
5,2.992273,668.388311
5,2.994172,667.964350
