n_threads,Time,GFLOPS
16,1.862947,1073.567902
16,1.861399,1074.460390
16,1.860910,1074.743113
16,1.862507,1073.821182
16,1.862167,1074.017705
