n_threads,Time,GFLOPS
8,3.652431,547.580541
8,3.651472,547.724317
8,3.651789,547.676778
8,3.652752,547.532455
8,3.652845,547.518476
