n_threads,Time,GFLOPS
20,0.765875,2611.392945
20,0.767108,2607.194998
20,0.767069,2607.326006
20,0.766323,2609.866142
20,0.767720,2605.115383
