n_threads,Time,GFLOPS
24,0.647894,3086.923870
24,0.649042,3081.466192
24,0.648077,3086.052170
24,0.647998,3086.426917
24,0.646795,3092.167855
