n_threads,Time,GFLOPS
12,2.438439,820.196966
12,2.437031,820.670603
12,2.438978,820.015466
12,2.437516,820.507348
12,2.437809,820.408967
