n_threads,Time,GFLOPS
1,14.911965,134.120489
1,14.911962,134.120512
1,14.932483,133.936202
1,14.913684,134.105029
1,14.918997,134.057273
