n_threads,Time,GFLOPS
2,7.737535,258.480257
2,7.730680,258.709448
2,7.736381,258.518793
2,7.739473,258.415534
2,7.732542,258.647156
