n_threads,Time,GFLOPS
3,9.923649,201.538760
3,10.011614,199.767985
3,9.797777,204.127944
3,10.011143,199.777386
3,10.004639,199.907260
