n_threads,Time,GFLOPS
24,1.272940,1571.166552
24,1.274442,1569.314476
24,1.273727,1570.195017
24,1.273939,1569.934408
24,1.273995,1569.865155
