n_threads,Time,GFLOPS
19,1.629635,1227.268802
19,1.620099,1234.492145
19,1.615866,1237.726442
19,1.620136,1234.464009
19,1.633413,1224.429955
