n_threads,Time,GFLOPS
11,1.341192,1491.210577
11,1.361003,1469.503970
11,1.340492,1491.989712
11,1.343028,1489.171861
11,1.343746,1488.376269
