n_threads,Time,GFLOPS
16,1.927209,1037.770413
16,1.959433,1020.703574
16,1.914209,1044.817813
16,1.916531,1043.552247
16,1.935645,1033.247486
