n_threads,Time,GFLOPS
4,3.719704,537.677140
4,3.718647,537.829969
4,3.715631,538.266522
4,3.713593,538.562035
4,3.717194,538.040316
