n_threads,Time,GFLOPS
10,2.958102,676.109294
10,2.953413,677.182616
10,2.962349,675.139932
10,2.957191,676.317546
10,2.959625,675.761302
