n_threads,Time,GFLOPS
11,2.673350,748.124936
11,2.670573,748.903002
11,2.680783,746.050721
11,2.671863,748.541315
11,2.667903,749.652512
