n_threads,Time,GFLOPS
2,7.593143,263.395530
2,7.592175,263.429112
2,7.608258,262.872246
2,7.610424,262.797451
2,7.593216,263.393004
