n_threads,Time,GFLOPS
3,4.956370,403.521105
3,4.955170,403.618871
3,4.955804,403.567181
3,4.970316,402.388920
3,4.961068,403.139031
