n_threads,Time,GFLOPS
21,0.730309,2738.567868
21,0.734096,2724.439284
21,0.730942,2736.196780
21,0.731410,2734.443502
21,0.732012,2732.194005
