n_threads,Time,GFLOPS
1,14.436089,138.541675
1,14.422848,138.668869
1,14.411224,138.780713
1,14.420191,138.694418
1,14.430582,138.594546
