n_threads,Time,GFLOPS
24,0.660569,3027.693434
24,0.669880,2985.609657
24,0.664954,3007.726647
24,0.660808,3026.599495
24,0.660717,3027.013886
