n_threads,Time,GFLOPS
22,1.456036,1373.592409
22,1.473685,1357.141973
22,1.456757,1372.912616
22,1.448852,1380.403565
22,1.472920,1357.847136
