n_threads,Time,GFLOPS
19,0.792839,2522.578878
19,0.794880,2516.103066
19,0.795342,2514.640688
19,0.793540,2520.353270
19,0.793212,2521.393358
