n_threads,Time,GFLOPS
23,0.690820,2895.108131
23,0.692224,2889.238395
23,0.689604,2900.213661
23,0.688709,2903.984361
23,0.691139,2893.773570
