n_threads,Time,GFLOPS
18,0.842736,2373.221330
18,0.843273,2371.712275
18,0.843649,2370.654239
18,0.843224,2371.848253
18,0.844752,2367.558258
