n_threads,Time,GFLOPS
22,0.725485,2756.777884
22,0.728346,2745.945933
22,0.736834,2714.313951
22,0.734290,2723.720839
22,0.729026,2743.385384
