n_threads,Time,GFLOPS
18,1.724492,1159.761757
18,1.726144,1158.651854
18,1.701859,1175.185295
18,1.712553,1167.847231
18,1.733459,1153.762822
