n_threads,Time,GFLOPS
13,1.170119,1709.228014
13,1.159270,1725.222955
13,1.158204,1726.811029
13,1.158292,1726.679869
13,1.158508,1726.358191
