n_threads,Time,GFLOPS
20,1.584349,1262.348009
20,1.563720,1279.001004
20,1.561938,1280.460937
20,1.568368,1275.211100
20,1.562900,1279.672515
