n_threads,Time,GFLOPS
15,2.032560,983.980558
15,2.033012,983.762129
15,2.033288,983.628312
15,2.030058,985.193425
15,2.037082,981.796700
