n_threads,Time,GFLOPS
8,3.673761,544.401252
8,3.668240,545.220530
8,3.672555,544.580030
8,3.669299,545.063273
8,3.676760,543.957155
