Size,Time,GFLOPS
18000,11.629614,1002.956757
18000,16.587111,703.196580
18000,17.298926,674.261509
18000,15.976415,730.076177
18000,18.416004,633.362143
