Size,Time,GFLOPS
15000,5.313016,1270.464947
15000,5.223387,1292.264912
15000,4.404731,1532.443144
15000,4.825701,1398.760463
15000,5.259060,1283.499348
