Size,Time,GFLOPS
2000,0.045574,351.074572
2000,0.046580,343.494015
2000,0.048713,328.454774
2000,0.047124,339.526913
2000,0.043545,367.439521
