Size,Time,GFLOPS
6000,0.808008,534.647856
6000,0.823730,524.443376
6000,0.848178,509.326787
6000,0.828570,521.379983
6000,0.854769,505.399488
