Size,Time,GFLOPS
4000,0.287453,445.290843
4000,0.298875,428.272738
4000,0.279382,458.153901
4000,0.286300,447.082976
4000,0.293392,436.277070
