Size,Time,GFLOPS
19000,20.278250,676.488372
19000,16.596695,826.550085
19000,18.883433,726.456907
19000,18.479187,742.348659
19000,19.218018,713.809315
