Size,Time,GFLOPS
11000,2.481064,1072.926652
11000,2.441086,1090.498417
11000,2.426589,1097.013129
11000,2.461500,1081.454314
11000,2.470278,1077.611666
