Size,Time,GFLOPS
16000,14.213483,576.354160
16000,11.051242,741.274174
16000,13.827602,592.438233
16000,13.750650,595.753663
16000,11.014289,743.761121
