Size,Time,GFLOPS
4000,0.115525,1107.989735
4000,0.109181,1172.361375
4000,0.111621,1146.732947
4000,0.113604,1126.723449
4000,0.117884,1085.816755
