Size,Time,GFLOPS
10000,3.503395,570.874902
10000,3.607864,554.344577
10000,3.583270,558.149458
10000,3.492983,572.576487
10000,3.678219,543.741450
