Size,Time,GFLOPS
16000,6.658579,1230.292525
16000,6.922540,1183.380604
16000,6.334923,1293.149049
16000,6.520594,1256.327242
16000,6.844158,1196.933218
