Size,Time,GFLOPS
7000,0.829437,827.067414
7000,0.835756,820.813721
7000,0.862895,794.997942
7000,0.773000,887.451251
7000,0.814672,842.056539
