Size,Time,GFLOPS
15000,7.940695,850.051553
15000,11.612583,581.266042
15000,8.613919,783.615473
15000,9.177154,735.522146
15000,7.819798,863.193628
