Size,Time,GFLOPS
9000,1.578597,923.604762
9000,1.587776,918.265317
9000,1.674877,870.511867
9000,1.592556,915.509351
9000,1.595989,913.540185
