Size,Time,GFLOPS
17000,11.748927,836.331669
17000,16.643285,590.388271
17000,14.759304,665.749548
17000,16.152111,608.341541
17000,16.486118,596.016599
