Size,Time,GFLOPS
13000,3.828568,1147.687497
13000,3.803279,1155.318838
13000,3.896636,1127.639418
13000,3.491550,1258.466893
13000,3.851336,1140.902691
