Size,Time,GFLOPS
2000,0.045588,350.973149
2000,0.046993,340.478828
2000,0.044833,356.876045
2000,0.045449,352.040602
2000,0.044382,360.509282
