Size,Time,GFLOPS
13000,6.406688,685.845820
13000,6.017018,730.262043
13000,6.334050,693.711004
13000,5.731695,766.614351
13000,6.290106,698.557405
