Size,Time,GFLOPS
19000,7.860125,1745.264873
19000,7.490525,1831.380388
19000,8.947278,1533.203704
19000,7.612089,1802.133485
19000,7.940633,1727.570025
