Size,Time,GFLOPS
2000,0.107848,148.357337
2000,0.108972,146.826820
2000,0.120277,133.026643
2000,0.112635,142.051992
2000,0.111296,143.760999
