Size,Time,GFLOPS
5000,0.972251,257.135128
5000,0.978295,255.546576
5000,0.985387,253.707369
5000,0.963550,259.457126
5000,0.997794,250.552686
