Size,Time,GFLOPS
9000,3.328469,438.039189
9000,3.291987,442.893544
9000,3.329012,437.967805
9000,3.375011,431.998594
9000,3.343088,436.123728
