Size,Time,GFLOPS
16000,12.133203,675.172094
16000,11.984078,683.573632
16000,12.039841,680.407635
16000,12.168509,673.213128
16000,11.762791,696.433358
