Size,Time,GFLOPS
3000,0.312745,172.664481
3000,0.306442,176.216259
3000,0.318397,169.599398
3000,0.332694,162.311154
3000,0.297792,181.334611
