Size,Time,GFLOPS
12000,3.257240,1061.021144
12000,3.279514,1053.814817
12000,2.702023,1279.041853
12000,3.312093,1043.448977
12000,3.290686,1050.237036
