Size,Time,GFLOPS
17000,7.072427,1389.339158
17000,6.364429,1543.893394
17000,6.227601,1577.814724
17000,7.029986,1397.726897
17000,7.033177,1397.092695
