Size,Time,GFLOPS
12000,5.639195,612.853447
12000,5.211310,663.172981
12000,5.632961,613.531678
12000,5.519275,626.169197
12000,5.628332,614.036280
