Size,Time,GFLOPS
20000,16.154897,990.411764
20000,17.841505,896.785352
20000,18.418862,868.674714
20000,18.397935,869.662802
20000,18.237631,877.306939
