Size,Time,GFLOPS
18000,15.630919,746.213333
18000,16.094138,724.735936
18000,15.389367,757.925897
18000,14.791661,788.552435
18000,14.254542,818.265528
