Size,Time,GFLOPS
15000,8.453195,798.514660
15000,10.429936,647.175602
15000,10.415293,648.085434
15000,10.283221,656.409142
15000,10.062993,670.774619
