Size,Time,GFLOPS
14000,8.661338,633.620385
14000,8.684970,631.896285
14000,8.675496,632.586303
14000,8.695552,631.127296
14000,8.867756,618.871350
