Size,Time,GFLOPS
4000,0.289779,441.716617
4000,0.284389,450.087627
4000,0.285501,448.334972
4000,0.285559,448.243126
4000,0.284385,450.093699
