Size,Time,GFLOPS
3000,0.137157,393.708104
3000,0.135984,397.105881
3000,0.135915,397.306454
3000,0.139873,386.064532
3000,0.137497,392.736607
