Size,Time,GFLOPS
9000,1.806081,807.272938
9000,1.852626,786.990907
9000,1.821416,800.476174
9000,1.838060,793.227838
9000,1.853193,786.750265
