Size,Time,GFLOPS
7000,1.067132,642.844410
7000,1.067620,642.550848
7000,1.077521,636.646768
7000,1.061044,646.533107
7000,1.068459,642.046385
