Size,Time,GFLOPS
6000,0.779069,554.508179
6000,0.777817,555.400456
6000,0.772909,558.927135
6000,0.782268,552.240145
6000,0.769295,561.553069
