n_threads,Time,GFLOPS
120,3.121235,640.772075
120,3.168266,631.260175
120,3.018972,662.477230
120,3.044053,657.018765
120,3.011306,664.163691
