n_threads,Time,GFLOPS
40,2.405366,831.474237
40,2.424310,824.977149
40,2.394568,835.223652
40,2.400635,833.113076
40,2.422117,825.723868
