n_threads,Time,GFLOPS
76,2.930690,682.433164
76,2.972316,672.876056
76,2.893588,691.183374
76,2.934086,681.643201
76,2.846350,702.654377
