n_threads,Time,GFLOPS
2,22.493445,88.914792
2,22.371663,89.398806
2,22.645615,88.317320
2,22.607676,88.465528
2,22.380493,89.363535
