n_threads,Time,GFLOPS
104,2.770430,721.909483
104,2.836491,705.096631
104,2.808518,712.119420
104,2.836824,705.013672
104,2.802150,713.737724
