n_threads,Time,GFLOPS
18,1.365335,1464.841573
18,1.361927,1468.507388
18,1.353644,1477.493317
18,1.358056,1472.693534
18,1.356703,1474.161633
