n_threads,Time,GFLOPS
88,1.723258,1160.592397
88,1.732117,1154.656102
88,1.747135,1144.731131
88,1.716689,1165.033143
88,1.705406,1172.741332
