n_threads,Time,GFLOPS
6,3.647901,548.260503
6,3.858003,518.402954
6,3.838371,521.054359
6,3.823896,523.026709
6,3.827249,522.568620
