n_threads,Time,GFLOPS
28,1.303215,1534.666194
28,1.303945,1533.806498
28,1.307977,1529.078416
28,1.282384,1559.594863
28,1.302221,1535.837716
