n_threads,Time,GFLOPS
92,3.357979,595.596337
92,3.464233,577.328298
92,3.483378,574.155398
92,3.460667,577.923337
92,3.478986,574.880176
