n_threads,Time,GFLOPS
34,2.267386,882.073059
34,2.259730,885.061610
34,2.259483,885.158383
34,2.258275,885.631638
34,2.263438,883.611759
