n_threads,Time,GFLOPS
60,2.295645,871.214999
60,2.306810,866.998191
60,2.304208,867.977017
60,2.300702,869.300059
60,2.281945,876.445413
