n_threads,Time,GFLOPS
72,1.795942,1113.621526
72,1.895987,1054.859359
72,1.785053,1120.415221
72,1.850536,1080.767939
72,1.859894,1075.330255
