n_threads,Time,GFLOPS
52,2.562129,780.600901
52,2.677263,747.031497
52,2.598155,769.777013
52,2.740547,729.781315
52,2.561556,780.775433
