n_threads,Time,GFLOPS
82,2.704429,739.527598
82,2.837626,704.814557
82,2.715198,736.594488
82,2.737366,730.629450
82,2.826801,707.513620
