n_threads,Time,GFLOPS
118,2.811383,711.393695
118,2.757253,725.359599
118,2.807506,712.375959
118,2.667615,749.733340
118,2.576378,776.283625
