n_threads,Time,GFLOPS
100,1.787639,1118.794360
100,1.695891,1179.320757
100,1.729759,1156.230412
100,1.769378,1130.340696
100,1.748576,1143.787995
