n_threads,Time,GFLOPS
40,1.347430,1484.307445
40,1.365570,1464.589655
40,1.353239,1477.935221
40,1.371787,1457.952000
40,1.323889,1510.700406
