n_threads,Time,GFLOPS
32,1.348441,1483.194207
32,1.337890,1494.891077
32,1.359890,1470.707646
32,1.364512,1465.725263
32,1.389320,1439.553436
