n_threads,Time,GFLOPS
18,1.393765,1434.962063
18,1.398684,1429.915962
18,1.394162,1434.553447
18,1.396485,1432.166723
18,1.400723,1427.833584
