n_threads,Time,GFLOPS
74,3.847186,519.860497
74,3.898938,512.960205
74,3.660139,546.427319
74,3.583276,558.148441
74,3.616193,553.067830
