n_threads,Time,GFLOPS
114,3.347412,597.476437
114,3.156177,633.677997
114,3.223335,620.475355
114,3.169175,631.079040
114,3.122942,640.421735
