n_threads,Time,GFLOPS
128,3.339731,598.850589
128,3.333789,599.918059
128,3.290691,607.775154
128,3.470851,576.227617
128,3.490611,572.965528
