n_threads,Time,GFLOPS
100,2.749629,727.370777
100,2.849993,701.756215
100,2.797717,714.868544
100,2.777794,719.995766
100,2.793785,715.874608
