n_threads,Time,GFLOPS
36,1.270492,1574.193129
36,1.266151,1579.590097
36,1.253434,1595.617089
36,1.262573,1584.066955
36,1.260721,1586.394250
