n_threads,Time,GFLOPS
98,1.750307,1142.656541
98,1.747341,1144.596161
98,1.798982,1111.739911
98,1.739152,1149.985508
98,1.790434,1117.047745
