n_threads,Time,GFLOPS
2,10.968715,182.336763
2,10.954813,182.568155
2,10.982012,182.115989
2,10.941047,182.797869
2,10.975610,182.222221
