n_threads,Time,GFLOPS
120,2.081009,961.072248
120,1.922523,1040.299518
120,1.936396,1032.846623
120,2.064874,968.582313
120,2.062592,969.653584
