n_threads,Time,GFLOPS
46,0.982718,2035.170833
46,0.987576,2025.159685
46,0.993190,2013.712841
46,0.985394,2029.645712
46,0.984255,2031.993426
