n_threads,Time,GFLOPS
124,2.202377,908.109732
124,2.302294,868.698715
124,2.296247,870.986379
124,2.240047,892.838316
124,2.324515,860.394635
