n_threads,Time,GFLOPS
40,2.410136,829.828761
40,2.506575,797.901566
40,2.452239,815.581074
40,2.415813,827.878631
40,2.469824,809.774271
