n_threads,Time,GFLOPS
4,11.850215,168.773312
4,11.181199,178.871691
4,11.817408,169.241846
4,11.176271,178.950557
4,11.344038,176.304059
