n_threads,Time,GFLOPS
36,2.449659,816.440237
36,2.476770,807.503308
36,2.441844,819.053016
36,2.461946,812.365462
36,2.470276,809.626052
