n_threads,Time,GFLOPS
6,3.643633,548.902730
6,3.652128,547.625916
6,3.641608,549.207925
6,3.655608,547.104582
6,3.643943,548.856075
