n_threads,Time,GFLOPS
102,1.802648,1109.478969
102,1.871742,1068.523221
102,1.760408,1136.100525
102,1.794300,1114.641110
102,1.915445,1044.143565
