n_threads,Time,GFLOPS
56,2.339305,854.954629
56,2.343959,853.257368
56,2.334283,856.794197
56,2.323366,860.819869
56,2.342820,853.672015
