n_threads,Time,GFLOPS
46,2.158700,926.483391
46,2.157505,926.996596
46,2.159978,925.935315
46,2.162779,924.736383
46,2.161356,925.345103
