n_threads,Time,GFLOPS
30,1.178747,1696.716241
30,1.171973,1706.523392
30,1.180935,1693.573724
30,1.184931,1687.862092
30,1.220838,1638.219187
