n_threads,Time,GFLOPS
112,1.757336,1138.086514
112,1.981199,1009.489887
112,1.722623,1161.020074
112,1.844631,1084.227714
112,1.809067,1105.542547
