n_threads,Time,GFLOPS
62,2.019706,990.243090
62,2.023684,
62,2.021527,989.351253
62,2.018110,991.026034
62,2.043882,978.529929
