n_threads,Time,GFLOPS
94,2.644556,756.270632
94,2.796200,715.256403
94,2.748893,727.565490
94,2.788558,717.216686
94,2.778496,719.813879
