n_threads,Time,GFLOPS
22,2.414179,828.438817
22,2.428691,823.488728
22,2.416249,827.729381
22,2.427249,823.978206
22,2.450010,816.323103
