n_threads,Time,GFLOPS
44,1.503204,1330.491616
44,1.481664,1349.833469
44,1.486689,1345.271462
44,1.476516,1354.539855
44,1.489944,1342.332539
