n_threads,Time,GFLOPS
50,1.309723,1527.040965
50,1.329766,1504.024531
50,1.322234,1512.591375
50,1.328046,1505.971945
50,1.321912,1512.959790
