n_threads,Time,GFLOPS
96,1.634293,1223.770854
96,1.669101,1198.249601
96,1.670817,1197.019472
96,1.694172,1180.517735
96,1.705080,1172.965751
