n_threads,Time,GFLOPS
102,3.233572,618.511007
102,3.127544,639.479312
102,3.182347,628.466891
102,3.242281,616.849678
102,3.173860,630.147479
