n_threads,Time,GFLOPS
8,2.735503,731.126895
8,2.733651,731.622248
8,2.737741,730.529163
8,2.731474,732.205396
8,2.734870,731.296140
