n_threads,Time,GFLOPS
80,1.734448,1153.104399
80,1.839522,1087.239035
80,1.764964,1133.167299
80,1.729353,1156.501959
80,1.821296,1098.119377
