n_threads,Time,GFLOPS
80,2.944581,679.213856
80,2.918623,685.254573
80,2.943436,679.477895
80,2.996000,667.556749
80,2.960331,675.600089
