n_threads,Time,GFLOPS
4,11.233299,178.042085
4,11.272704,177.419726
4,11.234187,178.028009
4,11.386947,175.639704
4,11.280549,177.296342
