n_threads,Time,GFLOPS
18,2.813491,710.860750
18,2.750981,727.013372
18,2.752711,726.556551
18,2.761482,724.248716
18,2.752262,726.674974
