n_threads,Time,GFLOPS
32,1.365074,1465.121784
32,1.042130,1919.147214
32,1.400641,1427.917931
32,1.396852,1431.791136
32,1.429044,1399.536985
