n_threads,Time,GFLOPS
126,3.029854,660.097780
126,2.961327,675.372991
126,3.132994,638.367043
126,3.132895,638.387173
126,3.109590,643.171645
