n_threads,Time,GFLOPS
38,2.198143,909.858717
38,2.200908,908.715727
38,2.207913,905.832609
38,2.200946,908.700119
38,2.202714,907.970777
