n_threads,Time,GFLOPS
52,2.602264,768.561574
52,2.563440,780.201669
52,2.605033,767.744587
52,2.604808,767.810820
52,2.594244,770.937513
