n_threads,Time,GFLOPS
28,2.411287,829.432582
28,2.428403,823.586450
28,2.413484,828.677394
28,2.422221,825.688459
28,2.408826,830.279888
