n_threads,Time,GFLOPS
14,3.294857,607.006686
14,3.296821,606.645092
14,3.283732,609.063020
14,3.294092,607.147524
14,3.298181,606.394848
