n_threads,Time,GFLOPS
58,0.955176,2093.854260
58,0.960365,2082.541900
58,0.951713,2101.474315
58,0.953944,2096.559123
58,0.953628,2097.253810
