n_threads,Time,GFLOPS
16,3.011000,664.231184
16,2.982018,670.686663
16,2.995893,667.580621
16,2.975654,672.121126
16,2.983751,670.297136
