n_threads,Time,GFLOPS
118,3.889260,514.236585
118,3.846466,519.957857
118,3.931900,508.659996
118,3.864656,517.510422
118,3.974924,503.154256
