n_threads,Time,GFLOPS
12,1.842639,1085.400013
12,1.836404,1089.085066
12,1.837424,1088.480602
12,1.843190,1085.075198
12,1.842416,1085.531291
