n_threads,Time,GFLOPS
128,3.292327,607.473015
128,3.271155,611.404847
128,3.141170,636.705483
128,3.124439,640.114846
128,3.197304,625.527099
