n_threads,Time,GFLOPS
52,1.453010,1376.453420
52,1.527785,1309.084458
52,1.451403,1377.977319
52,1.447077,1382.096467
52,1.464063,1366.061342
