n_threads,Time,GFLOPS
78,2.892648,691.408034
78,2.943336,679.501105
78,2.909054,687.508615
78,2.947169,678.617263
78,2.897879,690.159848
