n_threads,Time,GFLOPS
64,2.469193,809.981361
64,2.427068,824.039403
64,2.549796,784.376532
64,2.500233,799.925375
64,2.459843,813.060063
