n_threads,Time,GFLOPS
36,1.291731,1548.309916
36,1.261398,1585.542994
36,1.290005,1550.381308
36,1.283794,1557.882021
36,1.264746,1581.345605
