n_threads,Time,GFLOPS
70,1.757348,1138.078748
70,1.786406,1119.566059
70,1.762261,1134.905867
70,1.799448,1111.452090
70,1.754669,1139.816128
