n_threads,Time,GFLOPS
20,2.563432,780.203999
20,2.557617,781.977955
20,2.564969,779.736386
20,2.555476,782.633039
20,2.607041,767.153247
