n_threads,Time,GFLOPS
14,1.670977,1196.904547
14,1.756422,1138.678775
14,1.670228,1197.441251
14,1.750820,1142.321746
14,1.672881,1195.542227
