n_threads,Time,GFLOPS
44,2.591124,771.865676
44,2.604858,767.796032
44,2.548524,784.767947
44,2.609346,766.475516
44,2.553996,783.086471
