n_threads,Time,GFLOPS
12,3.772081,530.211238
12,3.786718,528.161835
12,3.790063,527.695664
12,3.763158,531.468462
12,3.770114,530.487969
