n_threads,Time,GFLOPS
76,1.735908,1152.134824
76,1.812595,1103.390416
76,1.829119,1093.422861
76,,
76,1.773913,1127.450993
