n_threads,Time,GFLOPS
78,1.805074,1107.988030
78,1.809181,1105.472443
78,1.810402,1104.727052
78,1.782950,1121.736638
78,1.825371,1095.667773
