n_threads,Time,GFLOPS
58,0.961652,2079.753869
58,0.952215,2100.365693
58,0.957754,2088.218193
58,0.952148,2100.514187
58,0.958733,2086.086248
