n_threads,Time,GFLOPS
108,2.845324,702.907651
108,2.807067,712.487536
108,2.813946,710.745699
108,2.847373,702.401752
108,2.830870,706.496644
