n_threads,Time,GFLOPS
110,2.973004,672.720200
110,2.861677,698.890836
110,2.927492,683.178612
110,2.897625,690.220488
110,2.904839,688.506225
