n_threads,Time,GFLOPS
126,2.146316,931.829388
126,2.081084,961.037711
126,,
126,1.841084,1086.316526
126,2.014318,992.891751
