n_threads,Time,GFLOPS
124,3.745600,533.959899
124,3.568929,560.392283
124,3.570056,560.215292
124,3.704072,539.946278
124,3.899242,512.920248
