n_threads,Time,GFLOPS
94,3.856123,518.655597
94,4.022569,497.194736
94,3.758634,532.108271
94,3.978386,502.716399
94,3.692206,541.681569
