n_threads,Time,GFLOPS
110,1.805261,1107.872898
110,1.989954,1005.048210
110,1.827093,1094.635285
110,1.823426,1096.836205
110,1.774238,1127.244381
