n_threads,Time,GFLOPS
86,4.004279,499.465704
86,3.746500,533.831607
86,3.778456,529.316738
86,3.906217,512.004294
86,3.929691,508.945921
