n_threads,Time,GFLOPS
50,2.470527,809.543748
50,2.444579,818.136839
50,2.487033,804.171041
50,2.458971,813.348230
50,2.490138,803.168310
