n_threads,Time,GFLOPS
10,2.220084,900.866877
10,2.219031,901.294139
10,2.216125,902.476154
10,2.216193,902.448627
10,2.214857,902.992857
