n_threads,Time,GFLOPS
90,1.640778,1218.934189
90,1.580638,1265.311709
90,1.598783,1250.951303
90,1.651896,1210.730316
90,1.649894,1212.199353
