n_threads,Time,GFLOPS
86,2.694277,742.314057
86,2.900378,689.565232
86,2.318881,862.485060
86,2.648935,755.020467
86,2.560260,781.170589
