n_threads,Time,GFLOPS
66,2.958586,675.998520
66,2.963008,674.989767
66,2.753159,726.438249
66,2.890364,691.954367
66,3.036252,658.706798
