n_threads,Time,GFLOPS
12,1.889623,1058.412160
12,1.877011,1065.523940
12,1.902364,1051.323613
12,1.828534,1093.772480
12,1.830208,1092.772208
