n_threads,Time,GFLOPS
128,2.308708,866.285250
128,2.231634,896.204218
128,2.265982,882.619628
128,2.211946,904.181391
128,2.382922,839.305851
