n_threads,Time,GFLOPS
20,2.602575,768.469738
20,2.606373,767.350000
20,2.609259,766.501150
20,2.609544,766.417491
20,2.604495,767.903213
