n_threads,Time,GFLOPS
72,2.964096,674.742057
72,3.013715,663.632827
72,2.968329,673.779653
72,3.000374,666.583619
72,2.878174,694.885099
