n_threads,Time,GFLOPS
74,2.549227,784.551400
74,2.749934,727.290171
74,2.519078,793.941121
74,2.150666,929.944547
74,2.774070,720.962441
