n_threads,Time,GFLOPS
78,2.919024,685.160407
78,2.979819,671.181678
78,2.922197,684.416573
78,2.978773,671.417306
78,2.928152,683.024641
