n_threads,Time,GFLOPS
128,1.990058,1004.996001
128,2.054264,973.584884
128,2.044401,978.281632
128,2.140384,934.411670
128,2.200150,909.028868
