n_threads,Time,GFLOPS
6,7.478167,267.445211
6,7.445069,268.634178
6,7.454812,268.283098
6,7.476508,267.504567
6,7.468558,267.789294
