n_threads,Time,GFLOPS
4,5.577557,358.579916
4,5.619565,355.899451
4,5.599191,357.194467
4,5.604286,356.869747
4,5.598238,357.255264
