n_threads,Time,GFLOPS
82,3.803553,525.824171
82,3.646315,548.498986
82,3.849620,519.531830
82,3.853836,518.963451
82,3.834972,521.516190
