n_threads,Time,GFLOPS
72,3.064065,652.727697
72,3.038939,658.124473
72,3.070292,651.403846
72,2.962820,675.032590
72,2.911806,686.858891
