n_threads,Time,GFLOPS
126,2.064895,968.572294
126,1.918647,1042.401018
126,2.128133,939.790896
126,1.931396,1035.520252
126,1.969166,1015.658233
