n_threads,Time,GFLOPS
70,2.925570,683.627383
70,3.036556,658.640885
70,2.974734,672.329025
70,2.972973,672.727289
70,2.968089,673.834209
