n_threads,Time,GFLOPS
54,1.197495,1670.152715
54,1.213398,1648.263599
54,1.192073,1677.749926
54,1.227746,1629.001924
54,1.210408,1652.335609
