n_threads,Time,GFLOPS
28,1.382310,1446.853511
28,1.346903,1484.888256
28,1.341564,1490.796914
28,1.368795,1461.139224
28,1.350582,1480.842746
