n_threads,Time,GFLOPS
24,1.290483,1549.807831
24,1.255907,1592.474975
24,1.250666,1599.148598
24,1.254453,1594.319836
24,1.252769,1596.463185
