n_threads,Time,GFLOPS
62,0.974720,2051.870513
62,0.972581,2056.384029
62,0.971968,2057.681858
62,0.971065,2059.593481
62,0.969660,2062.578880
