n_threads,Time,GFLOPS
106,3.728598,536.394645
106,3.905881,
106,3.801263,526.140934
106,3.971419,503.598399
106,3.814246,524.350075
