n_threads,Time,GFLOPS
30,2.287295,
30,2.273997,879.508544
30,2.271165,880.605518
30,2.282302,876.308199
30,2.272355,880.144116
