n_threads,Time,GFLOPS
98,1.779179,1124.114008
98,1.689986,1183.442102
98,1.729503,1156.401475
98,1.761761,1135.227592
98,1.757509,1137.974058
