n_threads,Time,GFLOPS
10,2.379346,840.567188
10,2.201877,908.315890
10,2.194099,911.535849
10,2.201953,908.284758
10,2.356117,848.854448
