n_threads,Time,GFLOPS
56,1.209246,1653.923569
56,1.260308,1586.914238
56,1.244054,1607.647532
56,1.233666,1621.183812
56,1.312321,1524.017862
