n_threads,Time,GFLOPS
98,3.007813,664.935018
98,3.037746,658.382911
98,2.980998,670.916236
98,2.944663,679.194894
98,3.038744,658.166744
