n_threads,Time,GFLOPS
84,3.082900,648.739777
84,3.102543,644.632399
84,3.106725,643.764667
84,3.039534,657.995669
84,3.147333,635.458594
