n_threads,Time,GFLOPS
22,1.194355,1674.544264
22,1.198028,1669.410563
22,1.194756,1673.982390
22,1.196753,1671.189291
22,1.197038,1670.791423
