n_threads,Time,GFLOPS
70,1.805180,1107.922836
70,1.782431,1122.063018
70,1.853955,1078.774817
70,1.776318,1125.924601
70,1.704885,1173.099823
