n_threads,Time,GFLOPS
60,2.293058,872.197892
60,2.347851,851.842894
60,2.323631,860.721879
60,2.308969,866.187625
60,2.310027,865.790758
