n_threads,Time,GFLOPS
108,2.937735,680.796535
108,2.919047,685.155160
108,2.921507,684.578206
108,2.880916,694.223748
108,2.783307,718.569614
