n_threads,Time,GFLOPS
68,3.034533,659.080009
68,3.113354,642.393969
68,3.024483,661.270028
68,3.025345,661.081674
68,3.114742,642.107688
