n_threads,Time,GFLOPS
102,3.192689,626.431244
102,3.070403,651.380248
102,3.158352,633.241621
102,3.114680,642.120443
102,3.106025,643.909727
