n_threads,Time,GFLOPS
116,3.438412,581.663866
116,3.534036,565.925158
116,3.475363,575.479456
116,3.563486,561.248234
116,3.379986,591.718484
