n_threads,Time,GFLOPS
92,1.968662,1015.918430
92,2.179033,917.838279
92,2.031717,984.389027
92,1.870991,1068.951977
92,2.017848,991.154725
