n_threads,Time,GFLOPS
122,2.819643,709.309532
122,2.870209,696.813459
122,2.857261,699.971178
122,2.905131,688.437146
122,2.699581,740.855578
