n_threads,Time,GFLOPS
54,1.209096,1654.128324
54,1.205704,1658.782036
54,1.230874,1624.862110
54,1.236159,1617.915429
54,1.207338,
