n_threads,Time,GFLOPS
36,2.517861,794.325151
36,2.481082,806.099806
36,2.465983,811.035519
36,2.513753,795.623236
36,2.438989,820.011940
