n_threads,Time,GFLOPS
48,2.372473,843.002146
48,2.388872,837.215317
48,2.403688,832.054904
48,2.391373,836.339480
48,2.393757,835.506841
