n_threads,Time,GFLOPS
38,1.025880,1949.545769
38,1.025148,1950.938587
38,1.029113,1943.421185
38,1.027284,1946.881484
38,1.023920,1953.278460
