n_threads,Time,GFLOPS
42,2.426681,824.170893
42,2.434689,821.460160
42,2.442444,818.851968
42,2.439951,819.688502
42,2.433977,821.700603
