n_threads,Time,GFLOPS
20,1.322969,1511.750933
20,1.310315,1526.350329
20,1.318150,1517.278146
20,1.316550,1519.122099
20,1.314139,1521.909197
