n_threads,Time,GFLOPS
120,1.697219,1178.398574
120,1.924052,1039.472734
120,2.036711,981.975111
120,2.033565,983.494419
120,1.919229,1042.085043
