n_threads,Time,GFLOPS
108,1.793229,1115.306506
108,1.760798,1135.848825
108,1.765298,1132.953353
108,1.874390,1067.013849
108,1.879647,1064.029824
