n_threads,Time,GFLOPS
92,2.047019,977.030338
92,2.051657,974.821925
92,1.968019,1016.250330
92,2.044077,978.436547
92,2.043629,978.651412
