n_threads,Time,GFLOPS
60,1.214516,1646.746225
60,1.208756,1654.593600
60,1.209277,1653.881094
60,1.201324,1664.830161
60,1.208867,1654.441343
