n_threads,Time,GFLOPS
68,1.763230,1134.281861
68,1.822167,1097.594322
68,1.620013,1234.558221
68,1.580715,1265.250008
68,1.613019,1239.910881
