n_threads,Time,GFLOPS
16,1.458694,1371.089788
16,1.454179,1375.346604
16,1.453607,1375.887812
16,1.460751,1369.158421
16,1.457586,1372.132143
