n_threads,Time,GFLOPS
58,2.043821,978.559395
58,2.039975,980.403987
58,2.043094,978.907317
58,2.036483,982.085110
58,2.047931,976.595337
