n_threads,Time,GFLOPS
106,2.698954,741.027737
106,2.747468,727.942848
106,2.660632,751.701155
106,2.647176,755.522007
106,2.849732,701.820285
