n_threads,Time,GFLOPS
30,1.253911,1595.009930
30,1.244969,1606.465837
30,1.213158,1648.590039
30,1.218586,1641.246515
30,1.220087,1639.227137
