n_threads,Time,GFLOPS
104,1.665411,1200.904956
104,1.703440,1174.095069
104,1.728642,1156.977779
104,1.620292,1234.345114
104,1.655893,1207.807530
