n_threads,Time,GFLOPS
78,1.857727,1076.584327
78,1.846222,1083.293244
78,1.827041,1094.666183
78,1.854613,1078.391984
78,1.792127,1115.992608
