n_threads,Time,GFLOPS
52,1.476315,1354.724054
52,1.459616,1370.223251
52,1.479369,1351.928130
52,1.451367,
52,1.491508,1340.925203
