n_threads,Time,GFLOPS
70,2.982485,670.581776
70,2.957787,676.181187
70,2.980112,529.378997
70,2.962468,675.112680
70,2.949336,678.118678
