n_threads,Time,GFLOPS
90,2.845768,702.797987
90,2.786360,717.782428
90,2.825497,707.840125
90,2.794845,715.603291
90,2.813329,
