n_threads,Time,GFLOPS
88,2.920922,684.715402
88,2.877601,695.023396
88,2.919075,685.148569
88,2.797426,714.942979
88,2.887941,692.534999
