n_threads,Time,GFLOPS
118,2.839293,704.400606
118,2.785963,717.884574
118,2.837027,704.963349
118,2.884403,693.384488
118,2.768004,722.542181
