n_threads,Time,GFLOPS
76,2.887482,692.644958
76,2.894115,691.057549
76,2.949883,677.993068
76,2.987014,669.564895
76,2.982962,670.474598
