n_threads,Time,GFLOPS
58,2.033401,983.573617
58,2.044640,978.167494
58,2.041052,979.886968
58,2.042555,979.165742
58,1.993080,1003.472147
