n_threads,Time,GFLOPS
24,2.359107,847.778328
24,2.353793,849.692533
24,2.360846,847.154115
24,2.357657,848.299657
24,2.353196,849.907968
