n_threads,Time,GFLOPS
46,0.988943,2022.360790
46,0.985355,2029.724543
46,,
46,0.983196,2034.181511
46,0.989020,2022.203374
