n_threads,Time,GFLOPS
30,2.271415,880.508547
30,2.279201,877.500392
30,2.266870,882.273883
30,2.256605,886.287231
30,2.269716,881.167378
