n_threads,Time,GFLOPS
84,1.764842,1133.246177
84,1.721423,1161.829335
84,1.764318,1133.582694
84,1.727083,1158.021673
84,1.712998,1167.543730
