n_threads,Time,GFLOPS
16,1.548249,1291.781952
16,,
16,1.507854,1326.388396
16,1.551098,1289.409087
16,1.513038,1321.843683
