n_threads,Time,GFLOPS
50,2.434483,821.529757
50,2.406383,831.122992
50,2.453206,815.259626
50,2.580150,775.148855
50,2.448372,816.869480
