n_threads,Time,GFLOPS
112,1.830038,1092.873417
112,1.836397,1089.089080
112,1.724156,1159.987683
112,1.707395,1171.375012
112,1.822043,1097.668926
