n_threads,Time,GFLOPS
74,3.597927,555.875718
74,3.867654,517.109361
74,3.629858,550.985776
74,3.714397,538.445465
74,3.788888,527.859327
