n_threads,Time,GFLOPS
84,1.804339,1108.438933
84,1.845447,1083.748013
84,1.768517,1130.890709
84,1.904103,1050.363213
84,1.834935,1089.957091
