n_threads,Time,GFLOPS
66,1.592780,1255.666465
66,1.646902,1214.401239
66,1.666133,1200.384205
66,,
66,1.646582,1214.637449
