n_threads,Time,GFLOPS
42,1.320253,1514.861411
42,1.337979,1494.792018
42,1.298782,1539.904579
42,1.290362,1549.953122
42,1.345175,1486.795258
