n_threads,Time,GFLOPS
28,2.412054,829.168716
28,2.444124,818.289019
28,2.474417,808.271328
28,2.523805,792.454244
28,2.370240,843.796543
