n_threads,Time,GFLOPS
26,2.327518,859.284581
26,2.353343,849.854852
26,2.315590,863.710605
26,2.346910,852.184198
26,2.362184,846.674128
