n_threads,Time,GFLOPS
12,3.848488,519.684572
12,3.928824,509.058178
12,3.837522,521.169706
12,3.843725,520.328555
12,3.847987,519.752220
