n_threads,Time,GFLOPS
14,1.614414,1238.839499
14,1.607919,1243.843474
14,1.608621,1243.301020
14,1.620081,1234.506097
14,1.609017,1242.995164
