n_threads,Time,GFLOPS
32,2.456362,814.212120
32,2.448122,816.952916
32,2.452139,815.614608
32,2.454510,814.826724
32,2.445377,817.869722
