n_threads,Time,GFLOPS
122,2.786475,717.752788
122,2.858715,699.615111
122,,
122,2.731037,732.322620
122,2.879315,694.609537
