n_threads,Time,GFLOPS
112,2.837029,704.962714
112,2.894059,691.070994
112,2.907405,687.898594
112,2.912106,686.788150
112,2.895938,690.622514
