n_threads,Time,GFLOPS
34,2.243464,891.478365
34,2.240528,892.646870
34,2.247520,889.869883
34,2.242739,891.766787
34,2.242940,891.686710
