n_threads,Time,GFLOPS
44,1.494833,1337.942338
44,1.482924,1348.686930
44,1.562676,1279.855848
44,1.519524,1316.201877
44,1.480491,1350.903282
