n_threads,Time,GFLOPS
64,1.331927,1501.583546
64,1.326628,1507.581277
64,1.600713,1249.443494
64,1.347329,1484.418694
64,1.335032,1498.091756
