n_threads,Time,GFLOPS
26,2.402828,832.352673
26,2.394860,835.121718
26,2.441032,819.325642
26,2.406249,831.169172
26,2.440007,819.669643
