n_threads,Time,GFLOPS
14,3.413168,585.965933
14,3.433215,582.544402
14,3.423619,584.177196
14,3.417071,585.296581
14,3.419399,584.898048
