n_threads,Time,GFLOPS
114,1.966312,1017.132371
114,1.854388,1078.523013
114,1.871970,1068.393226
114,1.827119,1094.619389
114,1.978207,1011.016740
