n_threads,Time,GFLOPS
34,1.064580,1878.675984
34,1.065421,1877.191379
34,1.068229,1872.257074
34,1.063048,1881.383079
34,1.065387,1877.252267
