n_threads,Time,GFLOPS
48,1.235373,1618.944765
48,1.270056,1574.733651
48,1.259835,1587.508866
48,1.241516,1610.933360
48,1.238752,1614.528091
