n_threads,Time,GFLOPS
116,2.160726,925.614605
116,2.062470,969.711303
116,2.123597,941.798213
116,2.173200,920.301878
116,2.076315,963.244978
