n_threads,Time,GFLOPS
64,2.483644,805.268299
64,2.402417,832.495080
64,2.465559,811.175168
64,2.482858,805.523315
64,2.466638,810.820350
