n_threads,Time,GFLOPS
98,2.866554,697.701769
98,2.914081,686.322653
98,2.956715,676.426359
98,2.958683,675.976457
98,2.929327,682.750630
