n_threads,Time,GFLOPS
116,2.197629,910.071546
116,2.446061,817.641218
116,2.126682,940.432262
116,2.442260,818.913663
116,2.440550,819.487355
