n_threads,Time,GFLOPS
26,1.098017,1821.465845
26,1.106906,1806.837836
26,1.106981,1806.716352
26,1.106368,1807.716389
26,1.105943,1808.410872
