n_threads,Time,GFLOPS
4,5.769445,346.653820
4,5.692968,351.310611
4,5.698436,350.973472
4,5.701286,350.798057
4,5.627967,355.368127
