n_threads,Time,GFLOPS
96,2.819377,709.376675
96,2.776024,720.454955
96,2.826821,707.508623
96,2.802001,713.775640
96,2.778801,719.734762
