n_threads,Time,GFLOPS
122,3.931757,508.678410
122,3.862188,517.841163
122,3.905190,512.139014
122,3.956894,505.446945
122,3.946880,506.729319
