n_threads,Time,GFLOPS
8,2.772443,721.385404
8,2.786202,717.823053
8,2.791973,716.339364
8,2.771758,721.563767
8,2.740905,729.685924
