n_threads,Time,GFLOPS
56,1.250213,1599.726934
56,1.254196,1594.646855
56,1.232653,1622.516272
56,1.247121,1603.694077
56,1.259371,1588.094989
