n_threads,Time,GFLOPS
24,1.242743,1609.342574
24,1.242935,1609.094218
24,1.245878,1605.293070
24,1.248329,1602.141115
24,1.237211,1616.539547
