n_threads,Time,GFLOPS
54,2.304101,868.017561
54,2.289885,873.406141
54,2.305312,867.561404
54,2.308890,866.217263
54,2.345928,852.541173
