n_threads,Time,GFLOPS
8,5.537619,361.166085
8,5.536934,361.210719
8,5.537569,361.169316
8,5.530634,361.622224
8,5.540624,360.970191
