n_threads,Time,GFLOPS
18,2.681681,745.800799
18,2.683845,745.199516
18,2.685898,744.629935
18,2.681199,745.934888
18,2.678408,746.712322
