n_threads,Time,GFLOPS
82,2.560986,780.949326
82,2.837168,704.928395
82,2.743591,728.971537
82,2.694665,742.207339
82,2.690822,743.267271
