n_threads,Time,GFLOPS
68,1.793697,1115.015672
68,1.796950,1112.997216
68,1.711294,1168.706211
68,1.682152,1188.953395
68,1.785402,1120.195743
