n_threads,Time,GFLOPS
118,3.876984,515.864889
118,4.007576,499.054819
118,4.062439,492.315080
118,4.086186,489.453938
118,3.906495,511.967859
