n_threads,Time,GFLOPS
114,3.105613,643.995189
114,3.137397,637.471132
114,3.126827,639.626092
114,3.161578,632.595491
114,3.152585,634.400003
