n_threads,Time,GFLOPS
24,2.375685,841.862320
24,2.405385,831.467699
24,2.366274,845.210489
24,2.364156,845.967880
24,2.360873,847.144151
