n_threads,Time,GFLOPS
102,1.832343,1091.498703
102,1.839351,1087.340313
102,1.861263,1074.538927
102,1.888456,1059.066331
102,1.944031,1028.790061
