n_threads,Time,GFLOPS
96,2.770885,721.791125
96,2.862002,698.811546
96,2.913546,686.448839
96,2.869094,697.084177
96,2.923782,684.045553
