n_threads,Time,GFLOPS
38,1.031217,1939.456209
38,1.034622,1933.072932
38,1.033373,1935.410485
38,1.037061,1928.526276
38,1.036469,1929.629021
