n_threads,Time,GFLOPS
106,3.941819,507.379988
106,3.877367,515.814012
106,4.023651,497.061035
106,3.912746,511.149966
106,3.795258,526.973426
