n_threads,Time,GFLOPS
20,1.338890,1493.774508
20,1.342206,1490.083813
20,1.344028,1488.063990
20,1.409168,1419.277620
20,1.340871,1491.567688
