n_threads,Time,GFLOPS
8,5.550965,360.297724
8,5.541176,360.934190
8,5.542193,360.867975
8,5.546533,360.585583
8,5.544209,360.736748
