n_threads,Time,GFLOPS
2,10.971250,182.294626
2,10.909663,183.323727
2,10.907943,183.352620
2,10.896542,183.544465
2,10.964539,182.406213
