n_threads,Time,GFLOPS
10,4.634090,431.584148
10,4.658783,429.296687
10,4.675063,427.801750
10,4.620965,432.809999
10,4.656631,429.495028
