n_threads,Time,GFLOPS
88,1.642710,1217.500053
88,1.669561,1197.919653
88,1.773708,1127.581559
88,1.707298,1171.441848
88,1.736463,1151.766493
