n_threads,Time,GFLOPS
28,1.775423,1126.492142
28,1.795395,1113.960793
28,1.779540,1123.886108
28,1.789654,1117.534208
28,1.774573,1127.031654
