n_threads,Time,GFLOPS
70,1.885944,1060.476598
70,1.839330,1087.352439
70,1.890269,1058.050443
70,1.837479,1088.447535
70,1.832182,1091.594768
