n_threads,Time,GFLOPS
4,12.943300,154.520101
4,12.925759,154.729798
4,12.964882,154.262872
4,12.490227,160.125190
4,13.128933,152.335300
