n_threads,Time,GFLOPS
90,1.719627,1163.043025
90,1.703036,1174.373242
90,1.710055,1169.552947
90,1.684182,1187.520138
90,1.715626,1165.755272
