n_threads,Time,GFLOPS
42,1.686231,1186.077093
42,1.661540,1203.702278
42,1.657719,1206.476803
42,1.660382,1204.542301
42,1.677087,1192.543987
