n_threads,Time,GFLOPS
96,1.638905,1220.327057
96,1.631059,1226.197323
96,1.673642,1194.998487
96,1.692125,1181.945674
96,1.626731,1229.459589
