n_threads,Time,GFLOPS
6,6.439200,310.597575
6,6.552798,305.213110
6,6.546325,305.514948
6,6.639768,301.215347
6,6.696571,298.660325
