n_threads,Time,GFLOPS
14,3.485201,573.855066
14,3.482688,574.269126
14,3.491266,572.858079
14,3.483655,574.109735
14,3.453681,579.092333
