n_threads,Time,GFLOPS
114,3.813569,524.443155
114,3.854173,518.918083
114,3.886863,514.553722
114,3.940929,507.494558
114,3.858806,518.295041
