n_threads,Time,GFLOPS
92,1.708649,1170.515109
92,1.702023,1175.072462
92,1.742844,1147.549683
92,1.733291,1153.874246
92,1.695546,1179.560992
