n_threads,Time,GFLOPS
94,1.850338,1080.883323
94,1.958108,1021.394322
94,1.934813,1033.691706
94,1.977729,1011.260708
94,1.950597,1025.327248
