n_threads,Time,GFLOPS
2,20.974165,95.355404
2,19.897344,100.515929
2,20.305344,98.496239
2,20.380244,98.134254
2,20.092680,99.538738
