n_threads,Time,GFLOPS
6,6.939278,288.214422
6,6.897709,289.951356
6,6.666805,299.993784
6,6.721664,297.545389
6,6.895388,290.048923
