n_threads,Time,GFLOPS
8,6.040190,331.115400
8,6.046621,330.763240
8,6.070458,329.464422
8,6.035113,331.393957
8,6.046433,330.773525
