n_threads,Time,GFLOPS
44,3.366840,594.028899
44,3.365164,594.324619
44,3.375880,592.438077
44,3.394903,589.118404
44,3.373730,592.815665
