n_threads,Time,GFLOPS
52,1.676251,1193.138443
52,1.659750,1205.000842
52,1.683337,1188.116261
52,1.677318,1192.379502
52,1.660076,1204.763886
