n_threads,Time,GFLOPS
100,3.870839,516.683840
100,3.831170,522.033725
100,3.790674,527.610609
100,3.799007,526.453293
100,3.777059,529.512450
