n_threads,Time,GFLOPS
60,1.542615,1296.500148
60,1.632293,1225.270200
60,1.606992,1244.561637
60,1.636375,1222.214066
60,1.623613,1231.820988
