n_threads,Time,GFLOPS
56,3.347187,597.516587
56,3.361213,595.023253
56,3.367536,593.906052
56,3.362160,594.855657
56,3.349022,597.189346
