n_threads,Time,GFLOPS
10,4.759705,420.194134
10,4.703107,425.250824
10,4.720397,423.693213
10,4.723599,423.405986
10,4.696278,425.869156
