n_threads,Time,GFLOPS
98,1.600053,1249.958812
98,1.649735,1212.315643
98,1.671233,1196.721444
98,1.622652,1232.550316
98,1.871773,1068.505423
