n_threads,Time,GFLOPS
50,1.525745,1310.834698
50,1.542856,1296.297353
50,1.519961,1315.823237
50,1.527845,1309.033448
50,1.534545,1303.317758
