n_threads,Time,GFLOPS
12,3.340580,598.698498
12,3.302196,605.657623
12,3.262764,612.977281
12,3.239809,617.320252
12,3.286532,608.544218
