n_threads,Time,GFLOPS
24,1.916659,1043.482361
24,1.914982,1044.396073
24,1.904538,1050.123256
24,1.891547,1057.335350
24,1.891481,1057.372739
