n_threads,Time,GFLOPS
122,1.701005,1175.775408
122,1.691594,1182.316877
122,1.663816,1202.055932
122,1.661246,1203.915256
122,1.672230,1196.007678
