n_threads,Time,GFLOPS
84,3.835371,521.461977
84,3.830048,522.186727
84,3.832748,521.818870
84,3.834112,521.633218
84,3.829516,522.259241
