n_threads,Time,GFLOPS
30,3.236930,617.869383
30,3.145446,635.839890
30,3.174639,629.992794
30,3.242671,616.775481
30,3.176461,629.631434
