n_threads,Time,GFLOPS
64,3.685825,542.619326
64,3.688234,542.264872
64,3.724585,536.972601
64,3.725814,536.795404
64,3.693530,541.487431
