n_threads,Time,GFLOPS
22,2.065583,968.249458
22,2.077592,962.652991
22,2.048915,976.126169
22,2.117086,944.694850
22,2.030738,984.863551
