n_threads,Time,GFLOPS
32,3.571274,560.024289
32,3.440900,581.243337
32,3.496729,571.963106
32,3.498132,571.733704
32,3.503835,570.803212
