n_threads,Time,GFLOPS
44,1.706447,1172.025553
44,1.671756,1196.347128
44,1.702723,1174.589214
44,1.687433,1185.232576
44,1.709789,1169.735132
