n_threads,Time,GFLOPS
30,1.713151,1167.439179
30,1.732902,1154.133325
30,1.755881,1139.029030
30,1.741926,1148.154102
30,1.747139,1144.728808
