n_threads,Time,GFLOPS
58,1.739052,1150.051803
58,1.731620,1154.987772
58,1.701743,1175.265633
58,1.733634,1153.645863
58,1.734795,1152.873654
