n_threads,Time,GFLOPS
72,3.679407,543.565815
72,3.681421,543.268512
72,3.706700,539.563538
72,3.671806,544.691095
72,3.680555,543.396373
