n_threads,Time,GFLOPS
100,1.661360,1203.833022
100,1.725224,1159.269989
100,1.727574,1157.692899
100,1.675331,1193.794273
100,1.651282,1211.180267
