n_threads,Time,GFLOPS
10,4.275325,467.800651
10,4.467260,447.701691
10,4.402507,454.286625
10,4.390087,455.571882
10,4.439481,450.503107
