n_threads,Time,GFLOPS
54,1.505995,1328.025294
54,1.519937,1315.843770
54,1.535659,1302.372660
54,1.563745,1278.980908
54,1.512251,1322.531538
