n_threads,Time,GFLOPS
76,3.757574,532.258292
76,3.753783,532.795808
76,3.758419,532.138637
76,3.764825,531.233213
76,3.752831,532.931014
