n_threads,Time,GFLOPS
48,1.618079,1236.033514
48,1.615760,1237.807594
48,1.632712,1224.956108
48,1.631555,1225.824159
48,1.612753,1240.115772
