n_threads,Time,GFLOPS
88,3.855638,518.720941
88,3.867366,517.147878
88,3.881801,515.224774
88,3.846926,519.895594
88,3.878742,515.631111
