n_threads,Time,GFLOPS
108,1.640074,1219.457344
108,1.658177,1206.143763
108,1.707993,1170.964982
108,1.663561,1202.240127
108,1.679847,1190.584958
