n_threads,Time,GFLOPS
86,1.721464,1161.801803
86,1.796735,1113.130070
86,1.712625,1167.798047
86,1.721463,1161.802215
86,1.814457,1102.258331
