n_threads,Time,GFLOPS
76,1.896703,1054.461376
76,1.847363,1082.624217
76,1.866741,1071.385736
76,1.803125,1109.185312
76,1.823473,1096.808076
