n_threads,Time,GFLOPS
120,3.900695,512.729189
120,3.898819,512.975807
120,3.892342,513.829457
120,3.870872,516.679393
120,3.878118,515.714076
