n_threads,Time,GFLOPS
68,3.616593,553.006731
68,3.597826,555.891305
68,3.597982,555.867141
68,3.580431,558.592000
68,3.594209,556.450729
