n_threads,Time,GFLOPS
118,1.681566,1189.367228
118,1.685179,1186.817535
118,1.681014,1189.758228
118,1.702953,1174.430648
118,1.683403,1188.069589
