n_threads,Time,GFLOPS
74,2.172623,920.546418
74,2.114073,946.041324
74,2.086730,958.437310
74,2.087484,958.091239
74,2.139077,934.982865
