n_threads,Time,GFLOPS
118,3.846885,519.901193
118,3.934457,508.329327
118,3.914395,510.934607
118,3.862826,517.755658
118,3.919614,510.254298
