n_threads,Time,GFLOPS
2,23.822336,83.954823
2,23.584361,84.801959
2,23.742593,84.236797
2,23.661620,84.525066
2,23.699892,84.388570
