n_threads,Time,GFLOPS
18,3.241642,616.971231
18,3.249483,615.482597
18,3.258742,613.733769
18,3.287128,608.433821
18,3.272350,611.181638
