n_threads,Time,GFLOPS
110,3.940539,507.544722
110,3.799741,526.351632
110,3.790139,527.685196
110,3.757233,532.306623
110,3.753667,532.812324
