n_threads,Time,GFLOPS
44,1.705033,1172.997907
44,1.696733,1178.735822
44,1.672154,1196.062210
44,1.659904,1204.888711
44,1.678160,1191.781596
