n_threads,Time,GFLOPS
104,1.612920,1239.987242
104,1.622997,1232.287791
104,1.661533,1203.707576
104,1.671396,1196.604566
104,1.636413,1222.185220
