n_threads,Time,GFLOPS
54,3.171491,630.618179
54,3.189999,626.959523
54,3.194016,626.171030
54,3.210515,622.953037
54,3.212876,622.495164
