n_threads,Time,GFLOPS
82,3.932929,508.526838
82,3.960406,504.998701
82,3.811965,524.663775
82,3.985860,501.773760
82,4.013236,498.350991
