n_threads,Time,GFLOPS
16,3.425646,583.831495
16,3.421406,584.555010
16,3.434302,582.359956
16,3.433055,582.571549
16,3.451108,579.523958
