n_threads,Time,GFLOPS
108,3.846070,520.011379
108,3.841808,520.588282
108,3.824365,522.962674
108,3.840515,520.763465
108,3.845113,520.140780
