n_threads,Time,GFLOPS
98,3.871085,516.651052
98,3.752634,532.959052
98,3.812433,524.599403
98,3.765430,531.147881
98,3.704877,539.829040
