n_threads,Time,GFLOPS
118,1.703707,1173.910803
118,1.761874,1135.155016
118,1.752702,1141.095426
118,1.724496,1159.759321
118,1.746531,1145.127120
