n_threads,Time,GFLOPS
54,3.187651,627.421343
54,3.185787,627.788269
54,3.190399,626.880754
54,3.172133,630.490567
54,3.198103,625.370823
