n_threads,Time,GFLOPS
108,1.725590,1159.024029
108,1.698040,1177.828632
108,1.690201,1183.290979
108,1.681698,1189.274306
108,1.693660,1180.874431
