n_threads,Time,GFLOPS
128,1.704489,1173.372385
128,1.675817,1193.447502
128,1.735914,1152.130942
128,1.685442,1186.632315
128,1.623294,1232.062907
