n_threads,Time,GFLOPS
104,3.815588,524.165654
104,3.796273,526.832562
104,3.789403,527.787632
104,3.816580,524.029417
104,3.823178,523.124949
