n_threads,Time,GFLOPS
112,1.717662,1164.373148
112,1.755614,1139.202458
112,1.721990,1161.446736
112,1.734737,1152.912370
112,1.765125,1133.064254
