n_threads,Time,GFLOPS
4,12.241337,163.380846
4,12.175936,164.258422
4,3.904509,512.228294
4,12.995413,153.900462
4,12.405831,161.214519
