n_threads,Time,GFLOPS
98,3.731786,535.936437
98,3.648468,548.175328
98,3.720917,537.501952
98,3.741014,534.614396
98,3.800645,526.226437
