n_threads,Time,GFLOPS
52,3.369653,593.532921
52,3.361509,594.970963
52,3.337593,599.234311
52,3.367697,593.877684
52,3.324917,601.518736
