n_threads,Time,GFLOPS
90,3.759642,531.965486
90,3.886173,514.645193
90,3.822617,523.201816
90,3.759891,531.930380
90,3.938848,507.762644
