n_threads,Time,GFLOPS
88,1.713739,1167.039105
88,1.712111,1168.148678
88,1.732567,1154.356382
88,1.747188,1144.696786
88,1.741496,1148.437624
