n_threads,Time,GFLOPS
72,3.810912,524.808715
72,3.788367,527.931887
72,3.842140,520.543227
72,3.817393,523.917766
72,3.807431,525.288525
