n_threads,Time,GFLOPS
106,3.784411,528.483869
106,3.969518,503.839517
106,4.053907,493.351238
106,3.726281,536.728103
106,3.772108,530.207538
