n_threads,Time,GFLOPS
116,1.738987,1150.094798
116,1.770732,1129.476619
116,1.788624,1118.178079
116,1.689239,1183.965042
116,1.818649,1099.717457
