n_threads,Time,GFLOPS
86,3.853184,519.051210
86,3.877614,515.781111
86,3.891564,513.932223
86,3.896122,513.330983
86,3.954569,505.744154
