n_threads,Time,GFLOPS
34,1.776598,1125.746954
34,1.781337,1122.752336
34,1.753399,1140.641678
34,2.443648,818.448641
34,1.791160,1116.594628
