n_threads,Time,GFLOPS
66,3.460191,578.002811
66,3.498422,571.686244
66,3.486780,573.595041
66,3.495580,572.151115
66,3.484549,573.962386
