n_threads,Time,GFLOPS
40,1.690499,1183.082976
40,1.684369,1187.388335
40,1.676974,1192.624372
40,1.686919,1185.593175
40,1.723118,1160.686903
