n_threads,Time,GFLOPS
28,3.597678,555.914171
28,3.621928,552.192152
28,3.635074,550.195072
28,3.645145,548.674952
28,3.673233,544.479525
