n_threads,Time,GFLOPS
100,3.808686,525.115526
100,3.798800,526.482024
100,3.821093,523.410413
100,3.821413,523.366578
100,3.813321,524.477175
