n_threads,Time,GFLOPS
84,1.752902,1140.964961
84,1.737914,1150.805187
84,1.734278,1153.217598
84,1.747336,1144.599573
84,1.749891,1142.928563
