n_threads,Time,GFLOPS
18,2.335336,856.407835
18,2.305425,867.518966
18,2.350480,850.890071
18,2.327037,859.462011
18,2.326982,859.482448
