n_threads,Time,GFLOPS
64,1.544240,1295.135182
64,1.551243,1289.289037
64,1.560342,1281.770157
64,1.550340,1290.039683
64,1.547695,1292.243923
