n_threads,Time,GFLOPS
74,2.139236,934.913400
74,2.090644,956.643228
74,2.124665,941.324686
74,2.166456,923.166623
74,2.182257,916.482376
