n_threads,Time,GFLOPS
6,7.834067,255.295223
6,7.915897,252.656146
6,7.851572,254.726072
6,7.913183,252.742789
6,7.802225,256.337128
