n_threads,Time,GFLOPS
92,3.873506,516.328071
92,3.875886,516.011036
92,3.886949,514.542331
92,3.885917,514.679074
92,3.875621,516.046375
