n_threads,Time,GFLOPS
26,1.824119,1096.419498
26,1.847949,1082.280891
26,1.819294,1099.327807
26,1.828675,1093.687814
26,1.850727,1080.656467
