n_threads,Time,GFLOPS
22,3.192585,626.451608
22,3.368544,593.728314
22,3.210801,622.897606
22,3.204068,624.206525
22,3.156388,633.635607
