n_threads,Time,GFLOPS
68,1.915638,1044.038773
68,1.904134,1050.346131
68,1.874456,1066.976046
68,1.866743,1071.384793
68,1.968496,1016.004237
