n_threads,Time,GFLOPS
40,3.368032,593.818629
40,3.358012,595.590552
40,3.362846,594.734267
40,3.364956,594.361476
40,3.364426,594.455028
