n_threads,Time,GFLOPS
38,3.265909,612.386887
38,3.267996,611.995770
38,3.264905,612.575268
38,3.226942,619.781883
38,3.207288,623.579748
