n_threads,Time,GFLOPS
70,3.535883,565.629644
70,3.455189,578.839617
70,3.514308,569.102138
70,3.468483,576.621016
70,3.568977,560.384673
