n_threads,Time,GFLOPS
68,1.960889,1019.945734
68,2.014029,993.034305
68,1.991362,1004.337506
68,1.981364,1009.405887
68,1.995104,1002.454018
