n_threads,Time,GFLOPS
80,1.754959,1139.627953
80,1.782725,1121.878216
80,1.734731,1152.916207
80,1.749318,1143.302958
80,1.733925,1153.452394
