n_threads,Time,GFLOPS
16,3.476907,575.223922
16,3.470046,576.361203
16,3.452348,579.315914
16,3.445657,580.440849
16,3.441813,581.089167
