n_threads,Time,GFLOPS
50,3.209930,623.066555
50,3.185048,627.934088
50,3.215114,622.061849
50,3.196371,625.709670
50,3.227213,619.729701
