n_threads,Time,GFLOPS
2,23.407110,85.444124
2,23.321238,85.758740
2,23.437346,85.333893
2,23.303526,85.823921
2,23.433872,85.346545
