n_threads,Time,GFLOPS
94,3.777220,529.489995
94,3.699767,540.574580
94,3.738052,535.038080
94,3.841409,520.642361
94,3.767854,530.806134
