n_threads,Time,GFLOPS
124,1.995075,1002.468576
124,2.112569,946.714421
124,2.049388,975.901042
124,2.088202,957.761918
124,1.985839,1007.131006
