n_threads,Time,GFLOPS
78,1.782252,1122.175932
78,1.827965,1094.112922
78,1.768073,1131.174817
78,1.780566,1123.238031
78,1.772018,1128.656749
