n_threads,Time,GFLOPS
102,1.724445,1159.793726
102,1.664800,1201.345280
102,1.653431,1209.605666
102,1.694511,1180.281477
102,1.643423,1216.972093
