n_threads,Time,GFLOPS
126,4.464609,447.967599
126,4.151969,481.699144
126,3.957976,505.308812
126,3.895444,513.420330
126,4.165001,480.191951
