n_threads,Time,GFLOPS
58,1.718606,1163.733944
58,1.765877,1132.581508
58,1.733879,1153.482872
58,1.762605,1134.684301
58,1.740249,1149.261129
