n_threads,Time,GFLOPS
34,1.795142,1114.117801
34,1.815817,1101.432609
34,1.744717,1146.317894
34,1.821612,1097.928750
34,1.800982,1110.505069
