n_threads,Time,GFLOPS
96,3.816119,524.092696
96,3.802600,525.955978
96,3.839667,520.878568
96,3.794320,527.103677
96,3.776580,529.579665
