n_threads,Time,GFLOPS
110,1.701695,1175.299035
110,1.675151,1193.922147
110,1.703334,1174.168016
110,1.706670,1171.872686
110,1.623996,1231.529800
