n_threads,Time,GFLOPS
106,1.655941,1207.772727
106,1.659870,1204.913560
106,1.658708,1205.757818
106,1.719297,1163.266333
106,1.695327,1179.713183
