n_threads,Time,GFLOPS
74,3.512923,569.326432
74,3.557827,562.140948
74,3.518983,568.345972
74,3.627101,551.404519
74,3.480062,574.702358
