n_threads,Time,GFLOPS
32,1.813162,1103.045261
32,1.803418,1109.005093
32,1.789719,1117.493973
32,1.771418,1129.039303
32,1.750971,1142.223375
