n_threads,Time,GFLOPS
38,2.028384,986.006577
38,2.025359,987.479357
38,2.020175,990.013393
38,2.015522,992.298941
38,1.929203,1036.697637
