n_threads,Time,GFLOPS
6,7.801499,256.360998
6,7.826276,255.549389
6,7.820200,255.747927
6,7.827369,255.513708
6,7.853349,254.668428
