n_threads,Time,GFLOPS
86,1.739043,1150.058059
86,1.740433,1149.139122
86,1.779422,1123.960318
86,1.776603,1125.743769
86,1.801250,1110.339780
