n_threads,Time,GFLOPS
76,3.839562,520.892795
76,3.788619,527.896898
76,3.776338,529.613593
76,3.803104,525.886235
76,3.803903,525.775811
