n_threads,Time,GFLOPS
122,1.684028,1187.628792
122,1.696821,1178.674979
122,1.660950,1204.130167
122,1.672255,1195.989606
122,1.667434,1199.447970
