n_threads,Time,GFLOPS
112,1.694183,1180.510053
112,1.648271,1213.392988
112,1.665318,1200.971950
112,1.642388,1217.739320
112,1.637482,1221.387270
