n_threads,Time,GFLOPS
30,2.436316,820.911690
30,2.437671,820.455238
30,2.427371,823.936549
30,2.445694,817.763811
30,2.437208,820.611272
