n_threads,Time,GFLOPS
108,1.349629,1481.888771
108,1.364561,1465.672645
108,1.385763,1443.248054
108,1.378209,1451.158239
108,1.355413,1475.564875
