n_threads,Time,GFLOPS
80,2.862362,698.723570
80,2.986045,669.782337
80,2.740116,729.896097
80,2.830177,706.669654
80,2.849756,701.814453
