n_threads,Time,GFLOPS
32,2.417875,827.172750
32,2.395856,834.774790
32,2.388706,837.273350
32,2.503970,798.731667
32,2.389958,836.834737
