n_threads,Time,GFLOPS
32,1.088679,1837.089502
32,,
32,,
32,1.093628,1828.775999
32,1.079405,1852.873334
