n_threads,Time,GFLOPS
98,3.064042,652.732670
98,2.962785,675.040644
98,2.904186,688.661167
98,3.006352,665.258073
98,3.178099,629.306934
