n_threads,Time,GFLOPS
108,1.357655,1473.127762
108,1.346060,1485.818351
108,1.358318,1472.409433
108,1.339964,1492.577938
108,1.382638,1446.510720
