n_threads,Time,GFLOPS
48,2.509937,796.832810
48,2.528060,791.120512
48,2.479294,806.681306
48,2.528542,790.969748
48,2.483563,805.294782
