n_threads,Time,GFLOPS
96,1.359511,1471.117316
96,1.321194,1513.782138
96,1.348843,1482.752198
96,1.332617,1500.805782
96,1.378938,1450.391169
