n_threads,Time,GFLOPS
94,1.401372,1427.172348
94,1.393201,1435.542806
94,1.467841,1362.545079
94,1.413302,1415.125273
94,1.420693,1407.763406
