n_threads,Time,GFLOPS
50,2.517122,794.558376
50,2.443154,818.614009
50,2.469506,809.878474
50,2.529206,790.762007
50,2.404629,831.729181
