n_threads,Time,GFLOPS
26,2.403315,832.183963
26,2.393554,835.577547
26,2.396373,834.594516
26,2.388269,837.426524
26,2.396290,834.623388
