n_threads,Time,GFLOPS
34,1.117629,1789.502594
34,1.196348,1671.753976
34,1.233927,1620.841802
34,1.125626,1776.789330
34,1.201097,1665.143855
