n_threads,Time,GFLOPS
100,2.877748,694.987943
100,2.864026,698.317659
100,2.822577,708.572227
100,3.059791,653.639401
100,3.046790,656.428478
