n_threads,Time,GFLOPS
70,1.271589,1572.834970
70,1.291830,1548.190832
70,1.264198,1582.030358
70,1.299747,1538.761148
70,1.267414,1578.016644
