n_threads,Time,GFLOPS
26,2.380052,840.317614
26,2.446234,817.583202
26,2.455465,814.509549
26,2.418830,826.845888
26,2.428724,823.477533
