n_threads,Time,GFLOPS
46,1.204241,1660.796460
46,1.182101,1691.902240
46,1.224811,1632.904503
46,1.208758,1654.590741
46,1.197983,1669.473068
