n_threads,Time,GFLOPS
120,1.366334,1463.771062
120,1.389596,1439.267611
120,1.364707,1465.516547
120,1.423857,1404.635544
120,1.393016,1435.733964
