n_threads,Time,GFLOPS
56,1.157943,1727.201459
56,1.149910,1739.265915
56,1.139788,1754.712529
56,1.148963,1740.699406
56,1.139312,1755.445985
