n_threads,Time,GFLOPS
112,2.954150,677.013634
112,2.992440,668.350887
112,3.012982,663.794195
112,3.078776,649.608746
112,3.010578,664.324316
