n_threads,Time,GFLOPS
42,2.442856,818.713692
42,2.638565,757.987703
42,2.608293,766.784957
42,2.658752,752.232663
42,2.508575,797.265452
