n_threads,Time,GFLOPS
30,2.479980,806.458013
30,2.431014,822.701894
30,2.552050,783.683722
30,2.535792,788.708120
30,2.526636,791.566425
