n_threads,Time,GFLOPS
22,1.365871,1464.267477
22,1.378463,1450.890866
22,1.362392,1468.006361
22,1.391380,1437.422307
22,1.372197,1457.516368
