n_threads,Time,GFLOPS
54,1.179625,1695.454380
54,1.151380,1737.046538
54,1.131039,1768.285533
54,1.128832,1771.742528
54,1.157322,1728.127753
