n_threads,Time,GFLOPS
74,1.424682,1403.821868
74,1.453039,1376.425800
74,1.433148,1395.529568
74,1.442816,1386.177750
74,1.429274,1399.312143
