n_threads,Time,GFLOPS
24,2.428828,823.442447
24,2.450886,816.031413
24,2.399163,833.624034
24,2.422601,825.559064
24,2.438419,820.203486
