n_threads,Time,GFLOPS
78,1.304258,1533.438696
78,1.319920,1515.243425
78,1.193645,1675.540563
78,1.333496,1499.816658
78,1.278928,1563.809755
