n_threads,Time,GFLOPS
94,3.067258,652.048250
94,3.028023,660.496973
94,3.086980,647.882366
94,2.989279,669.057741
94,2.992044,668.439410
