n_threads,Time,GFLOPS
110,2.866083,697.816616
110,3.064160,652.707427
110,2.848932,702.017361
110,2.982287,670.626244
110,3.114107,642.238685
