n_threads,Time,GFLOPS
12,3.741045,534.609943
12,3.734812,535.502171
12,3.728509,536.407510
12,3.748147,533.596956
12,3.746510,533.830182
