n_threads,Time,GFLOPS
72,1.239141,1614.021641
72,1.221236,1637.684997
72,1.352352,1478.904758
72,1.350786,1480.619914
72,1.353651,1477.485279
