n_threads,Time,GFLOPS
88,3.112831,642.501915
88,3.154227,634.069854
88,3.127681,639.451456
88,3.113195,642.426903
88,3.089431,647.368294
