n_threads,Time,GFLOPS
96,2.862807,698.615039
96,2.881261,694.140483
96,3.068085,651.872463
96,2.915180,686.063984
96,2.862465,698.698551
