n_threads,Time,GFLOPS
40,2.565728,779.505998
40,2.608439,766.742092
40,2.560899,780.975767
40,2.601062,768.916642
40,2.608269,766.792113
