n_threads,Time,GFLOPS
70,1.254431,1594.348730
70,1.256480,1591.748759
70,1.251664,1597.872467
70,1.246849,1604.043020
70,1.253284,1595.806881
