n_threads,Time,GFLOPS
34,1.253254,1595.845756
34,1.256072,1592.265451
34,1.262793,1583.790493
34,1.259535,1587.887548
34,1.231419,1624.142211
