n_threads,Time,GFLOPS
14,3.390284,589.921100
14,3.375828,592.447256
14,3.384753,590.885104
14,3.378712,591.941622
14,3.374126,592.746071
