n_threads,Time,GFLOPS
108,3.053119,655.067765
108,2.956212,676.541398
108,2.963888,674.789366
108,2.931964,682.136625
108,3.039405,658.023635
