n_threads,Time,GFLOPS
72,3.023568,661.470217
72,2.992957,668.235434
72,2.958754,675.960160
72,2.898532,690.004346
72,2.872360,696.291464
