n_threads,Time,GFLOPS
60,2.499477,800.167262
60,2.497944,800.658591
60,2.472072,809.037798
60,2.417026,827.463325
60,2.387583,837.667275
