n_threads,Time,GFLOPS
28,1.365423,1464.747726
28,1.470301,1360.266143
28,1.488927,1343.249518
28,1.468827,1361.630567
28,1.489248,1342.959589
