n_threads,Time,GFLOPS
86,1.405896,1422.580225
86,1.525504,1311.041934
86,1.426691,1401.844942
86,1.419641,1408.807308
86,1.501271,1332.204368
