n_threads,Time,GFLOPS
76,1.338895,1493.769596
76,1.340732,1491.722643
76,1.341347,1491.038555
76,1.298163,1540.638767
76,1.337251,1495.605313
