n_threads,Time,GFLOPS
100,3.097802,645.619083
100,3.050501,655.629938
100,2.875324,695.573856
100,3.112449,642.580708
100,3.014089,663.550348
