n_threads,Time,GFLOPS
24,1.451938,1377.469709
24,1.473438,1357.369824
24,1.438252,1390.576895
24,1.434612,1394.104689
24,1.449949,1379.358432
