n_threads,Time,GFLOPS
72,1.217667,1642.485566
72,1.218640,1641.174439
72,1.348873,1482.719147
72,1.219220,1640.392698
72,1.229674,1626.447115
