n_threads,Time,GFLOPS
100,1.358872,1471.809375
100,1.371001,1458.787833
100,1.390129,1438.715813
100,1.401274,1427.272697
100,1.357837,1472.930885
