n_threads,Time,GFLOPS
42,1.268659,1576.468005
42,1.209428,1653.674645
42,1.210594,1652.081913
42,1.249306,1600.888274
42,1.286508,1554.595408
