n_threads,Time,GFLOPS
36,2.559913,781.276656
36,2.552269,783.616594
36,2.590396,772.082680
36,2.578975,775.501979
36,2.579525,775.336625
