n_threads,Time,GFLOPS
102,1.335483,1497.585138
102,1.393645,1435.085524
102,1.383809,1445.286215
102,1.314072,1521.986846
102,1.323134,1511.563029
