n_threads,Time,GFLOPS
62,1.183649,1689.690558
62,1.187401,1684.351287
62,1.207306,1656.580539
62,1.183141,1690.415460
62,1.168907,1710.999754
