n_threads,Time,GFLOPS
52,2.504204,798.656917
52,2.353161,849.920698
52,2.475232,808.005080
52,2.423821,825.143536
52,2.389425,837.021306
