n_threads,Time,GFLOPS
28,2.442752,818.748549
28,2.462828,812.074663
28,2.437222,820.606469
28,2.454747,814.748080
28,2.496863,801.004985
