n_threads,Time,GFLOPS
92,2.913290,686.509001
92,3.018535,662.573137
92,3.093183,646.583199
92,2.961695,675.288893
92,2.920667,684.774970
