n_threads,Time,GFLOPS
126,1.482461,1349.108338
126,1.429278,1399.307526
126,1.426043,1402.481973
126,1.440031,1388.859335
126,1.448640,1380.605064
