n_threads,Time,GFLOPS
32,2.555052,782.762865
32,2.522028,793.012711
32,2.495232,801.528583
32,2.496081,801.256044
32,2.507903,797.479081
