n_threads,Time,GFLOPS
80,1.377901,1451.483589
80,1.356665,1474.203731
80,1.384331,1444.741234
80,1.354771,1476.264728
80,1.382058,1447.117047
