n_threads,Time,GFLOPS
30,1.482659,1348.928091
30,1.473157,1357.628463
30,1.479836,1351.501180
30,1.510218,1324.312053
30,1.480206,1351.163101
