n_threads,Time,GFLOPS
118,1.413907,1414.520611
118,1.382529,1446.624349
118,1.408014,1420.440180
118,1.394611,1434.091168
118,1.387716,1441.217011
