n_threads,Time,GFLOPS
84,3.101554,644.838027
84,3.187738,627.404229
84,3.153435,634.228964
84,3.141417,636.655351
84,3.149575,635.006404
