n_threads,Time,GFLOPS
116,1.419556,1408.891575
116,1.435301,1393.436160
116,1.387224,1441.727990
116,1.387983,1440.939593
116,1.416175,1412.254503
