n_threads,Time,GFLOPS
124,3.140491,636.843077
124,3.039375,658.030125
124,2.968442,673.754188
124,2.981429,670.819171
124,2.856672,700.115371
