n_threads,Time,GFLOPS
120,3.062645,653.030219
120,2.960123,675.647672
120,3.010400,664.363435
120,3.036333,658.689378
120,3.053430,655.001071
