n_threads,Time,GFLOPS
30,1.488621,1343.525242
30,1.490443,1341.883079
30,1.485671,1346.193334
30,1.499105,1334.129803
30,1.447609,1381.588735
