n_threads,Time,GFLOPS
84,1.496892,1336.101359
84,1.475448,1355.520170
84,1.516908,1318.471666
84,1.496710,1336.263840
84,1.483168,1348.465158
