n_threads,Time,GFLOPS
16,1.415106,1413.322170
16,1.446501,1382.646931
16,1.425355,1403.159327
16,1.442642,1386.344949
16,1.439522,1389.349975
