n_threads,Time,GFLOPS
78,2.859959,699.310811
78,2.889454,692.172390
78,2.883900,693.505442
78,2.833729,705.783768
78,2.896666,690.448978
