n_threads,Time,GFLOPS
70,2.665194,750.414540
70,2.857790,699.841365
70,3.023146,661.562502
70,3.044506,656.920920
70,3.011367,664.150152
