n_threads,Time,GFLOPS
116,1.376673,1452.777672
116,1.396879,1431.763009
116,1.372205,1457.508426
116,1.438333,1390.498807
116,1.377881,1451.503672
