n_threads,Time,GFLOPS
64,1.175732,1701.068460
64,1.169546,1710.065669
64,1.105554,1809.047650
64,1.170994,1707.950197
64,1.183586,1689.779636
