n_threads,Time,GFLOPS
76,2.995188,667.737609
76,3.029128,660.256083
76,2.981061,670.902153
76,2.983102,670.443021
76,2.995169,667.741997
