n_threads,Time,GFLOPS
68,1.348176,1483.486056
68,1.363620,1466.684450
68,1.357769,1473.005084
68,1.357164,1473.661634
68,1.353557,1477.588515
