n_threads,Time,GFLOPS
96,1.371404,1458.359626
96,1.318471,1516.908900
96,1.364960,1465.244363
96,1.372934,1456.734347
96,1.364045,1466.227817
