n_threads,Time,GFLOPS
4,10.990458,181.976031
4,10.987706,182.021617
4,11.009583,181.659923
4,11.055154,180.911100
4,11.007992,181.686173
