n_threads,Time,GFLOPS
6,7.372492,271.278680
6,7.425074,269.357597
6,7.377238,271.104159
6,7.393559,270.505723
6,7.396195,270.409316
