n_threads,Time,GFLOPS
50,1.153366,1734.054980
50,1.164782,1717.059942
50,1.155306,1731.142962
50,1.165850,1715.487251
50,1.155044,1731.535149
