n_threads,Time,GFLOPS
20,2.422259,825.675545
20,2.430078,823.019018
20,2.419667,826.559849
20,2.418343,827.012467
20,2.428851,823.434772
