n_threads,Time,GFLOPS
116,3.121403,640.737501
116,2.976180,672.002453
116,2.903058,688.928797
116,2.883475,693.607559
116,2.915212,686.056497
