n_threads,Time,GFLOPS
56,2.481468,
56,2.469065,810.023217
56,2.378510,816.754177
56,2.405232,831.520706
56,2.400784,833.061328
