n_threads,Time,GFLOPS
44,2.428183,823.660996
44,2.633602,759.416128
44,2.568729,778.595088
44,2.609436,766.449181
44,2.516485,794.759467
