n_threads,Time,GFLOPS
28,1.518115,1317.423508
28,1.452093,1377.321950
28,1.490723,1341.630789
28,1.473773,1357.061464
28,1.500861,1332.568497
