n_threads,Time,GFLOPS
38,1.180228,1694.588058
38,1.300766,1537.556089
38,1.163605,1718.795897
38,1.153326,1734.115498
38,1.163115,1719.520482
