n_threads,Time,GFLOPS
128,1.538617,1299.868264
128,1.507011,1327.130257
128,1.479991,1351.359715
128,1.654906,1208.528020
128,1.500415,1332.964818
