n_threads,Time,GFLOPS
16,2.933476,681.785053
16,2.941745,679.868672
16,2.942675,679.653788
16,2.938600,680.596113
16,2.940260,680.211945
