n_threads,Time,GFLOPS
124,1.398378,1430.228820
124,1.421950,1406.518865
124,1.407017,1421.446603
124,1.426626,1401.909139
124,1.417398,1411.036396
