n_threads,Time,GFLOPS
76,3.062062,653.154607
76,3.078165,649.737699
76,3.063879,652.767315
76,3.038871,658.139187
76,3.101683,644.811152
