n_threads,Time,GFLOPS
12,3.773833,529.965148
12,3.766734,530.963914
12,3.758959,532.062186
12,3.771809,530.249596
12,3.775745,529.696750
