n_threads,Time,GFLOPS
82,1.559496,1282.465673
82,1.580080,1265.758391
82,1.540815,1298.014339
82,1.519045,1316.616819
82,1.536823,1301.386053
