n_threads,Time,GFLOPS
86,1.443459,1385.560391
86,1.460296,1369.585679
86,1.489750,1342.506744
86,1.460112,1369.757809
86,1.439644,1389.232572
