n_threads,Time,GFLOPS
46,1.197336,1670.374836
46,1.213487,1648.143270
46,1.192751,1676.795346
46,1.221176,1637.765794
46,1.156503,1729.351570
