n_threads,Time,GFLOPS
104,3.052535,655.193192
104,2.800329,714.201681
104,2.968708,673.693723
104,2.964743,674.594764
104,2.999505,666.776727
