n_threads,Time,GFLOPS
92,4.151885,481.708903
92,3.164227,632.065982
92,3.023488,661.487754
92,3.087640,647.743996
92,3.144971,635.935984
