n_threads,Time,GFLOPS
88,1.397896,1430.721291
88,1.397465,1431.162638
88,1.445883,1383.237812
88,1.470314,1360.254022
88,1.391002,1437.812624
