n_threads,Time,GFLOPS
128,3.040225,657.846084
128,3.079186,649.522309
128,3.052308,655.241920
128,3.074270,650.560978
128,3.037722,658.387994
