n_threads,Time,GFLOPS
56,2.424916,824.770738
56,2.376864,841.444809
56,2.428347,823.605663
56,2.441389,819.205644
56,2.397403,834.236006
