n_threads,Time,GFLOPS
36,1.224187,1633.737016
36,1.190937,1679.350249
36,1.195905,1672.373675
36,1.207226,1656.690492
36,1.186065,1686.248273
