n_threads,Time,GFLOPS
62,2.437374,820.555352
62,2.499616,800.123001
62,2.450558,816.140507
62,2.451035,815.981688
62,2.549727,784.397802
