n_threads,Time,GFLOPS
124,1.400164,1428.404024
124,1.409331,1419.113242
124,1.401141,1427.407709
124,1.428786,1399.789841
124,1.439081,1389.776304
