n_threads,Time,GFLOPS
6,3.675902,544.084201
6,3.778396,529.325110
6,3.689518,542.076263
6,3.625212,551.691853
6,3.651112,547.778330
