n_threads,Time,GFLOPS
16,2.876963,695.177606
16,2.890556,691.908389
16,2.875602,695.506475
16,2.886924,692.778973
16,2.874959,695.662091
