n_threads,Time,GFLOPS
18,2.832200,706.164817
18,2.819111,709.443624
18,2.810817,711.536860
18,2.826971,707.471028
18,2.824872,707.996670
