n_threads,Time,GFLOPS
106,1.343263,1488.912100
106,1.361461,1469.010665
106,1.364217,1466.042560
106,1.347513,1484.215708
106,1.359160,1471.496894
