n_threads,Time,GFLOPS
52,2.396855,834.426776
52,2.416829,827.530469
52,2.416532,827.632157
52,2.434746,821.441077
52,2.456968,814.011291
