n_threads,Time,GFLOPS
58,1.155494,1730.862041
58,1.145305,1746.259045
58,1.159192,1725.339268
58,1.155374,1731.040665
58,1.154361,1732.560121
