n_threads,Time,GFLOPS
44,1.237044,1616.757623
44,1.287132,1553.842219
44,1.261168,1585.831176
44,1.152246,1735.741205
44,1.274283,1569.509937
