n_threads,Time,GFLOPS
114,2.888843,692.318698
114,2.837293,704.897277
114,2.884934,693.256881
114,2.863883,698.352613
114,3.059969,653.601377
