n_threads,Time,GFLOPS
58,2.529429,790.692162
58,2.511933,796.199457
58,2.478151,807.053479
58,2.453310,815.225257
58,2.513344,795.752737
