n_threads,Time,GFLOPS
126,3.091212,646.995325
126,3.061273,653.322975
126,2.916958,685.645719
126,3.081722,648.987806
126,2.962062,675.205235
