n_threads,Time,GFLOPS
122,3.128029,639.380323
122,3.075444,650.312529
122,2.964388,674.675560
122,3.057243,654.184190
122,3.140219,636.898246
