n_threads,Time,GFLOPS
114,1.386920,1442.044737
114,1.372858,1456.814437
114,1.373235,1456.415141
114,1.379245,1450.068417
114,1.363323,1467.003829
