n_threads,Time,GFLOPS
3,54.075220,36.985517
3,54.560450,36.656589
3,53.926479,37.087532
3,53.730355,37.222907
3,53.766766,37.197699
