n_threads,Time,GFLOPS
19,61.172905,32.694213
19,60.506224,33.054451
19,60.660661,32.970297
19,60.606337,32.999849
19,60.439509,33.090937
