n_threads,Time,GFLOPS
7,56.814223,35.202453
7,57.108238,35.021217
7,56.885267,35.158489
7,56.562145,35.359338
7,56.097322,35.652326
