n_threads,Time,GFLOPS
24,62.236435,32.135517
