n_threads,Time,GFLOPS
10,57.525640,34.767106
10,57.861731,34.565160
10,57.764113,34.623573
10,57.815712,34.592673
10,57.548719,34.753163
