n_threads,Time,GFLOPS
11,55.463984,36.059436
11,55.951851,35.745019
11,55.728809,35.888081
11,55.377714,36.115612
11,55.881004,35.790338
