n_threads,Time,GFLOPS
14,60.867325,32.858352
14,60.287556,33.174342
14,60.829755,32.878646
14,60.669982,32.965232
14,60.333478,33.149092
