n_threads,Time,GFLOPS
21,61.257723,32.648945
21,61.306372,32.623036
21,61.013899,32.779416
21,61.347120,32.601367
21,61.244250,32.656127
