n_threads,Time,GFLOPS
8,57.368284,34.862469
8,57.279242,34.916663
8,57.279474,34.916522
8,57.372664,34.859807
8,57.448908,34.813543
