n_threads,Time,GFLOPS
20,61.427124,32.558907
20,60.860325,32.862131
20,60.983690,32.795654
20,61.118299,32.723424
20,61.642166,32.445323
