n_threads,Time,GFLOPS
12,58.634985,34.109329
12,58.469602,34.205808
12,58.236222,34.342887
12,58.136281,34.401925
12,58.156986,34.389677
