n_threads,Time,GFLOPS
15,59.761055,33.466611
15,59.109233,33.835662
15,59.437183,33.648970
15,59.307792,33.722381
15,59.220694,33.771978
