n_threads,Time,GFLOPS
1,49.943861,40.044962
1,50.093169,39.925604
1,50.153909,39.877251
1,50.129863,39.896379
1,49.948103,40.041560
