n_threads,Time,GFLOPS
23,63.546406,31.473063
23,63.442166,31.524775
23,63.909436,31.294284
23,63.688392,31.402897
23,63.508383,31.491905
