n_threads,Time,GFLOPS
18,60.223539,33.209606
18,60.647178,32.977627
18,60.400763,33.112165
18,60.178251,33.234598
18,60.725924,32.934863
