n_threads,Time,GFLOPS
5,56.041526,35.687822
5,56.124635,35.634976
5,56.065364,35.672648
5,55.949679,35.746407
5,55.945844,35.748857
