n_threads,Time,GFLOPS
17,59.852955,33.415226
17,59.909209,33.383849
17,60.083309,33.287115
17,60.003505,33.331386
17,59.585286,33.565334
