n_threads,Time,GFLOPS
22,63.491670,31.500195
22,63.844958,31.325888
22,63.570769,31.461001
22,63.600537,31.446276
22,63.596584,31.448230
