n_threads,Time,GFLOPS
6,56.734100,35.252167
6,56.855690,35.176779
6,56.325860,35.507669
6,56.420115,35.448350
6,57.078958,35.039182
