n_threads,Time,GFLOPS
13,58.621441,34.117210
13,58.402266,34.245247
13,58.383944,34.255993
13,58.625266,34.114984
13,58.128737,34.406390
