n_threads,Time,GFLOPS
9,57.927495,34.525919
9,57.600984,34.721629
9,57.899091,34.542857
9,57.785405,34.610816
9,57.517437,34.772064
