n_threads,Time,GFLOPS
16,59.008598,33.893366
16,59.829581,33.428280
16,59.645860,33.531246
16,59.700968,33.500294
16,59.918267,33.378802
