n_threads,Time,GFLOPS
4,55.444234,36.072281
4,55.523058,36.021071
4,55.538859,36.010822
4,55.500427,36.035759
4,55.509742,36.029711
