n_threads,Time,GFLOPS
2,53.064366,37.690076
2,53.039546,37.707713
2,53.178437,37.609229
2,53.381029,37.466494
2,53.132239,37.641929
