n_threads,Time,GFLOPS
2,15.830553,126.337974
2,15.826093,126.373575
2,15.825866,126.375391
2,15.813241,126.476286
2,15.789536,126.666171
