n_threads,Time,GFLOPS
15,16.185494,123.567437
15,16.253303,123.051910
15,16.033821,124.736331
15,15.643755,127.846540
15,15.697457,127.409173
