n_threads,Time,GFLOPS
14,31.699952,63.091579
14,31.536888,63.417798
14,31.137775,64.230664
14,31.296316,63.905286
14,31.655249,63.180675
