n_threads,Time,GFLOPS
15,31.375396,63.744216
15,30.613508,65.330638
15,30.864199,64.799997
15,31.317966,63.861108
15,31.023293,64.467688
