n_threads,Time,GFLOPS
14,15.396151,129.902597
14,15.401688,129.855892
14,15.633371,127.931459
14,15.813835,126.471533
14,15.420730,129.695542
