n_threads,Time,GFLOPS
8,30.275473,66.060075
8,30.270833,66.070200
8,30.371076,65.852129
8,30.376956,65.839381
8,30.186852,66.254011
