n_threads,Time,GFLOPS
21,18.365824,108.897921
21,18.858504,106.052951
21,18.339057,109.056864
21,17.198640,116.288264
21,16.737327,119.493397
