n_threads,Time,GFLOPS
17,32.590170,61.368198
17,31.032662,64.448225
17,33.438837,59.810692
17,30.853747,64.821948
17,32.706607,61.149724
