n_threads,Time,GFLOPS
20,16.932482,118.116172
20,16.605801,120.439842
20,16.726709,119.569245
20,16.771492,119.249975
20,17.059042,117.239876
