n_threads,Time,GFLOPS
8,15.358605,130.220163
8,15.347956,130.310513
8,15.362094,130.190584
8,15.326146,130.495948
8,15.359180,130.215281
