n_threads,Time,GFLOPS
12,30.985232,64.546878
12,30.911633,64.700561
12,31.012291,64.490559
12,30.842819,64.844916
12,31.370423,63.754321
