n_threads,Time,GFLOPS
24,19.691907,101.564566
24,19.390164,103.145081
24,18.400262,108.694107
24,20.637263,96.912076
24,18.516396,108.012381
