n_threads,Time,GFLOPS
13,31.024126,64.465958
13,30.918036,64.687163
13,30.780120,64.977006
13,30.557983,65.449346
13,30.717579,65.109297
