n_threads,Time,GFLOPS
18,18.215424,109.797059
18,16.456393,121.533314
18,16.183173,123.585159
18,16.875403,118.515690
18,17.046082,117.329015
