n_threads,Time,GFLOPS
21,36.648791,54.572060
21,31.798493,62.896062
21,32.446866,61.639234
21,32.710127,61.143144
21,31.729369,63.033085
