n_threads,Time,GFLOPS
9,30.186136,66.255582
9,30.181671,66.265384
9,30.632426,65.290290
9,30.224628,66.171204
9,30.590739,65.379264
