n_threads,Time,GFLOPS
19,32.322447,61.876504
19,31.380476,63.733895
19,33.879320,59.033061
19,32.411101,61.707252
19,33.590592,59.540480
