n_threads,Time,GFLOPS
20,32.151757,62.204998
20,31.475368,63.541752
20,32.043560,62.415038
20,32.719674,61.125303
20,31.590175,63.310823
