n_threads,Time,GFLOPS
11,30.477389,65.622419
11,30.785669,64.965293
11,30.339739,65.920145
11,30.928949,64.664337
11,30.949896,64.620573
