n_threads,Time,GFLOPS
3,30.617449,65.322229
3,30.347816,65.902601
3,30.589638,65.381618
3,30.504073,65.565015
3,30.507615,65.557403
