n_threads,Time,GFLOPS
3,15.584354,128.333840
3,15.612848,128.099629
3,15.577600,128.389485
3,15.611376,128.111702
3,15.608176,128.137972
