n_threads,Time,GFLOPS
12,15.388886,129.963923
12,15.409925,129.786488
12,15.418402,129.715132
12,15.504658,128.993496
12,15.704691,127.350481
