n_threads,Time,GFLOPS
22,16.568844,120.708485
22,18.730578,106.777272
22,17.813616,112.273667
22,17.992049,111.160215
22,17.633176,113.422563
