n_threads,Time,GFLOPS
4,15.464489,129.328554
4,15.447112,129.474038
4,15.465751,129.318005
4,15.434769,129.577582
4,15.459463,129.370600
