n_threads,Time,GFLOPS
1,30.159191,66.314775
1,30.322531,65.957555
1,30.847556,64.834958
1,30.140618,66.355641
1,30.244164,66.128460
