n_threads,Time,GFLOPS
23,20.101132,99.496886
23,18.762968,106.592947
23,19.008789,105.214486
23,18.448522,108.409771
23,19.192067,104.209725
