n_threads,Time,GFLOPS
17,15.695268,127.426938
17,17.501608,114.275213
17,15.567667,128.471402
17,15.844528,126.226543
17,17.414944,114.843894
