n_threads,Time,GFLOPS
7,15.368419,130.137004
7,15.376395,130.069498
7,15.369013,130.131978
7,15.391980,129.937798
7,15.383413,130.010158
