n_threads,Time,GFLOPS
2,30.737781,65.066505
2,30.755584,65.028841
2,30.742964,65.055535
2,30.791296,64.953422
2,30.788793,64.958700
