n_threads,Time,GFLOPS
16,31.321086,63.854747
16,30.805084,64.924348
16,31.226105,64.048975
16,30.898090,64.728920
16,30.980175,64.557414
