n_threads,Time,GFLOPS
18,31.141306,64.223382
18,31.660868,63.169461
18,32.400712,61.727038
18,33.652644,59.430695
18,31.616816,63.257476
