n_threads,Time,GFLOPS
5,15.333519,130.433205
5,15.372772,130.100150
5,15.548965,128.625922
5,15.361945,130.191849
5,15.356384,130.238992
