n_threads,Time,GFLOPS
7,30.023028,66.615532
7,30.324420,65.953446
7,30.010061,66.644316
7,30.153217,66.327913
7,30.217326,66.187193
