n_threads,Time,GFLOPS
16,16.536801,120.942376
16,15.441668,129.519685
16,16.523304,121.041166
16,17.295243,115.638735
16,16.043906,124.657926
