n_threads,Time,GFLOPS
1,15.193628,131.634126
1,15.195404,131.618746
1,15.254601,131.107982
1,15.206436,131.523259
1,15.273571,130.945149
