n_threads,Time,GFLOPS
10,15.533046,128.757751
10,15.530726,128.776984
10,15.568275,128.466384
10,15.539500,128.704273
10,15.445233,129.489793
