n_threads,Time,GFLOPS
9,15.373422,130.094650
9,15.375215,130.079481
9,15.491110,129.106310
9,15.407195,129.809485
9,15.379045,130.047083
