n_threads,Time,GFLOPS
4,30.264484,66.084061
4,30.341646,65.916002
4,30.281129,66.047736
4,30.359458,65.877329
4,30.395933,65.798276
