n_threads,Time,GFLOPS
11,15.403273,129.842535
11,15.445857,129.484559
11,15.731938,127.129916
11,15.503139,129.006130
11,15.359516,130.212435
