n_threads,Time,GFLOPS
24,58.437822,34.224410
24,54.730314,36.542820
24,68.938218,29.011484
24,56.477138,35.412559
24,61.872551,32.324512
