n_threads,Time,GFLOPS
5,30.388440,65.814500
5,30.236801,66.144563
5,30.224207,66.172126
5,30.325829,65.950382
5,30.311205,65.982201
