n_threads,Time,GFLOPS
13,15.376187,130.071262
13,15.394969,129.912574
13,15.406609,129.814423
13,16.106728,124.171714
13,16.841764,118.752404
