n_threads,Time,GFLOPS
23,55.896655,35.780316
23,59.679964,33.512084
23,52.285214,38.251732
23,57.758680,34.626830
23,39.344534,50.832983
