n_threads,Time,GFLOPS
10,30.548403,65.469872
10,30.729546,65.083941
10,30.398887,65.791882
10,30.611144,65.335683
10,30.458892,65.662271
