n_threads,Time,GFLOPS
6,15.440598,129.528660
6,15.441248,129.523211
6,15.435916,129.567949
6,15.424571,129.663253
6,15.291715,130.789776
