n_threads,Time,GFLOPS
19,16.148846,123.847862
19,16.565362,120.733855
19,15.841834,126.248009
19,18.028278,110.936829
19,16.479897,121.359983
