n_threads,Time,GFLOPS
6,30.296805,66.013562
6,30.193713,66.238955
6,30.200488,66.224096
6,30.241037,66.135299
6,30.186678,66.254392
