n_threads,Time,GFLOPS
22,42.041317,47.572249
22,31.613073,63.264966
22,32.812601,60.952193
22,35.535714,56.281408
22,32.053227,62.396213
