n_threads,Time,GFLOPS
13,15.592123,128.269893
13,15.553202,128.590887
13,15.731283,127.135208
13,15.575718,128.404996
13,15.618781,128.050968
