n_threads,Time,GFLOPS
21,15.455230,129.406029
21,15.408378,129.799517
21,15.467635,129.302249
21,15.499154,129.039297
21,15.398516,129.882650
