n_threads,Time,GFLOPS
5,30.314094,65.975913
5,30.180836,66.267216
5,30.304757,65.996240
5,30.336319,65.927577
5,30.166785,66.298081
