n_threads,Time,GFLOPS
11,15.408883,129.795261
11,15.397153,129.894145
11,15.351524,130.280223
11,15.348111,130.309196
11,15.414206,129.750440
