n_threads,Time,GFLOPS
9,30.606518,65.345559
9,30.422344,65.741153
9,30.595050,65.370052
9,30.447167,65.687557
9,30.648074,65.256956
