n_threads,Time,GFLOPS
21,30.730140,65.082684
21,30.506132,65.560589
21,30.473480,65.630838
21,30.479837,65.617148
21,30.599545,65.360449
