n_threads,Time,GFLOPS
4,15.363622,130.177635
4,15.391533,129.941570
4,15.419957,129.702051
4,15.450236,129.447857
4,15.417690,129.721117
