n_threads,Time,GFLOPS
24,16.283682,122.822348
24,16.362063,122.233973
24,16.296404,122.726459
24,16.233678,123.200672
24,16.392374,122.007955
