n_threads,Time,GFLOPS
9,15.273565,130.945199
9,15.440177,129.532196
9,15.338950,130.387024
9,15.358829,130.218260
9,15.305349,130.673273
