n_threads,Time,GFLOPS
2,30.268818,66.074598
2,30.405896,65.776716
2,30.664668,65.221641
2,30.405934,65.776634
2,30.620260,65.316233
