n_threads,Time,GFLOPS
1,14.587523,137.103465
1,14.609502,136.897209
1,14.607140,136.919338
1,14.633868,136.669264
1,14.730603,135.771766
