n_threads,Time,GFLOPS
8,15.350325,130.290403
8,15.358126,130.224218
8,15.308522,130.646184
8,15.348824,130.303141
8,15.364129,130.173342
