n_threads,Time,GFLOPS
23,16.066760,124.480603
23,15.948798,125.401300
23,16.070228,124.453743
23,16.138825,123.924755
23,16.014874,124.883903
