n_threads,Time,GFLOPS
4,30.187361,66.252893
4,30.223956,66.172673
4,30.512333,65.547266
4,30.166758,66.298142
4,30.254131,66.106676
