n_threads,Time,GFLOPS
18,30.505654,65.561616
18,30.614182,65.329199
18,30.584010,65.393648
18,30.655218,65.241747
18,30.573623,65.415865
