n_threads,Time,GFLOPS
6,15.348142,130.308931
6,15.352925,130.268336
6,15.332096,130.445308
6,15.393934,129.921305
6,15.384804,129.998410
