n_threads,Time,GFLOPS
23,31.065354,64.380403
23,30.976687,64.564685
23,31.068331,64.374235
23,31.012067,64.491026
23,31.058479,64.394654
