n_threads,Time,GFLOPS
6,30.356967,65.882735
6,30.365160,65.864959
6,30.352090,65.893321
6,30.303798,65.998327
6,30.292780,66.022334
