n_threads,Time,GFLOPS
10,30.565831,65.432541
10,30.751577,65.037314
10,30.689657,65.168535
10,30.567277,65.429446
10,30.693794,65.159751
