n_threads,Time,GFLOPS
1,29.097736,68.733869
1,29.088171,68.756472
1,29.089449,68.753451
1,29.094587,68.741310
1,29.039191,68.872442
