n_threads,Time,GFLOPS
17,15.444517,129.495794
17,15.483249,129.171854
17,15.465143,129.323088
17,15.447938,129.467114
17,15.440486,129.529605
