n_threads,Time,GFLOPS
7,15.247726,131.167104
7,15.322289,130.528797
7,15.403409,129.841391
7,15.262495,131.040176
7,15.231181,131.309584
