n_threads,Time,GFLOPS
7,30.381487,65.829562
7,30.578053,65.406387
7,30.399821,65.789861
7,30.411085,65.765493
7,30.414005,65.759178
