n_threads,Time,GFLOPS
14,30.619930,65.316936
14,30.763321,65.012486
14,30.506215,65.560412
14,30.523424,65.523448
14,30.545820,65.475407
