n_threads,Time,GFLOPS
12,15.721449,127.214734
12,15.678442,127.563696
12,15.866740,126.049841
12,15.800298,126.579889
12,15.724802,127.187607
