n_threads,Time,GFLOPS
17,31.015077,64.484767
17,31.009779,64.495783
17,30.892568,64.740491
17,31.161616,64.181523
17,31.131913,64.242759
