n_threads,Time,GFLOPS
15,30.687964,65.172130
15,30.551664,65.462882
15,30.716953,65.110625
15,30.767509,65.003638
15,30.672248,65.205524
