n_threads,Time,GFLOPS
10,15.488362,129.129212
10,15.337963,130.395414
10,15.357889,130.226234
10,15.356427,130.238627
10,15.372048,130.106277
