n_threads,Time,GFLOPS
8,30.470107,65.638101
8,30.508008,65.556557
8,30.428366,65.728143
8,30.518557,65.533897
8,30.547387,65.472048
