n_threads,Time,GFLOPS
5,15.300932,130.710991
5,15.370269,130.121340
5,15.333032,130.437344
5,15.349131,130.300536
5,15.402046,129.852881
