n_threads,Time,GFLOPS
2,15.557036,128.559194
2,15.515268,128.905284
2,15.512360,128.929447
2,15.525779,128.818016
2,15.540087,128.699404
