n_threads,Time,GFLOPS
3,30.245101,66.126411
3,30.337038,65.926015
3,30.244187,66.128410
3,30.340542,65.918401
3,30.304588,65.996607
