n_threads,Time,GFLOPS
20,15.817127,126.445210
20,15.821792,126.407932
20,15.776074,126.774251
20,15.944250,125.437066
20,15.682263,127.532617
