n_threads,Time,GFLOPS
16,15.596433,128.234448
16,15.664708,127.675540
16,15.584730,128.330743
16,15.635279,127.915850
16,15.655912,127.747270
