n_threads,Time,GFLOPS
18,15.478487,129.211592
18,15.481158,129.189305
18,15.469490,129.286745
18,15.317019,130.573707
18,15.477049,129.223598
