n_threads,Time,GFLOPS
3,15.556786,128.561258
3,15.537561,128.720330
3,15.442695,129.511071
3,15.630167,127.957688
3,15.484611,129.160491
