n_threads,Time,GFLOPS
19,15.252779,131.123648
19,15.223344,131.377177
19,15.282407,130.869436
19,15.206558,131.522199
19,15.303421,130.689736
