n_threads,Time,GFLOPS
14,15.487300,129.138067
14,15.457128,129.390147
14,15.469073,129.290232
14,15.416491,129.731210
14,15.387375,129.976686
