n_threads,Time,GFLOPS
16,30.854460,64.820451
16,30.954936,64.610051
16,30.703875,65.138357
16,30.936024,64.649548
16,30.981316,64.555037
