n_threads,Time,GFLOPS
24,31.584668,63.321861
24,31.790245,62.912382
24,31.624961,63.241185
24,31.709815,63.071954
24,31.586635,63.317920
