n_threads,Time,GFLOPS
19,30.261744,66.090044
19,30.352814,65.891749
19,30.362314,65.871133
19,30.287460,66.033930
19,30.377902,65.837331
