n_threads,Time,GFLOPS
22,30.476168,65.625049
22,30.798727,64.937748
22,30.704640,65.136734
22,30.489172,65.597058
22,30.521714,65.527121
