n_threads,Time,GFLOPS
15,15.426063,129.650705
15,15.453028,129.424473
15,15.400140,129.868945
15,15.411995,129.769055
15,15.412947,129.761037
