n_threads,Time,GFLOPS
12,30.604166,65.350580
12,30.790307,64.955507
12,30.580825,65.400459
12,31.043323,64.426092
12,30.686421,65.175408
