n_threads,Time,GFLOPS
11,30.494141,65.586370
11,30.481196,65.614224
11,30.351298,65.895040
11,30.536644,65.495082
11,30.531301,65.506545
