n_threads,Time,GFLOPS
13,31.146367,64.212946
13,31.131243,64.244142
13,31.304242,63.889104
13,31.407196,63.679675
13,31.174090,64.155843
