n_threads,Time,GFLOPS
20,30.764651,65.009677
20,30.765804,65.007241
20,30.789472,64.957268
20,30.740252,65.061276
20,30.819991,64.892945
