n_threads,Time,GFLOPS
22,15.998868,125.008848
22,15.891463,125.853736
22,16.010129,124.920915
22,15.847746,126.200912
22,16.012090,124.905620
