Size,Time,GFLOPS
19000,14.999271,914.577755
19000,14.744520,930.379585
19000,14.697173,933.376755
19000,14.811772,926.155206
19000,14.972698,916.200914
