Size,Time,GFLOPS
4000,0.052411,2442.240767
4000,0.053702,2383.509955
4000,0.053111,2410.031001
4000,0.053429,2395.709927
4000,0.053538,2390.803059
