Size,Time,GFLOPS
9000,1.078939,1351.328167
9000,1.083490,1345.652162
9000,1.076738,1354.089779
9000,1.084258,1344.698981
9000,1.066508,1367.078326
