Size,Time,GFLOPS
20000,15.460738,1034.879419
20000,16.225608,986.095583
20000,15.527392,1030.437053
20000,16.588249,964.538231
20000,15.702977,1018.915052
