Size,Time,GFLOPS
5000,0.329632,758.421791
5000,0.339374,736.650395
5000,0.329329,759.120289
5000,0.329527,758.662242
5000,0.328568,760.876673
