Size,Time,GFLOPS
16000,7.648413,1071.071925
16000,7.650405,1070.793005
16000,8.793826,931.562706
16000,7.651094,1070.696518
16000,9.182383,892.143097
