Size,Time,GFLOPS
5000,0.105693,2365.342629
5000,0.107859,2317.840563
5000,0.110971,2252.844405
5000,0.108903,2295.614803
5000,0.104553,2391.129941
