Size,Time,GFLOPS
13000,5.181244,848.058939
13000,5.067798,867.043156
13000,5.161012,851.383434
13000,5.167094,850.381332
13000,5.074099,865.966633
