Size,Time,GFLOPS
15000,3.597990,1876.047411
15000,3.883159,1738.275410
15000,3.864226,1746.792371
15000,3.855023,1750.962366
15000,3.879849,1739.758293
