Size,Time,GFLOPS
12000,2.088667,1654.643776
12000,2.073627,1666.644831
12000,2.087458,1655.602270
12000,2.081721,1660.164665
12000,2.076285,1664.511130
