Size,Time,GFLOPS
10000,2.506489,797.928768
10000,2.484821,804.886801
10000,2.523029,792.698078
10000,2.533590,789.393829
10000,2.558032,781.851189
