Size,Time,GFLOPS
12000,2.153799,1604.606364
12000,2.145228,1611.017750
12000,2.132299,1620.786025
12000,2.143449,1612.354963
12000,2.110903,1637.214214
