Size,Time,GFLOPS
12000,4.087722,845.458721
12000,4.130850,836.631730
12000,4.138965,834.991285
12000,4.122552,838.315717
12000,4.049188,853.504507
