Size,Time,GFLOPS
11000,4.253914,625.776632
11000,4.169207,638.490688
11000,4.169147,638.499853
11000,4.252468,625.989385
11000,4.151568,641.203513
