Size,Time,GFLOPS
14000,3.229392,1699.390933
14000,3.261011,1682.913857
14000,3.237100,1695.344724
14000,3.233678,1697.138488
14000,3.234138,1696.897485
