Size,Time,GFLOPS
17000,10.172658,965.922600
17000,9.983307,984.243002
17000,10.167026,966.457691
17000,8.544208,1150.018839
17000,10.074640,975.320163
