Size,Time,GFLOPS
11000,3.055620,871.181535
11000,2.940203,905.379805
11000,3.096707,859.622690
11000,2.919485,911.804603
11000,2.956498,900.389686
