Size,Time,GFLOPS
12000,3.239367,1066.875225
12000,3.881824,890.303140
12000,3.893420,887.651575
12000,3.209509,1076.800246
12000,3.901733,885.760231
