Size,Time,GFLOPS
11000,1.634425,1628.707816
11000,1.640060,1623.111162
11000,1.639121,1624.040873
11000,1.636931,1626.213827
11000,1.640259,1622.914517
