Size,Time,GFLOPS
10000,1.382407,1446.751687
10000,1.383123,1446.003341
10000,1.387152,1441.802913
10000,1.383167,1445.957160
10000,1.338104,1494.651584
