Size,Time,GFLOPS
6000,0.236992,1822.844795
6000,0.237292,1820.541596
6000,0.236549,1826.262978
6000,0.237359,1820.027430
6000,0.232954,1854.445683
