Size,Time,GFLOPS
17000,5.942147,1653.610938
17000,5.874854,1672.552220
17000,5.892218,1667.623219
17000,5.885011,1669.665540
17000,5.886528,1669.235302
