Size,Time,GFLOPS
16000,4.784038,1712.360937
16000,4.786009,1711.655770
16000,4.785930,1711.683862
16000,4.789328,1710.469659
16000,4.800308,1706.557097
