Size,Time,GFLOPS
9000,1.777839,820.096589
9000,1.780795,818.735606
9000,1.787914,815.475302
9000,1.784050,817.241820
9000,1.776177,820.864276
