Size,Time,GFLOPS
7000,0.882663,777.193209
7000,0.883449,776.501658
7000,0.885169,774.993408
7000,0.885144,775.014740
7000,0.884941,775.192815
