Size,Time,GFLOPS
10000,1.329483,1504.344651
10000,1.320936,1514.077777
10000,1.333620,1499.677249
10000,1.316972,1518.634687
10000,1.334051,1499.192814
