Size,Time,GFLOPS
13000,2.401053,1830.030662
13000,2.633939,1668.224127
13000,2.456481,1788.737855
13000,2.623125,1675.101239
13000,2.433927,1805.313027
