Size,Time,GFLOPS
10000,2.395031,835.062187
10000,2.382064,839.608076
10000,2.402357,832.515859
10000,2.392191,836.053501
10000,2.378138,840.993984
