Size,Time,GFLOPS
13000,,
13000,4.861653,903.807847
13000,4.926815,891.853998
13000,4.810454,913.427302
