Size,Time,GFLOPS
8000,0.783270,1307.340318
8000,0.784478,1305.327075
8000,0.794829,1288.328204
8000,0.779657,1313.398447
8000,0.784579,1305.158706
