Size,Time,GFLOPS
15000,3.908541,1726.987315
15000,3.923724,1720.304460
15000,3.292061,2050.387218
15000,3.899386,1731.041560
15000,3.883413,1738.161559
