Size,Time,GFLOPS
2000,0.017144,933.282819
2000,0.016174,989.225296
2000,0.016333,979.639479
2000,0.015211,1051.883496
2000,0.015498,1032.402534
