Size,Time,GFLOPS
20000,8.850289,1807.850484
20000,7.395311,2163.533054
20000,8.847539,1808.412396
20000,7.711621,2074.790866
