Size,Time,GFLOPS
7000,0.422159,1624.980562
7000,0.424853,1614.677119
7000,0.423874,1618.404057
7000,0.425707,1611.437678
7000,0.424445,1616.228578
