Size,Time,GFLOPS
8000,1.296016,790.113494
8000,1.294007,791.340315
8000,1.306134,783.993181
8000,1.298138,788.822040
8000,1.290718,793.357034
