Size,Time,GFLOPS
2000,0.025093,637.621087
2000,0.024566,651.303980
2000,0.023141,691.428060
2000,0.024192,661.374076
2000,0.024179,661.738808
