Size,Time,GFLOPS
5000,0.095645,2613.831827
5000,0.097684,2559.263744
5000,0.097276,2570.000174
5000,0.094917,2633.866696
5000,0.095145,2627.558727
