Size,Time,GFLOPS
3000,0.031021,1740.744534
3000,0.031669,1705.138755
3000,0.029612,1823.572655
3000,0.030326,1780.653027
3000,0.030252,1785.001643
