Size,Time,GFLOPS
13000,2.624110,1674.472286
13000,2.614613,1680.554548
13000,2.626754,1672.786896
13000,2.623398,1674.926678
13000,2.620589,1676.722269
