Size,Time,GFLOPS
16000,7.574667,1081.499683
16000,7.277549,1125.653678
16000,7.637262,1072.635653
16000,7.621817,1074.809347
16000,7.635928,1072.823135
