Size,Time,GFLOPS
17000,5.633646,1744.163418
17000,5.850653,1679.470578
17000,5.624207,1747.090759
17000,5.239747,1875.281274
17000,5.620667,1748.191086
