Size,Time,GFLOPS
6000,0.596361,724.393696
6000,0.599597,720.483478
6000,0.601184,718.582377
6000,0.595465,725.483894
6000,0.601379,718.348514
