Size,Time,GFLOPS
4000,0.128516,995.981751
4000,0.130272,982.561989
4000,0.128777,993.964616
4000,0.129817,986.004483
4000,0.129025,992.053373
