Size,Time,GFLOPS
14000,1.040534,659.276950
14000,6.091471,900.931740
14000,6.070115,904.101488
14000,6.121838,896.462738
14000,6.103671,899.131087
