Size,Time,GFLOPS
7000,0.471975,1453.468222
7000,0.480144,1428.737489
7000,0.477996,1435.157808
7000,0.474289,1446.374330
7000,0.468561,1464.058352
