Size,Time,GFLOPS
8000,0.711858,1438.489767
8000,0.711162,1439.897221
8000,0.702104,1458.472936
8000,0.706691,1449.005991
8000,0.694118,1475.253447
