Size,Time,GFLOPS
15000,7.552928,893.693148
15000,7.541391,895.060313
15000,7.541606,895.034872
15000,7.523015,897.246632
15000,7.511191,898.659048
