Size,Time,GFLOPS
18000,10.942082,1065.976328
18000,11.005383,1059.845029
18000,10.966003,1063.651012
18000,10.916301,1068.493847
18000,10.947294,1065.468736
