Size,Time,GFLOPS
6000,0.194031,2226.447961
6000,0.195703,2207.430530
6000,0.195064,2214.652996
6000,0.193547,2232.021024
6000,0.196493,2198.547093
