Size,Time,GFLOPS
18000,9.634801,1210.611356
18000,11.623195,1003.510652
18000,9.748668,1196.471175
18000,9.514801,1225.879518
18000,9.515181,1225.830630
