Size,Time,GFLOPS
16000,5.042123,1624.712583
16000,5.072749,1614.903588
16000,5.051684,1621.637480
16000,5.067032,1616.725438
16000,5.060496,1618.813561
16000,3.770039,2172.921791
