Size,Time,GFLOPS
9000,0.998733,1459.849356
9000,1.011410,1441.552504
9000,1.000274,1457.600236
9000,1.004480,1451.496866
9000,0.990858,1471.452443
