Size,Time,GFLOPS
11000,1.673473,1590.703825
11000,1.675265,1589.002243
11000,1.678185,1586.237392
11000,1.682041,1582.601076
11000,1.694159,1571.281536
