Size,Time,GFLOPS
4000,0.055247,2316.852577
4000,0.054973,2328.406068
4000,0.054167,2363.050864
4000,0.054086,2366.595125
4000,0.055545,2304.438466
