Size,Time,GFLOPS
3000,0.054464,991.487420
3000,0.054608,988.871406
3000,0.053961,1000.714900
3000,0.054978,982.213353
3000,0.053557,1008.264746
