Size,Time,GFLOPS
14000,3.202260,1713.789720
14000,3.218031,1705.390658
14000,3.237023,1695.385011
14000,3.217953,1705.432062
14000,3.250061,1688.583741
