Size,Time,GFLOPS
6000,0.618678,698.263416
6000,0.623108,693.299232
6000,0.623039,693.375602
6000,0.619030,697.865547
6000,0.614068,703.505701
