Size,Time,GFLOPS
18000,6.070642,1921.378203
18000,6.039549,1931.270007
18000,6.023110,1936.540994
18000,6.054805,1926.403783
18000,6.036757,1932.163306
