Size,Time,GFLOPS
19000,6.893024,1990.128061
19000,6.862727,1998.913874
19000,6.859714,1999.791892
19000,6.835906,2006.756748
19000,6.840342,2005.455277
