Size,Time,GFLOPS
16000,6.004625,1364.281683
16000,5.986111,1368.501133
16000,5.848632,1400.669414
16000,6.023715,1359.958063
16000,6.047223,1354.671282
