Size,Time,GFLOPS
20000,26.860364,595.673227
20000,19.061308,839.396765
20000,26.589481,601.741724
20000,26.968823,593.277653
20000,27.287791,586.342801
