Size,Time,GFLOPS
20000,9.058585,1766.280271
20000,9.756691,1639.900217
20000,9.059803,1766.042913
20000,9.025173,1772.819155
20000,9.030823,1771.710131
