Size,Time,GFLOPS
9000,1.161945,1254.792441
9000,1.159717,1257.203224
9000,1.146019,1272.229661
9000,1.159952,1256.948141
9000,1.155829,1261.432774
