Size,Time,GFLOPS
4000,0.188566,678.805825
4000,0.197974,646.548639
4000,0.197746,647.294164
4000,0.200791,637.478895
4000,0.187745,681.776612
