Size,Time,GFLOPS
16000,9.498750,862.429225
16000,9.575373,855.528056
16000,9.505181,861.845755
16000,10.824781,756.782041
16000,10.855017,754.674108
