Size,Time,GFLOPS
16000,6.289510,1302.486274
16000,6.365978,1286.840673
16000,6.287782,1302.844163
16000,6.247425,1311.260334
16000,6.286337,1303.143530
