Size,Time,GFLOPS
6000,0.214804,2011.136239
6000,0.214283,2016.020926
6000,0.207491,2082.021286
6000,0.220450,1959.629989
6000,0.213568,2022.778963
