Size,Time,GFLOPS
20000,11.559629,1384.127498
20000,11.495411,1391.859749
20000,9.770573,1637.570249
20000,11.439569,1398.654037
20000,9.688749,1651.399990
