Size,Time,GFLOPS
3000,0.037960,1422.565530
3000,0.037064,1456.936046
3000,0.037531,1438.817867
3000,0.037088,1455.984026
3000,0.040280,1340.619751
