Size,Time,GFLOPS
8000,0.796169,1286.159468
8000,0.797304,1284.327682
8000,0.805749,1270.867047
8000,0.784804,1304.783851
8000,0.778869,1314.727218
