Size,Time,GFLOPS
19000,20.991078,653.515738
19000,21.897400,626.467080
19000,21.964700,624.547583
19000,21.880020,626.964698
19000,21.997209,623.624578
