Size,Time,GFLOPS
15000,4.935213,1367.722031
15000,4.902505,1376.847127
15000,4.926480,1370.146713
15000,4.918868,1372.266909
15000,4.939433,1366.553743
