Size,Time,GFLOPS
18000,7.019105,1661.750391
18000,7.112638,1639.897844
18000,6.972403,1672.881001
18000,6.995581,1667.338286
18000,7.571956,1540.420978
