Size,Time,GFLOPS
6000,0.254608,1696.728093
6000,0.248659,1737.322437
6000,0.240402,1796.990468
6000,0.228377,1891.610383
6000,0.235481,1834.544215
