Size,Time,GFLOPS
4000,0.266119,480.987127
4000,0.299730,427.050471
4000,0.270823,472.633662
4000,0.291543,439.042726
4000,0.270802,472.670767
