Size,Time,GFLOPS
3000,0.077181,699.654441
3000,0.078886,684.533906
3000,0.075877,711.676826
3000,0.074792,722.000423
3000,0.074933,720.640630
