Size,Time,GFLOPS
18000,18.436845,632.646193
18000,18.300250,637.368351
18000,18.452817,632.098598
18000,18.367773,635.025264
18000,16.347883,713.486865
