Size,Time,GFLOPS
6000,0.762618,566.469914
6000,0.758873,569.264884
6000,0.756481,571.065194
6000,0.766812,563.371322
6000,0.760842,567.792156
