Size,Time,GFLOPS
13000,6.674861,658.290825
13000,6.711245,654.721998
13000,6.693862,656.422290
13000,6.689869,656.814094
13000,6.696949,656.119659
