Size,Time,GFLOPS
17000,7.534700,1304.099654
17000,7.450619,1318.816557
17000,7.528924,1305.100199
17000,7.563850,1299.073946
17000,7.539902,1303.200044
