Size,Time,GFLOPS
2000,0.022778,702.432387
2000,0.021186,755.226795
2000,0.021713,736.899651
2000,0.021261,752.556186
2000,0.021445,746.111500
