Size,Time,GFLOPS
17000,15.491699,634.275164
17000,11.362542,864.771282
17000,15.462401,635.476975
17000,15.497419,634.041063
17000,15.490179,634.337395
