Size,Time,GFLOPS
8000,1.915010,534.723151
8000,1.909572,536.245802
8000,1.903677,537.906305
8000,1.914780,534.787370
8000,1.914089,534.980286
