Size,Time,GFLOPS
12000,2.606332,1326.001519
12000,2.602908,1327.745726
12000,2.616702,1320.746264
12000,2.593665,1332.477535
12000,2.330730,1482.796943
