Size,Time,GFLOPS
19000,14.400062,952.634806
19000,14.375399,954.269185
19000,18.389974,745.949921
19000,23.068930,594.652637
19000,14.415515,951.613615
