Size,Time,GFLOPS
7000,1.238324,553.974626
7000,1.230704,557.404584
7000,1.222361,561.209159
7000,1.229439,557.978232
7000,1.225059,559.972802
