Size,Time,GFLOPS
7000,0.455781,1505.110270
7000,0.459688,1492.316807
7000,0.463436,1480.248504
7000,0.453401,1513.010296
7000,0.450792,1521.765687
