Size,Time,GFLOPS
5000,0.419844,595.459647
5000,0.419321,596.202456
5000,0.429691,581.813699
5000,0.426850,585.685941
5000,0.418892,596.812838
