Size,Time,GFLOPS
13000,7.722138,569.013363
13000,7.719213,569.229010
13000,7.596929,578.391607
13000,7.726922,568.661097
13000,7.726335,568.704317
