Size,Time,GFLOPS
2000,0.044781,357.297915
2000,0.037479,426.910996
2000,0.036373,439.886124
2000,0.036572,437.493368
2000,0.036382,439.780257
