Size,Time,GFLOPS
15000,3.769047,1790.903739
15000,5.060706,1333.806013
15000,5.120430,1318.248537
15000,4.368056,1545.309826
15000,5.060412,1333.883418
