Size,Time,GFLOPS
3000,0.034828,1550.474847
3000,0.034957,1544.747782
3000,0.034071,1584.946763
3000,0.034822,1550.728285
3000,0.034038,1586.480227
