Size,Time,GFLOPS
19000,8.705929,1575.707741
19000,9.622859,1425.563883
19000,9.577258,1432.351455
19000,9.834831,1394.838351
19000,9.618610,1426.193669
