Size,Time,GFLOPS
11000,2.055972,1294.764991
11000,2.051152,1297.807197
11000,2.044492,1302.035115
11000,2.051243,1297.749445
11000,2.040275,1304.726127
