Size,Time,GFLOPS
17000,7.188303,1366.942934
17000,7.218848,1361.159025
17000,7.152013,1373.879028
17000,7.213916,1362.089517
17000,7.138995,1376.384171
