Size,Time,GFLOPS
20000,23.578980,678.570495
20000,23.298020,686.753640
20000,23.253344,688.073093
20000,22.357698,613.569429
20000,23.344891,685.374802
