Size,Time,GFLOPS
15000,11.946319,565.027620
15000,11.950897,564.811139
15000,11.951247,564.794616
15000,11.978611,563.504386
15000,11.958944,564.431113
