Size,Time,GFLOPS
9000,2.512255,580.355151
9000,2.516820,579.302546
9000,2.517575,579.128839
9000,2.517540,579.136722
9000,2.514374,579.866028
