Size,Time,GFLOPS
5000,0.100535,2486.683808
5000,0.106862,2339.464540
5000,0.102337,2442.901024
5000,0.104774,2386.089677
5000,0.101904,2453.289106
