Size,Time,GFLOPS
2000,0.020029,798.830273
2000,0.019154,835.319305
2000,0.019276,830.028221
2000,0.018650,857.903143
2000,0.019679,813.060351
