Size,Time,GFLOPS
16000,9.754415,839.824808
16000,9.759587,839.379773
16000,9.824299,833.850868
16000,9.816765,834.490797
16000,9.398688,871.611005
