Size,Time,GFLOPS
9000,1.127214,1293.454855
9000,1.121494,1300.051498
9000,1.122429,1298.968698
9000,1.111287,1311.992668
9000,1.131739,1288.283066
