Size,Time,GFLOPS
18000,12.375956,942.472672
18000,12.886084,905.162531
18000,12.390562,941.361644
18000,12.324555,946.403328
18000,12.409250,939.943966
