Size,Time,GFLOPS
4000,0.061546,2079.740602
4000,0.058944,2171.569386
4000,0.059228,2161.148102
4000,0.058263,2196.932403
4000,0.059398,2154.938350
