Size,Time,GFLOPS
15000,10.946616,616.628904
15000,10.962271,615.748341
15000,10.961855,615.771679
15000,8.239164,819.257882
15000,11.049564,610.883811
