Size,Time,GFLOPS
8000,1.798076,569.497754
8000,1.801989,568.261014
8000,1.796339,570.048393
8000,1.796795,569.903707
8000,1.805959,567.011839
