Size,Time,GFLOPS
14000,4.067334,1349.286897
14000,3.175912,1728.007797
14000,4.110122,1335.240170
14000,4.098503,1339.025480
14000,4.054328,1353.615348
