Size,Time,GFLOPS
19000,7.822803,1753.591388
19000,9.872090,1389.574043
19000,8.732318,1570.945931
19000,8.755044,1566.868257
19000,8.762939,1565.456497
