Size,Time,GFLOPS
12000,5.796925,596.178193
12000,5.826639,593.137784
12000,5.810345,594.801189
12000,5.800393,595.821652
12000,5.795789,596.294972
