Size,Time,GFLOPS
10000,1.535141,1302.811942
10000,1.555182,1286.023038
10000,1.540749,1298.069686
10000,1.558878,1282.974153
10000,1.545018,1294.483691
