Size,Time,GFLOPS
10000,3.489970,573.070819
10000,3.470923,576.215630
10000,3.476603,575.274228
10000,3.477764,575.082206
10000,3.496514,571.998263
