Size,Time,GFLOPS
11000,3.268395,814.467007
11000,4.502488,591.228692
11000,4.509411,590.320970
11000,4.515754,589.491859
11000,3.286804,809.905373
