Size,Time,GFLOPS
10000,1.579730,1266.039416
10000,1.590743,1257.274207
10000,1.587331,1259.976586
10000,1.588282,1259.222506
10000,1.592166,1256.150692
