Size,Time,GFLOPS
17000,16.716162,587.814340
17000,14.513094,677.043787
17000,15.322992,641.258581
17000,15.144155,648.831186
17000,16.069156,611.482032
