Size,Time,GFLOPS
13000,3.084310,1424.629815
13000,3.299913,1331.550364
13000,2.660071,1651.835817
13000,3.326425,1320.937779
13000,2.710114,1621.333889
