Size,Time,GFLOPS
8000,0.778315,1315.662656
8000,0.783550,1306.871788
8000,0.774382,1322.344509
8000,0.792207,1292.591654
8000,0.777806,1316.523847
