Size,Time,GFLOPS
14000,4.179759,1312.994469
14000,4.168620,1316.502918
14000,4.174439,1314.667681
14000,4.174943,1314.508818
14000,4.228553,1297.843582
