Size,Time,GFLOPS
12000,4.051097,853.102316
12000,3.971117,870.284066
12000,4.299580,803.799522
12000,4.066935,849.780093
12000,4.056266,852.015029
