Size,Time,GFLOPS
14000,9.147956,599.915426
14000,9.135017,600.765175
14000,9.146124,600.035583
14000,9.124708,601.443901
14000,9.147787,599.926534
