Size,Time,GFLOPS
10000,2.520513,793.489321
10000,2.428054,823.704866
10000,2.422043,825.749019
10000,2.452203,815.593309
10000,2.436096,820.985650
