Size,Time,GFLOPS
7000,1.127057,608.664902
7000,1.128996,607.619469
7000,1.108133,619.059387
7000,1.135870,603.942565
7000,1.092202,628.088990
