Size,Time,GFLOPS
11000,1.800099,1478.807772
11000,1.786165,1490.343784
11000,1.774934,1499.774439
11000,1.786743,1489.862105
11000,1.773529,1500.961823
