Size,Time,GFLOPS
17000,5.116546,1920.436292
17000,4.997420,1966.214632
17000,5.082111,1933.448449
17000,5.059762,1941.988470
17000,5.189644,1893.386196
