Size,Time,GFLOPS
8000,1.326087,772.196799
8000,1.330380,769.704688
8000,1.342956,762.497170
8000,1.374451,745.024552
8000,1.349959,758.541824
