Size,Time,GFLOPS
12000,2.127870,1624.159067
12000,2.149151,1608.077133
12000,2.089181,1654.236581
12000,2.119237,1630.775829
12000,2.125384,1626.059344
