Size,Time,GFLOPS
6000,0.631079,684.541575
6000,0.640066,674.930826
6000,0.633348,682.089167
6000,0.624844,691.372259
6000,0.623428,692.942594
