Size,Time,GFLOPS
7000,0.436607,1571.207461
7000,0.434775,1577.827666
7000,0.436705,1570.854025
7000,0.440035,1558.968271
7000,0.425476,1612.312415
