Size,Time,GFLOPS
13000,5.351209,821.122861
13000,5.462393,804.409342
13000,5.340655,822.745563
13000,5.302790,828.620455
13000,5.484527,801.162945
