Size,Time,GFLOPS
18000,4.986334,2339.193715
18000,5.063885,2303.369711
18000,4.952690,2355.083860
18000,5.071674,2299.832308
18000,5.227355,2231.338679
