Size,Time,GFLOPS
5000,0.517871,482.745719
5000,0.483765,516.780281
5000,0.516339,484.177744
5000,0.493320,506.770616
5000,0.484786,515.691142
