Size,Time,GFLOPS
8000,0.619876,1651.943084
8000,0.631822,1620.708974
8000,0.627166,1632.742656
8000,0.607485,1685.637543
8000,0.645640,1586.023478
