Size,Time,GFLOPS
17000,4.838803,2030.667612
17000,4.232249,2321.697056
17000,4.844039,2028.472487
17000,4.806611,2044.267791
17000,4.852581,2024.901692
