Size,Time,GFLOPS
16000,4.118169,1989.233761
16000,3.987984,2054.170886
16000,3.954849,2071.381239
16000,3.953895,2071.880857
16000,3.975779,2060.476863
