Size,Time,GFLOPS
20000,16.754691,954.956435
20000,14.707681,1087.866931
20000,16.449436,972.677702
20000,15.970175,1001.867518
20000,16.549310,966.807700
