Size,Time,GFLOPS
14000,3.393342,1617.284809
14000,3.291772,1667.187052
14000,3.436423,1597.009235
14000,3.405181,1611.661926
14000,3.313753,1656.128459
