Size,Time,GFLOPS
12000,1.877282,1840.959918
12000,1.857142,1860.923823
12000,1.809248,1910.185906
12000,1.890969,1827.634361
12000,1.820024,1898.876170
