Size,Time,GFLOPS
7000,1.306823,524.937370
7000,0.937724,731.558249
7000,0.930938,736.891179
7000,0.943493,727.085577
7000,0.959147,715.219106
7000,0.952491,720.216651
