Size,Time,GFLOPS
16000,7.167404,1142.952174
16000,7.295219,1122.927224
16000,8.076490,1014.302030
16000,8.059157,1016.483547
16000,7.103076,1153.303234
