Size,Time,GFLOPS
16000,7.944756,1031.120457
16000,8.046285,1018.109543
16000,9.633689,850.349239
16000,7.852608,1043.220289
16000,7.785728,1052.181698
