Size,Time,GFLOPS
15000,8.204710,822.698207
15000,8.028013,840.805781
15000,6.648222,1015.309064
15000,8.121081,831.170186
15000,8.248322,818.348221
