Size,Time,GFLOPS
4000,0.172697,741.183834
4000,0.175263,730.329571
4000,0.170843,749.224867
4000,0.169689,754.321474
4000,0.179490,713.131242
