Size,Time,GFLOPS
3000,0.053578,1007.867018
3000,0.056158,961.564179
3000,0.060015,899.774052
3000,0.064931,831.650563
3000,0.056219,960.534792
