Size,Time,GFLOPS
20000,6.662107,2401.642660
20000,6.812868,2348.496873
20000,7.241993,2209.336460
20000,6.567196,2436.351884
20000,7.083824,2258.667172
