Size,Time,GFLOPS
9000,1.852324,787.119357
9000,1.814445,803.551366
9000,1.825277,798.782973
9000,1.814294,803.618308
9000,1.848950,788.555568
