Size,Time,GFLOPS
4000,0.239791,533.798260
4000,0.240290,532.690482
4000,0.237099,539.859797
4000,0.243847,524.919796
4000,0.238683,536.275962
