Size,Time,GFLOPS
3000,0.040592,1330.301887
3000,0.041638,1296.897027
3000,0.041782,1292.424832
3000,0.040775,1324.326832
3000,0.040715,1326.286625
