Size,Time,GFLOPS
5000,0.382147,654.198135
5000,0.375821,665.210999
5000,0.395174,632.632547
5000,0.378320,660.816990
5000,0.394069,634.406282
