Size,Time,GFLOPS
11000,3.245156,820.299642
11000,3.195896,832.943130
11000,3.260167,816.522587
11000,3.085601,862.716940
11000,3.266921,814.834566
