Size,Time,GFLOPS
2000,0.026268,609.117105
2000,0.025336,631.500085
2000,0.026373,606.681167
2000,0.023890,669.747281
2000,0.024637,649.430695
