Size,Time,GFLOPS
19000,16.005328,857.089595
19000,11.324931,1211.309861
19000,14.058735,975.763495
19000,13.327959,1029.264838
19000,13.883670,988.067286
