Size,Time,GFLOPS
4000,0.090986,1406.814926
4000,0.095024,1347.029083
4000,0.095101,1345.938227
4000,0.094889,1348.951138
4000,0.096771,1322.710795
