Size,Time,GFLOPS
19000,15.974673,858.734347
19000,15.924152,861.458721
19000,15.925247,861.399535
19000,16.222999,845.589635
19000,16.157684,849.007829
