Size,Time,GFLOPS
11000,1.547864,1719.789548
11000,1.501091,1773.376575
11000,1.508101,1765.133833
11000,1.534223,1735.079880
11000,1.540325,1728.206862
