Size,Time,GFLOPS
8000,0.764407,1339.600729
8000,0.772929,1324.830732
8000,0.766824,1335.378507
8000,0.779186,1314.191698
8000,0.755836,1354.790824
