Size,Time,GFLOPS
14000,6.329318,867.076078
14000,6.391975,858.576639
14000,6.361897,862.635785
14000,6.384841,859.535957
14000,6.136558,894.312485
