Size,Time,GFLOPS
2000,0.032855,486.990935
2000,0.034181,468.094900
2000,0.032216,496.644514
2000,0.032106,498.347899
