Size,Time,GFLOPS
2000,0.038179,419.078913
2000,0.040733,392.799629
2000,0.039650,403.531608
2000,0.041879,382.051972
2000,0.039713,402.894008
