Size,Time,GFLOPS
15000,8.424604,801.224569
15000,7.928503,851.358661
15000,8.534212,790.934225
15000,8.474711,796.487317
15000,8.480872,795.908709
