Size,Time,GFLOPS
12000,3.796574,910.294378
12000,3.847051,898.350426
12000,3.990234,866.114657
12000,3.919753,881.688257
12000,3.850751,897.487238
