Size,Time,GFLOPS
9000,0.837683,1740.515440
9000,0.834563,1747.021521
9000,0.864722,1686.090114
9000,0.835824,1744.386795
9000,0.893703,1631.414418
