Size,Time,GFLOPS
13000,2.255250,1948.342485
13000,2.158785,2035.403980
13000,2.234880,1966.101467
13000,2.310652,1901.627457
13000,2.238558,1962.870674
