Size,Time,GFLOPS
13000,4.803961,914.661796
13000,4.682239,938.440017
13000,4.619055,951.276831
13000,4.767869,921.585750
13000,4.895831,897.498237
