Size,Time,GFLOPS
15000,3.732659,1808.362187
15000,3.669803,1839.335941
15000,3.547442,1902.779674
15000,3.665574,1841.457859
15000,3.653693,1847.445697
