Size,Time,GFLOPS
19000,6.015898,2280.291209
19000,5.515000,2487.398203
19000,6.375750,2151.590171
19000,6.260339,2191.255003
19000,5.762833,2380.426588
