Size,Time,GFLOPS
2000,0.019562,817.930927
2000,0.019331,827.682675
2000,0.019812,807.605871
2000,0.019572,817.500060
2000,0.019944,802.263144
