Size,Time,GFLOPS
15000,3.357578,2010.377585
15000,3.379680,1997.230500
15000,3.417509,1975.122564
15000,3.386821,1993.019625
15000,3.340029,2020.940335
