Size,Time,GFLOPS
11000,3.378189,787.996114
11000,3.389180,785.440765
11000,3.385434,786.309878
11000,3.353597,793.774510
11000,3.412814,780.001480
