Size,Time,GFLOPS
4000,0.074499,1718.135750
4000,0.072428,1767.277255
4000,0.076899,1664.530909
4000,0.072116,1774.919123
4000,0.075177,1702.649821
