Size,Time,GFLOPS
5000,0.125567,1990.971216
5000,0.128143,1950.941592
5000,0.129710,1927.373766
5000,0.127989,1953.299057
5000,0.127725,1957.328087
