Size,Time,GFLOPS
18000,13.513482,863.138022
18000,12.084012,965.242334
18000,12.179131,957.703822
18000,13.443130,867.655108
18000,13.516160,862.966972
