Size,Time,GFLOPS
10000,1.093438,1829.093443
10000,1.078645,1854.178872
10000,1.124595,1778.418287
10000,1.094015,1828.128820
