Size,Time,GFLOPS
6000,0.238039,1814.827542
6000,0.233301,1851.684837
6000,0.240732,1794.529966
6000,0.242612,1780.621900
6000,0.249889,1728.768092
