Size,Time,GFLOPS
12000,4.264141,810.479769
12000,4.255052,812.210973
12000,4.242804,814.555674
12000,4.331840,797.813462
12000,4.328437,798.440623
