Size,Time,GFLOPS
5000,0.161121,1551.629276
5000,0.158335,1578.928524
5000,0.166277,1503.513663
5000,0.166050,1505.573014
5000,0.159612,1566.294711
