Size,Time,GFLOPS
16000,4.537204,1805.517322
16000,4.330824,1891.556839
16000,4.159002,1969.703125
16000,4.312414,1899.632002
16000,4.271267,1917.931888
