Size,Time,GFLOPS
7000,0.514446,1333.473883
7000,0.537897,1275.337014
7000,0.512492,1338.557119
7000,0.505516,1357.029594
7000,0.519941,1319.380415
