Size,Time,GFLOPS
17000,10.348464,949.512888
17000,10.374662,947.115225
17000,10.705061,917.883647
17000,9.657384,1017.459771
17000,11.147270,881.471408
