Size,Time,GFLOPS
14000,2.721374,2016.628091
14000,2.762919,1986.304711
14000,2.694374,2036.836467
14000,2.732929,2008.101990
14000,2.796194,1962.667586
