Size,Time,GFLOPS
3000,0.070898,761.661632
3000,0.070443,766.580291
3000,0.069617,775.672776
3000,0.072950,740.236294
3000,0.073426,735.430649
