Size,Time,GFLOPS
19000,6.715167,2042.838138
19000,6.822971,2010.561042
19000,6.767832,2026.941474
19000,6.718080,2041.952595
19000,6.808150,2014.937977
