Size,Time,GFLOPS
13000,4.596775,955.887649
13000,4.596803,955.881746
13000,4.581047,959.169434
13000,4.590039,957.290296
13000,4.620069,951.067976
