Size,Time,GFLOPS
13000,10.857208,404.708114
13000,10.641683,412.904611
13000,10.652854,412.471634
13000,10.735733,409.287376
13000,10.609176,414.169760
