Size,Time,GFLOPS
11000,6.459444,412.109780
11000,6.472079,411.305219
11000,6.501913,409.417955
11000,6.469500,411.469229
11000,6.507781,409.048817
