Size,Time,GFLOPS
8000,2.357888,434.287045
8000,2.341524,437.321938
8000,2.320978,441.193256
8000,2.310330,443.226727
8000,2.322131,440.974240
