Size,Time,GFLOPS
4000,0.135723,943.093961
4000,0.135559,944.237418
4000,0.134897,948.870928
4000,0.134967,948.377796
4000,0.136023,941.014997
