Size,Time,GFLOPS
20000,16.421154,974.352941
20000,16.372497,977.248618
20000,16.423250,974.228635
20000,16.401507,975.520132
20000,16.412803,974.848704
