Size,Time,GFLOPS
12000,3.537193,977.045817
12000,3.585394,963.910894
12000,3.587610,963.315304
12000,3.561119,970.481359
12000,3.553882,972.457614
