Size,Time,GFLOPS
17000,22.888526,429.298071
17000,22.869792,429.649726
17000,22.920796,428.693671
17000,22.993815,427.332314
17000,22.951520,428.119787
