Size,Time,GFLOPS
5000,0.257825,969.651149
5000,0.255829,977.213977
5000,0.255861,977.094620
5000,0.255854,977.118603
5000,0.256594,974.302487
