Size,Time,GFLOPS
11000,2.784936,955.856702
11000,2.808188,947.942339
11000,2.772732,960.063790
11000,2.778905,957.931207
11000,2.769342,961.239083
