Size,Time,GFLOPS
19000,32.394487,423.467122
19000,32.443541,422.826844
19000,32.525826,421.757166
19000,32.487291,422.257428
19000,32.455664,422.668904
