Size,Time,GFLOPS
18000,12.016009,970.705025
18000,12.034475,969.215556
18000,12.136539,961.064756
18000,12.009625,971.220962
18000,12.039840,968.783629
