Size,Time,GFLOPS
16000,19.420732,421.817261
16000,19.536361,419.320668
16000,19.476427,420.611028
16000,19.493762,420.237006
16000,19.527769,419.505176
