Size,Time,GFLOPS
18000,27.367622,426.197056
18000,27.257567,427.917867
18000,27.317314,426.981949
18000,27.293526,427.354097
18000,27.300091,427.251315
