Size,Time,GFLOPS
5000,0.526959,474.420048
5000,0.525706,475.550764
5000,0.525213,475.997241
5000,0.526126,475.171017
5000,0.525733,475.526412
