Size,Time,GFLOPS
14000,5.661122,969.419176
14000,5.608226,978.562495
14000,5.734345,957.040464
14000,5.728789,957.968568
14000,5.619049,976.677690
