Size,Time,GFLOPS
9000,3.420015,426.313930
9000,3.401516,428.632367
9000,3.411371,427.394208
9000,3.418337,426.523226
9000,3.414713,426.975875
