Size,Time,GFLOPS
7000,0.688428,996.472693
7000,0.688981,995.673728
7000,0.693108,989.744633
7000,0.690894,992.916055
7000,0.687756,997.446083
