Size,Time,GFLOPS
3000,0.059289,910.794278
3000,0.059646,905.342198
3000,0.059412,908.903360
3000,0.059743,903.878119
3000,0.059094,913.796994
