Size,Time,GFLOPS
20000,38.058209,420.408647
20000,38.075936,420.212912
20000,38.024725,420.778853
20000,37.839634,422.837067
20000,37.832106,422.921205
