Size,Time,GFLOPS
18000,7.163552,1628.242527
18000,7.162419,1628.500098
18000,7.157657,1629.583542
18000,7.162950,1628.379434
18000,7.162738,1628.427490
