Size,Time,GFLOPS
13000,2.709694,1621.585053
13000,2.710305,1621.219642
13000,2.699856,1627.494357
13000,2.711503,1620.503724
13000,2.708623,1622.226641
