Size,Time,GFLOPS
15000,4.192513,1610.012712
15000,4.177840,1615.667351
15000,4.178659,1615.350616
15000,4.181581,1614.222035
15000,4.177206,1615.912730
