Size,Time,GFLOPS
2000,0.017367,921.289727
2000,0.016486,970.502722
2000,0.015734,1016.926810
2000,0.015821,1011.328651
2000,0.015505,1031.891976
