Size,Time,GFLOPS
9000,1.765745,825.713946
9000,1.766668,825.282359
9000,1.767658,824.820399
9000,1.770913,823.304077
9000,1.767010,825.122812
