Size,Time,GFLOPS
12000,2.145570,1610.760545
12000,2.145137,1611.085784
12000,2.146314,1610.202545
12000,2.143798,1612.091914
12000,2.145095,1611.117761
