Size,Time,GFLOPS
14000,6.656966,824.399593
14000,6.656786,824.421864
14000,6.651415,825.087641
14000,6.650472,825.204549
14000,6.653832,824.787910
