Size,Time,GFLOPS
4000,0.086229,1484.426901
4000,0.087229,1467.399743
4000,0.085806,1491.745380
4000,0.086261,1483.871339
4000,0.086019,1488.042284
