Size,Time,GFLOPS
17000,6.022146,1631.644219
17000,6.021364,1631.856098
17000,6.022912,1631.436635
17000,6.023872,1631.176887
17000,6.026302,1630.519140
