Size,Time,GFLOPS
17000,11.892191,826.256498
17000,11.890604,826.366785
17000,11.900716,825.664595
17000,11.895293,826.041054
17000,11.892483,826.236182
