Size,Time,GFLOPS
3000,0.039680,1360.884868
3000,0.040878,1321.005385
3000,0.039930,1352.352688
3000,0.040068,1347.716900
3000,0.040573,1330.927969
