Size,Time,GFLOPS
8000,1.246850,821.269314
8000,1.255778,815.431028
8000,1.245976,821.845572
8000,1.246563,821.458357
8000,1.246275,821.648437
