Size,Time,GFLOPS
19000,16.548258,828.969417
19000,16.504049,831.189979
19000,16.496740,831.558232
19000,16.524830,830.144691
19000,16.591794,826.794258
