Size,Time,GFLOPS
2000,0.043707,366.076496
2000,0.027080,590.832088
2000,0.026856,595.777464
2000,0.026809,596.814436
2000,0.026457,604.752302
