Size,Time,GFLOPS
7000,0.845580,811.277058
7000,0.845437,811.414623
7000,0.845269,811.576346
7000,0.845280,811.565325
7000,0.845198,811.644552
