Size,Time,GFLOPS
14000,3.358481,1634.071965
14000,3.360535,1633.073463
14000,3.359706,1633.476492
14000,3.358690,1633.970404
14000,3.349225,1638.588262
