Size,Time,GFLOPS
20000,19.420429,823.874703
20000,19.394913,824.958589
20000,19.383211,825.456611
20000,19.353888,826.707278
20000,19.381522,825.528565
