Size,Time,GFLOPS
12000,4.188303,825.155292
12000,4.195355,823.768247
12000,4.198993,823.054461
12000,4.185877,825.633443
12000,4.200582,822.743226
