Size,Time,GFLOPS
18000,14.081143,828.341850
18000,14.078616,828.490540
18000,14.079832,828.418957
18000,14.085362,828.093757
18000,14.083762,828.187823
