Size,Time,GFLOPS
5000,0.163416,1529.842200
5000,0.164310,1521.510368
5000,0.163800,1526.252411
5000,0.163905,1525.269311
5000,0.164285,1521.741134
