Size,Time,GFLOPS
2000,0.024386,656.101949
2000,0.024875,643.221459
2000,0.025097,637.514001
2000,0.023386,684.172971
2000,0.023298,686.759121
