Size,Time,GFLOPS
4000,0.082895,1544.114370
4000,0.083005,1542.071766
4000,0.083632,1530.518881
4000,0.082479,1551.906307
4000,0.082758,1546.672791
