Size,Time,GFLOPS
6000,0.538650,802.004801
6000,0.538741,801.869267
6000,0.538117,802.800058
6000,0.538621,802.048475
6000,0.539509,800.727933
