Size,Time,GFLOPS
20000,9.878599,1619.662792
20000,9.915070,1613.705174
20000,9.831437,1627.432463
20000,9.867478,1621.488326
20000,9.904284,1615.462608
