Size,Time,GFLOPS
12000,4.330006,798.151296
12000,4.373150,790.276950
12000,4.333511,797.505703
12000,4.334765,797.274984
12000,4.324308,799.203042
