Size,Time,GFLOPS
11000,3.321160,801.527230
11000,3.351487,794.274269
11000,3.326834,800.160198
11000,3.312712,803.571140
11000,3.318517,802.165619
