Size,Time,GFLOPS
20000,19.968990,801.242315
20000,20.052769,797.894812
20000,19.963049,801.480795
20000,20.006925,799.723109
20000,19.856287,805.790138
