Size,Time,GFLOPS
9000,0.891486,1635.471770
9000,0.898568,1622.582381
9000,0.890518,1637.249423
9000,0.890423,1637.423376
9000,0.889809,1638.554754
