Size,Time,GFLOPS
8000,1.277830,801.358415
8000,1.274978,803.151216
8000,1.277819,801.365197
8000,1.276773,802.021912
8000,1.277787,801.385438
