Size,Time,GFLOPS
3000,0.073127,738.436878
3000,0.073763,732.071071
3000,0.073173,737.973815
3000,0.073250,737.200359
3000,0.073432,735.378590
