Size,Time,GFLOPS
13000,5.441813,807.451504
13000,5.504856,798.204354
13000,5.468896,803.452792
13000,5.444675,807.026978
13000,5.437247,808.129565
