Size,Time,GFLOPS
16000,5.054381,1620.772312
16000,5.053053,1621.198175
16000,5.056342,1620.143580
16000,5.102012,1605.641207
16000,5.053970,1620.904017
