Size,Time,GFLOPS
19000,17.069721,803.645251
19000,17.022035,805.896575
19000,17.040672,805.015216
19000,17.110683,801.721363
19000,17.225788,796.364134
