Size,Time,GFLOPS
3000,0.037451,1441.878094
3000,0.037883,1425.434869
3000,0.037864,1426.143325
3000,0.037643,1434.537091
3000,0.038609,1398.633059
