Size,Time,GFLOPS
10000,1.260144,1587.120620
10000,1.259061,1588.484826
10000,1.258802,1588.812730
10000,1.260226,1587.016335
10000,1.260730,1586.382585
