Size,Time,GFLOPS
18000,7.184542,1623.485622
18000,7.181008,1624.284395
18000,7.187927,1622.721004
18000,7.166549,1627.561699
18000,7.153530,1630.523581
