Size,Time,GFLOPS
9000,1.805376,807.588198
9000,1.798394,810.723228
9000,1.800936,809.579169
9000,1.814756,803.413730
9000,1.805167,807.681325
