Size,Time,GFLOPS
18000,14.477356,805.671986
18000,14.572006,800.438860
18000,14.489268,805.009585
18000,14.515823,803.536922
18000,14.489603,804.991007
