n_threads,Time,GFLOPS
34,64.048488,31.226342
34,64.766443,30.880189
34,64.147364,31.178210
34,64.306393,31.101107
34,64.265005,31.121137
