n_threads,Time,GFLOPS
40,54.950877,36.396144
40,54.475081,36.714034
40,54.267124,36.854726
40,53.853199,37.137998
40,53.890277,37.112446
