n_threads,Time,GFLOPS
6,47.541789,42.068253
6,48.679224,41.085289
6,47.660531,41.963444
6,48.281627,41.423625
6,47.612727,42.005575
