n_threads,Time,GFLOPS
30,51.975722,38.479504
30,52.037295,38.433973
30,51.857934,38.566905
30,52.106635,38.382828
30,51.986449,38.471564
