n_threads,Time,GFLOPS
42,53.858776,37.134152
42,54.032471,37.014780
42,54.136975,36.943328
42,54.308413,36.826707
42,54.127555,36.949757
