n_threads,Time,GFLOPS
48,55.942304,35.751120
48,55.628490,35.952801
48,55.427237,36.083343
48,55.369332,36.121079
48,55.734034,35.884716
