n_threads,Time,GFLOPS
28,49.631931,40.296639
28,49.746548,40.203795
28,49.645237,40.285839
28,49.293706,40.573131
28,49.376592,40.505023
