n_threads,Time,GFLOPS
24,50.428906,39.659793
24,50.625786,39.505559
24,50.016791,39.986572
24,50.295909,39.764665
24,50.301314,39.760393
