n_threads,Time,GFLOPS
44,54.593765,36.634220
44,54.752691,36.527885
44,54.844994,36.466409
44,54.680563,36.576068
44,54.775222,36.512860
