n_threads,Time,GFLOPS
2,45.038737,44.406218
2,44.680060,44.762697
2,44.418185,45.026603
2,44.573105,44.870107
2,44.798690,44.644163
