n_threads,Time,GFLOPS
52,56.436895,35.437810
52,56.438514,35.436794
