n_threads,Time,GFLOPS
14,52.074334,38.406636
14,52.818217,37.865723
14,52.044612,38.428570
14,52.491713,38.101252
14,52.188735,38.322447
