n_threads,Time,GFLOPS
36,52.289734,38.248426
36,52.070097,38.409761
36,52.167392,38.338125
36,52.171408,38.335174
36,52.308708,38.234551
