n_threads,Time,GFLOPS
38,67.062750,29.822815
38,67.063802,29.822348
38,67.357090,29.692494
38,67.068905,29.820078
38,67.214767,29.755366
