n_threads,Time,GFLOPS
22,57.306593,34.899999
22,57.066516,35.046821
22,57.200006,34.965032
22,56.394196,35.464643
22,56.658982,35.298904
