n_threads,Time,GFLOPS
46,73.823898,27.091498
46,73.587948,27.178364
46,73.905441,27.061607
46,74.275178,26.926896
46,73.549788,27.192465
