n_threads,Time,GFLOPS
26,59.369807,33.687157
26,59.684219,33.509695
26,60.437592,33.091987
26,60.228544,33.206846
26,59.401688,33.669077
