n_threads,Time,GFLOPS
50,55.444103,36.072367
50,55.322287,36.151796
50,55.534575,36.013600
50,55.645675,35.941697
50,55.638176,35.946542
