n_threads,Time,GFLOPS
18,50.996071,39.218707
18,50.505882,39.599348
18,50.716697,39.434745
18,50.698681,39.448758
18,50.748414,39.410098
