n_threads,Time,GFLOPS
32,50.710036,39.439925
32,50.598120,39.527160
32,50.907527,39.286921
32,50.448101,39.644703
32,50.704696,39.444078
