n_threads,Time,GFLOPS
4,47.427825,42.169338
4,46.652115,42.870511
4,47.101309,42.461665
4,46.352402,43.147710
4,46.886705,42.656015
