n_threads,Time,GFLOPS
20,49.048839,40.775685
20,49.293479,40.573318
20,49.327883,40.545020
20,49.034242,40.787823
20,48.871845,40.923358
