n_threads,Time,GFLOPS
12,49.476222,40.423458
12,48.633775,41.123684
12,50.160790,39.871780
12,48.814978,40.971031
12,49.564873,40.351157
