n_threads,Time,GFLOPS
16,49.280939,40.583642
16,48.202951,41.491236
16,48.660956,41.100713
16,48.691297,41.075102
16,48.150205,41.536687
