n_threads,Time,GFLOPS
8,46.797706,42.737138
8,46.251486,43.241854
8,46.967831,42.582337
8,46.310545,43.186709
8,47.233780,42.342578
