n_threads,Time,GFLOPS
10,50.383257,39.695727
10,51.551375,38.796249
10,50.221198,39.823821
10,51.286036,38.996970
10,50.718228,39.433555
