n_threads,Time,GFLOPS
52,46.221415,43.269987
52,46.140010,43.346328
52,46.127005,43.358549
52,46.087643,43.395580
52,46.131787,43.354054
