n_threads,Time,GFLOPS
6,44.242367,45.205538
6,44.219342,45.229076
6,44.359206,45.086470
6,44.256985,45.190606
6,44.171398,45.278168
