n_threads,Time,GFLOPS
46,46.235027,43.257248
46,46.258289,43.235494
46,46.324770,43.173447
46,46.272693,43.222036
46,46.136287,43.349825
