n_threads,Time,GFLOPS
30,45.470376,43.984682
30,45.308658,44.141674
30,45.431801,44.022028
30,45.212940,44.235124
30,45.342427,44.108799
