n_threads,Time,GFLOPS
4,44.144788,45.305462
4,44.215304,45.233207
4,44.209756,45.238884
4,44.171766,45.277791
4,44.241851,45.206065
