n_threads,Time,GFLOPS
44,45.811131,43.657512
44,45.799429,43.668667
44,45.847250,43.623118
44,45.867939,43.603442
44,45.770971,43.695818
