n_threads,Time,GFLOPS
50,46.543921,42.970166
50,46.602686,42.915981
50,46.602554,42.916103
50,46.662889,42.860613
50,46.638429,42.883091
