n_threads,Time,GFLOPS
18,44.912152,44.531378
18,44.883590,44.559716
18,44.943146,44.500668
18,45.007024,44.437508
18,44.818515,44.624415
