n_threads,Time,GFLOPS
48,45.838495,43.631450
48,46.037999,43.442375
48,46.069939,43.412257
48,45.937464,43.537449
48,45.978813,43.498296
