n_threads,Time,GFLOPS
20,44.773779,44.669002
20,44.721592,44.721127
20,44.681567,44.761188
20,44.758012,44.684737
20,44.765381,44.677381
