n_threads,Time,GFLOPS
58,47.193872,42.378383
58,47.026752,42.528985
58,47.100361,42.462520
58,47.135891,42.430512
58,47.164703,42.404592
