n_threads,Time,GFLOPS
36,45.534762,43.922487
36,45.528038,43.928974
36,45.558792,43.899320
36,45.660184,43.801838
36,45.425104,44.028518
