n_threads,Time,GFLOPS
28,45.095757,44.350070
28,45.209880,44.238118
28,45.135484,44.311035
28,45.168400,44.278743
28,44.954777,44.489154
