n_threads,Time,GFLOPS
12,44.438466,45.006054
12,44.367237,45.078309
12,44.497775,44.946067
12,44.389675,45.055522
12,44.445000,44.999438
