n_threads,Time,GFLOPS
42,45.981274,43.495968
42,46.064065,43.417792
42,46.182328,43.306608
42,46.000590,43.477703
42,46.013847,43.465177
