n_threads,Time,GFLOPS
56,46.189658,43.299736
56,46.197906,43.292006
56,46.215301,43.275711
56,46.107243,43.377132
56,46.355397,43.144922
