n_threads,Time,GFLOPS
24,44.892740,44.550633
24,44.912030,44.531499
24,44.969008,44.475075
24,44.938860,44.504912
24,44.837512,44.605508
