n_threads,Time,GFLOPS
54,46.812326,42.723791
54,46.980995,42.570405
54,46.877360,42.664519
54,46.855131,42.684760
54,46.931219,42.615556
