n_threads,Time,GFLOPS
14,44.504318,44.939460
14,44.506861,44.936892
14,44.512548,44.931150
14,44.545106,44.898311
14,44.523226,44.920375
