n_threads,Time,GFLOPS
16,44.628936,44.813975
16,44.661807,44.780991
16,44.545738,44.897673
16,44.605813,44.837206
16,44.600517,44.842529
