n_threads,Time,GFLOPS
26,45.234299,44.214236
26,45.174359,44.272902
26,45.169847,44.277325
26,45.190005,44.257575
26,45.203711,44.244155
