n_threads,Time,GFLOPS
60,46.190813,43.298653
60,46.208412,43.282162
60,46.269701,43.224831
60,46.399304,43.104094
