n_threads,Time,GFLOPS
40,45.668362,43.793994
40,45.719215,43.745283
40,45.680025,43.782813
40,45.655054,43.806760
40,45.829764,43.639762
