n_threads,Time,GFLOPS
22,45.152290,44.294542
22,45.122349,44.323933
22,45.237811,44.210804
22,45.111813,44.334286
22,45.158268,44.288678
