n_threads,Time,GFLOPS
8,44.443674,45.000780
8,44.496648,44.947206
8,44.429943,45.014688
8,44.351941,45.093855
8,44.486429,44.957531
