n_threads,Time,GFLOPS
38,45.714938,43.749376
38,45.495061,43.960816
38,45.762433,43.703970
38,45.746815,43.718891
38,45.753654,43.712356
