n_threads,Time,GFLOPS
2,44.076970,45.375169
2,43.958924,45.497019
2,44.123529,45.327290
2,43.873486,45.585619
2,43.755106,45.708951
