n_threads,Time,GFLOPS
10,44.309476,45.137072
10,44.411796,45.033081
10,44.441895,45.002581
10,44.332964,45.113158
10,44.343883,45.102049
