n_threads,Time,GFLOPS
32,45.398797,44.054031
32,45.269551,44.179806
32,45.350941,44.100518
32,45.312881,44.137560
32,45.214104,44.233985
