n_threads,Time,GFLOPS
34,45.529416,43.927645
34,45.410431,44.042744
34,45.521856,43.934940
34,45.406244,44.046805
34,45.604007,43.855796
