n_threads,Time,GFLOPS
4,43.139603,46.361113
4,43.196537,46.300008
4,43.129168,46.372330
4,43.008695,46.502225
4,43.133600,46.367565
