n_threads,Time,GFLOPS
40,47.807200,41.834703
40,48.027733,41.642607
40,47.300108,42.283202
40,47.856079,41.791974
40,47.535060,42.074208
