n_threads,Time,GFLOPS
30,48.797058,40.986077
30,48.885708,40.911753
30,48.701724,41.066308
30,49.189196,40.659335
30,48.754904,41.021514
