n_threads,Time,GFLOPS
6,43.663891,45.804439
6,43.611147,45.859835
6,43.444139,46.036130
6,43.729898,45.735300
6,43.509549,45.966921
