n_threads,Time,GFLOPS
12,43.843685,45.616604
12,43.530176,45.945140
12,43.824884,45.636173
12,43.673851,45.793992
12,43.740736,45.723967
