n_threads,Time,GFLOPS
8,43.291575,46.198366
8,43.596732,45.874998
8,43.534471,45.940607
8,43.449549,46.030397
8,43.465606,46.013393
