n_threads,Time,GFLOPS
20,44.541880,44.901562
20,44.461879,44.982354
20,44.243164,45.204724
20,44.592706,44.850384
20,44.503173,44.940616
