n_threads,Time,GFLOPS
34,48.419384,41.305771
34,49.005290,40.811921
34,47.571130,42.042306
34,48.483803,41.250889
34,49.167028,40.677667
