n_threads,Time,GFLOPS
2,43.298252,46.191241
2,43.284100,46.206343
2,43.284846,46.205547
2,43.150466,46.349441
2,43.333124,46.154069
