n_threads,Time,GFLOPS
44,49.127299,40.710563
44,48.889017,40.908984
44,48.885360,40.912044
44,48.980589,40.832502
44,48.765329,41.012745
