n_threads,Time,GFLOPS
14,45.309637,44.140720
14,45.592533,43.866833
14,45.100519,44.345388
14,45.815751,43.653109
14,45.730152,43.734821
