n_threads,Time,GFLOPS
36,48.814833,40.971153
36,49.009180,40.808681
36,48.877739,40.918423
36,48.869448,40.925365
36,48.659595,41.101863
