n_threads,Time,GFLOPS
18,46.699106,42.827373
18,46.167276,43.320728
18,46.359907,43.140725
18,46.127181,43.358384
18,46.325555,43.172715
