n_threads,Time,GFLOPS
52,46.584261,42.932956
52,47.438836,42.159551
52,47.599245,42.017473
52,47.309947,42.274408
52,47.043842,42.513534
