n_threads,Time,GFLOPS
56,50.574141,39.545902
56,50.657030,39.481193
56,52.328312,38.220228
56,52.149610,38.351198
56,51.347175,38.950536
