n_threads,Time,GFLOPS
58,56.133249,35.629507
58,54.934955,36.406692
58,55.098173,36.298844
58,55.548334,36.004680
