n_threads,Time,GFLOPS
16,45.082785,44.362831
16,44.165896,45.283809
16,44.318814,45.127562
16,44.056322,45.396435
16,44.393805,45.051331
