n_threads,Time,GFLOPS
54,53.036477,37.709895
54,51.398608,38.911559
54,52.726328,37.931714
54,51.077468,39.156209
54,52.193170,38.319190
