n_threads,Time,GFLOPS
32,47.003590,42.549942
32,46.882693,42.659666
32,47.597742,42.018800
32,47.081971,42.479105
32,46.949534,42.598932
