n_threads,Time,GFLOPS
24,44.496909,44.946942
24,44.542723,44.900712
24,44.582792,44.860357
24,44.467484,44.976685
24,44.668150,44.774633
