n_threads,Time,GFLOPS
42,53.881404,37.118558
42,52.667758,37.973897
42,52.722149,37.934721
42,52.450225,38.131390
42,53.044109,37.704470
