n_threads,Time,GFLOPS
48,47.848822,41.798313
48,47.614132,42.004336
48,47.946896,41.712815
48,48.058050,41.616337
48,47.704804,41.924498
