n_threads,Time,GFLOPS
26,44.057967,45.394741
26,43.716019,45.749820
26,43.851518,45.608455
26,43.938143,45.518537
26,43.823373,45.637747
