n_threads,Time,GFLOPS
28,46.540917,42.972939
28,46.575847,42.940711
28,46.448199,43.058720
28,46.391788,43.111078
28,46.408359,43.095685
