n_threads,Time,GFLOPS
22,45.614870,43.845351
22,45.610897,43.849170
22,45.514689,43.941858
22,45.459466,43.995238
22,45.521872,43.934925
