n_threads,Time,GFLOPS
38,47.667566,41.957250
38,48.049134,41.624059
38,47.666248,41.958411
38,47.694364,41.933676
38,47.880729,41.770458
