n_threads,Time,GFLOPS
10,43.838184,45.622327
10,43.614110,45.856720
10,43.965794,45.489910
10,43.819763,45.641507
10,43.687633,45.779546
