n_threads,Time,GFLOPS
50,47.173802,42.396413
50,47.391163,42.201961
50,48.087769,41.590617
50,47.359787,42.229920
50,47.937920,41.720626
