n_threads,Time,GFLOPS
46,48.802590,40.981432
46,49.638323,40.291450
46,48.546472,41.197638
46,49.023113,40.797083
46,49.933828,40.053008
