Size,Time,GFLOPS
15000,7.670670,879.975253
15000,6.602343,1022.364398
15000,7.359187,917.220919
15000,7.558282,893.060031
15000,7.591779,889.119705
