Size,Time,GFLOPS
15000,3.974954,1698.132917
15000,4.032033,1674.093503
15000,3.981992,1695.131596
15000,3.941588,1712.507851
15000,4.055734,1664.310198
