Size,Time,GFLOPS
11000,1.635184,1627.951506
11000,1.632124,1631.003128
11000,1.648346,1614.952418
11000,1.632363,1630.764413
11000,1.620650,1642.550462
