Size,Time,GFLOPS
3000,0.033690,1602.871348
3000,0.036327,1486.485984
3000,0.037618,1435.499880
3000,0.042622,1266.954996
3000,0.034272,1575.650757
