Size,Time,GFLOPS
8000,0.693297,1477.000090
8000,0.687858,1488.679880
8000,0.687056,1490.416847
8000,0.693227,1477.150177
8000,0.686152,1492.380010
