Size,Time,GFLOPS
3000,0.055569,971.756999
3000,0.054586,989.255821
3000,0.055768,968.289922
3000,0.055255,977.289087
3000,0.054273,994.963605
