Size,Time,GFLOPS
18000,6.106795,1910.003490
18000,6.081184,1918.047595
18000,6.174405,1889.088762
18000,6.135726,1900.997679
18000,5.035902,2316.169085
