Size,Time,GFLOPS
9000,0.996603,1462.969629
9000,1.000809,1456.822127
9000,1.000235,1457.658000
9000,0.992657,1468.785045
9000,0.985117,1480.026617
