Size,Time,GFLOPS
17000,5.883801,1670.008758
17000,5.863125,1675.897989
17000,5.850493,1679.516546
17000,5.867249,1674.720016
17000,5.856070,1677.917057
