Size,Time,GFLOPS
20000,13.813402,1158.295365
20000,13.849383,1155.286161
20000,13.867971,1153.737641
20000,13.835347,1156.458200
20000,13.858936,1154.489771
