Size,Time,GFLOPS
9000,1.802870,808.710673
9000,1.825795,798.556441
9000,1.817044,802.402308
9000,1.909072,763.721720
9000,1.777608,820.203351
