Size,Time,GFLOPS
13000,4.927514,891.727522
13000,4.853009,905.417609
13000,4.892286,898.148576
13000,4.909164,895.060819
13000,4.879890,900.430130
