Size,Time,GFLOPS
3000,0.031324,1723.923486
3000,0.031553,1711.432566
3000,0.031640,1706.673517
3000,0.031608,1708.432624
3000,0.031464,1716.259249
