Size,Time,GFLOPS
13000,2.636689,1666.484181
13000,2.657597,1653.373109
13000,2.644181,1661.762320
13000,2.601399,1689.091286
13000,2.613603,1681.204087
