Size,Time,GFLOPS
14000,3.330114,1647.991620
14000,2.809061,1953.677738
14000,3.277228,1674.586077
14000,3.332191,1646.964318
14000,3.250299,1688.460227
