Size,Time,GFLOPS
9000,1.007099,1447.722042
9000,0.995615,1464.421985
9000,0.981652,1485.251403
9000,0.985503,1479.447625
9000,1.010944,1442.216945
