Size,Time,GFLOPS
5000,0.090192,2771.861547
5000,0.096556,2589.183922
5000,0.091967,2718.378135
5000,0.091226,2740.455003
5000,0.092586,2700.203949
