Size,Time,GFLOPS
11000,3.751040,709.669892
11000,3.244163,820.550514
11000,3.262871,815.845828
11000,3.110053,855.934045
11000,3.952980,673.416087
