Size,Time,GFLOPS
13000,2.444323,1797.634695
13000,2.401566,1829.639622
13000,2.436243,1803.596539
13000,2.435448,1804.185324
13000,2.447330,1795.426344
