Size,Time,GFLOPS
16000,8.838491,926.855094
16000,8.003313,1023.576062
16000,8.029402,1020.250265
16000,8.098572,1011.536296
16000,8.181052,1001.338221
