Size,Time,GFLOPS
10000,2.461632,812.469091
10000,2.465191,811.296158
10000,2.434859,821.402654
10000,2.457027,813.991854
10000,2.550771,784.076721
