Size,Time,GFLOPS
4000,0.054504,2348.454851
4000,0.052963,2416.793802
4000,0.054250,2359.429216
4000,0.054359,2354.721069
4000,0.054370,2354.259345
