Size,Time,GFLOPS
20000,8.805397,1817.067333
20000,8.805935,1816.956353
20000,8.839250,1810.108404
20000,8.805894,1816.964919
20000,8.852415,1807.416387
