Size,Time,GFLOPS
7000,0.995177,689.324270
7000,0.940771,729.188994
7000,0.929028,738.406079
7000,0.958550,715.663922
7000,0.971974,705.779912
