Size,Time,GFLOPS
14000,6.019523,911.700184
14000,6.147697,892.692083
14000,6.123519,896.216655
14000,6.132400,894.918726
14000,6.104426,899.019861
