Size,Time,GFLOPS
16000,4.242795,1930.802710
16000,4.620255,1773.062476
16000,4.666080,1755.649407
16000,4.651243,1761.249784
16000,4.613093,1775.815128
