Size,Time,GFLOPS
16000,4.356082,1880.588884
16000,3.726814,2198.123956
16000,5.165200,1585.998640
16000,4.627673,1770.220295
16000,5.117360,1600.825500
