Size,Time,GFLOPS
18000,12.727750,916.422800
18000,12.552852,929.191243
18000,12.479853,934.626367
18000,12.548266,929.530811
18000,12.453903,936.573859
