Size,Time,GFLOPS
2000,0.017202,930.102128
2000,0.016135,991.632051
2000,0.016193,988.091277
2000,0.015677,1020.587026
2000,0.016114,992.898357
