Size,Time,GFLOPS
15000,7.571823,891.462950
15000,7.551495,893.862714
15000,7.533266,896.025689
15000,7.552227,893.776150
15000,7.573970,891.210244
