Size,Time,GFLOPS
6000,0.178015,2426.767638
6000,0.177598,2432.456332
6000,0.179216,2410.492997
6000,0.174608,2474.114845
6000,0.175170,2466.173195
