Size,Time,GFLOPS
6000,0.615151,702.267141
6000,0.619507,697.328449
6000,0.602115,717.471419
6000,0.622582,693.884524
6000,0.606843,711.880462
