Size,Time,GFLOPS
12000,4.123578,838.107066
12000,3.392789,1018.631023
12000,4.008168,862.239247
12000,3.399394,1016.651816
12000,3.295191,1048.801092
