Size,Time,GFLOPS
10000,2.452254,815.576274
10000,2.549275,784.536823
10000,2.446659,817.441367
10000,2.439554,819.822096
10000,2.284307,875.539138
