Size,Time,GFLOPS
19000,14.094620,973.279200
19000,13.139494,1044.028012
19000,14.891249,921.212166
19000,12.823422,1069.761281
19000,14.976452,915.971264
