Size,Time,GFLOPS
7000,0.416967,1645.212563
7000,0.403076,1701.913451
7000,0.404148,1697.399226
7000,0.409012,1677.211154
7000,0.399790,1715.899020
