Size,Time,GFLOPS
10000,1.295727,1543.535591
10000,1.317678,1517.821371
10000,1.294378,1545.143655
10000,1.296139,1543.044354
10000,1.329887,1503.887679
