Size,Time,GFLOPS
19000,7.717332,1777.557357
19000,5.683468,2413.666972
19000,7.631267,1797.604535
19000,6.896170,1989.220119
19000,5.725623,2395.896307
