Size,Time,GFLOPS
8000,1.350273,758.365108
8000,1.338097,765.266077
8000,1.306420,783.821553
8000,1.286690,795.840312
8000,1.298238,788.761596
