Size,Time,GFLOPS
12000,2.128574,1623.622194
12000,2.055338,1681.475302
12000,2.117456,1632.146942
12000,2.171220,1591.731781
12000,2.129366,1623.018293
