Size,Time,GFLOPS
5000,0.326344,766.062516
5000,0.327168,764.133984
5000,0.333283,750.114012
5000,0.329822,757.985320
5000,0.327245,763.952842
