Size,Time,GFLOPS
17000,10.129393,970.048267
17000,10.196906,963.625604
17000,10.225967,960.887146
17000,10.156880,967.423066
17000,10.119326,971.013313
