Size,Time,GFLOPS
14000,3.337820,1644.187084
14000,3.311614,1657.198086
14000,3.265445,1680.628346
14000,3.297929,1664.074653
14000,3.295898,1665.099919
