Size,Time,GFLOPS
12000,3.972279,870.029484
12000,3.968218,870.919842
12000,3.968055,870.955612
12000,3.966920,871.204763
12000,3.914710,882.823953
