Size,Time,GFLOPS
2000,0.028209,567.185497
2000,0.025493,627.614899
2000,0.025091,637.668760
2000,0.025164,635.833687
2000,0.024258,659.578996
