Size,Time,GFLOPS
12000,2.597092,1330.719138
12000,2.604390,1326.990102
12000,2.598719,1329.885973
12000,2.613011,1322.612082
12000,2.599125,1329.678237
