Size,Time,GFLOPS
19000,19.748550,694.633263
19000,18.235046,752.287646
19000,17.347464,790.778402
19000,17.383927,789.119738
19000,20.444762,670.978703
