Size,Time,GFLOPS
15000,5.039422,1339.439227
15000,5.051278,1336.295356
15000,5.053574,1335.688372
15000,5.036972,1340.090813
15000,5.039531,1339.410470
