Size,Time,GFLOPS
13000,5.798870,757.733833
13000,6.840356,642.364199
13000,6.854965,640.995241
13000,6.807971,645.419915
13000,7.149089,614.623769
