Size,Time,GFLOPS
6000,0.227587,1898.172326
6000,0.225747,1913.643853
6000,0.208890,2068.069997
6000,0.224921,1920.671800
6000,0.219354,1969.416655
