Size,Time,GFLOPS
17000,7.109605,1382.074029
17000,7.407318,1326.525985
17000,7.397149,1328.349593
17000,7.454979,1318.045365
17000,7.432920,1321.956936
