Size,Time,GFLOPS
19000,7.466089,1837.374229
19000,9.118385,1504.433087
19000,8.726874,1571.925995
19000,9.932648,1381.102033
19000,7.474156,1835.391116
