Size,Time,GFLOPS
15000,11.199967,602.680352
15000,11.095239,608.369041
15000,8.242064,818.969619
15000,11.000808,613.591308
15000,11.149581,605.403937
