Size,Time,GFLOPS
5000,0.103155,2423.532086
5000,0.106108,2356.093885
5000,0.104605,2389.946866
5000,0.104729,2387.106136
5000,0.105099,2378.699413
