Size,Time,GFLOPS
8000,0.798621,1282.210292
8000,0.785424,1303.754223
8000,0.785884,1302.991464
8000,0.788618,1298.474716
8000,0.805216,1271.708766
