Size,Time,GFLOPS
7000,0.445072,1541.323076
7000,0.485791,1412.130515
7000,0.454249,1510.185042
7000,0.451546,1519.224702
7000,0.460772,1488.805795
