Size,Time,GFLOPS
19000,21.935178,625.388127
19000,22.326604,614.423945
19000,21.101314,650.101702
19000,22.077206,621.364872
19000,22.574237,607.683885
