Size,Time,GFLOPS
11000,2.058063,1293.448987
11000,2.051180,1297.789767
11000,2.051264,1297.736655
11000,2.036784,1306.962089
11000,2.039095,1305.481221
