Size,Time,GFLOPS
17000,15.595144,630.067910
17000,15.606638,629.603909
17000,15.681110,626.613787
17000,15.785756,622.459898
17000,15.616659,629.199900
