Size,Time,GFLOPS
5000,0.428157,583.897791
5000,0.431180,579.803996
5000,0.426089,586.731982
5000,0.426719,585.866267
5000,0.420489,594.545894
