Size,Time,GFLOPS
18000,18.622375,626.343325
18000,18.549178,628.814921
18000,16.956665,687.871094
18000,18.447635,632.276157
18000,18.635916,625.888207
