Size,Time,GFLOPS
3000,0.035543,1519.287139
3000,0.035850,1506.256908
3000,0.035470,1522.409530
3000,0.035792,1508.716652
3000,0.035253,1531.769625
