Size,Time,GFLOPS
10000,1.570702,1273.315737
10000,1.591132,1256.966419
10000,1.553425,1287.477265
10000,1.592401,1255.964706
10000,1.554618,1286.489383
