Size,Time,GFLOPS
4000,0.060053,2131.437526
4000,0.061088,2095.348472
4000,0.062394,2051.466716
4000,0.059711,2143.662679
4000,0.063540,2014.485916
