Size,Time,GFLOPS
9000,2.579742,565.172720
9000,2.577785,565.601947
9000,2.582111,564.654172
9000,2.575607,566.080070
9000,2.569785,567.362705
