Size,Time,GFLOPS
14000,3.292908,1666.612156
14000,3.331655,1647.229494
14000,3.321833,1652.099889
14000,3.326176,1649.942893
14000,3.346049,1640.143124
