Size,Time,GFLOPS
4000,0.213695,598.983623
4000,0.193831,660.370454
4000,0.191136,669.681783
4000,0.207064,618.165839
4000,0.219843,582.234215
