Size,Time,GFLOPS
16000,6.078421,1347.718354
16000,6.128075,1336.798154
16000,6.040382,1356.205519
16000,6.127655,1336.889861
16000,6.085467,1346.157952
