Size,Time,GFLOPS
11000,4.034782,659.763066
11000,4.418558,602.458928
11000,4.737653,561.881540
11000,4.030191,660.514599
11000,4.051665,657.013789
