Size,Time,GFLOPS
3000,0.092237,585.448870
3000,0.082882,651.529921
3000,0.081055,666.216839
3000,0.079935,675.547903
3000,0.078754,685.676515
