Size,Time,GFLOPS
2000,0.023430,682.871958
2000,0.019429,823.506796
2000,0.019191,833.739390
2000,0.019377,825.706344
2000,0.019408,824.393516
