Size,Time,GFLOPS
6000,0.759434,568.844967
6000,0.772401,559.295109
6000,0.769409,561.469834
6000,0.757077,570.615964
6000,0.763081,566.126215
