Size,Time,GFLOPS
7000,1.222328,561.224382
7000,1.236056,554.990914
7000,1.223951,560.480015
7000,1.238320,553.976320
7000,1.217296,563.544154
