Size,Time,GFLOPS
16000,13.631008,600.982697
16000,11.938830,686.164371
16000,8.952994,915.001162
16000,10.039683,815.961993
16000,10.212079,802.187280
