Size,Time,GFLOPS
15000,11.033143,611.793017
15000,11.013540,612.881960
15000,11.010435,613.054803
15000,10.944361,616.755967
15000,10.923912,617.910486
