Size,Time,GFLOPS
7000,0.479819,1429.705070
7000,0.466257,1471.292701
7000,0.482744,1421.041683
7000,0.469765,1460.305416
7000,0.486342,1410.529035
