Size,Time,GFLOPS
20000,10.954469,1460.591099
20000,11.474935,1394.343411
20000,11.556288,1384.527654
20000,11.403808,1403.040104
20000,11.533141,1387.306344
