Size,Time,GFLOPS
20000,18.697953,855.708645
20000,17.655849,906.215250
20000,17.899638,893.872835
20000,22.460819,712.351570
20000,19.316159,828.322036
