Size,Time,GFLOPS
14000,9.082759,604.221710
14000,9.198002,596.651324
14000,9.228380,594.687287
14000,9.185311,597.475656
14000,9.159196,599.179215
