Size,Time,GFLOPS
12000,4.838399,714.285803
12000,5.671864,609.323452
12000,5.092148,678.691963
12000,5.679917,608.459612
12000,4.822887,716.583311
