Size,Time,GFLOPS
2000,0.077010,207.764224
2000,0.039218,407.975867
2000,0.039354,406.565732
2000,0.037674,424.695355
2000,0.037583,425.722063
