Size,Time,GFLOPS
13000,3.287476,1336.587664
13000,3.323190,1322.223687
13000,3.296406,1332.967064
13000,3.289672,1335.695501
13000,3.281818,1338.892194
