Size,Time,GFLOPS
8000,1.831667,559.053526
8000,1.818318,563.157842
8000,1.810550,565.574057
8000,1.840235,556.450692
8000,1.815498,564.032438
