Size,Time,GFLOPS
8000,1.799186,569.146354
8000,1.803454,567.799354
8000,1.793859,570.836356
8000,1.796715,569.928920
8000,1.808866,566.100649
