Size,Time,GFLOPS
8000,0.824204,1242.411595
8000,0.790145,1295.964332
8000,0.801954,1276.881987
8000,0.788117,1299.299743
8000,0.795476,1287.280310
