Size,Time,GFLOPS
18000,8.394705,1389.447348
18000,6.259517,1863.402683
18000,6.257787,1863.917752
18000,6.303919,1850.277672
18000,6.305484,1849.818308
