Size,Time,GFLOPS
15000,4.963134,1360.027792
15000,4.998470,1350.413340
15000,4.983437,1354.486901
15000,5.004892,1348.680344
15000,5.057158,1334.741873
