Size,Time,GFLOPS
10000,3.665830,545.579030
10000,3.692989,541.566674
10000,3.680791,543.361471
10000,3.691577,541.773818
10000,3.672961,544.519874
