Size,Time,GFLOPS
9000,1.136326,1283.082942
9000,1.113603,1309.263596
9000,1.116750,1305.573702
9000,1.128448,1292.040537
9000,1.125407,1295.531681
