Size,Time,GFLOPS
8000,1.388624,737.420781
8000,1.341657,763.235245
8000,1.343635,762.111501
8000,1.374269,745.123459
8000,1.380099,741.975701
