Size,Time,GFLOPS
17000,4.642645,2116.466126
17000,4.854679,2024.026648
17000,4.665438,2106.125980
17000,4.905970,2002.866068
17000,4.746301,2070.243736
