Size,Time,GFLOPS
2000,0.039122,408.973931
2000,0.034439,464.591938
2000,0.035133,455.414455
2000,0.040223,397.786754
2000,0.038186,418.996396
