Size,Time,GFLOPS
10000,1.097539,1822.259050
10000,1.080792,1850.495255
10000,1.092909,1829.978018
10000,1.112002,1798.558190
10000,1.108043,1804.984081
