Size,Time,GFLOPS
8000,0.641220,1596.955890
8000,0.639876,1600.309432
8000,0.616168,1661.884044
8000,0.634850,1612.978788
8000,0.632461,1619.072809
