Size,Time,GFLOPS
20000,7.383091,2167.113890
20000,7.422506,2155.606160
20000,7.464231,2143.556361
20000,7.308392,2189.263979
20000,7.870789,2032.832950
