Size,Time,GFLOPS
2000,0.050966,313.935026
2000,0.020630,775.588281
2000,0.020547,778.699910
2000,0.020627,775.686946
2000,0.021071,759.326018
