Size,Time,GFLOPS
3000,0.042564,1268.681392
3000,0.042582,1268.145012
3000,0.045064,1198.284642
3000,0.044533,1212.575132
3000,0.041343,1306.159665
