Size,Time,GFLOPS
15000,8.488322,795.210167
15000,7.631796,884.457598
15000,8.029343,840.666586
15000,8.438335,799.920806
15000,7.867752,857.932455
