Size,Time,GFLOPS
16000,3.958509,2069.466276
16000,3.959826,2068.777942
16000,4.023108,2036.236869
16000,4.030712,2032.395199
16000,3.367452,2432.700087
