Size,Time,GFLOPS
5000,0.133122,1877.981192
5000,0.129999,1923.094216
5000,0.130887,1910.044790
5000,0.127356,1963.005851
5000,0.128414,1946.823422
