Size,Time,GFLOPS
5000,0.132125,1892.146757
5000,0.127844,1955.512895
5000,0.124633,2005.888518
5000,0.127497,1960.835741
5000,0.129472,1930.925765
