Size,Time,GFLOPS
15000,7.817190,863.481659
15000,7.883197,856.251550
15000,7.603994,887.691399
15000,7.753095,870.620054
15000,9.025474,747.883160
