Size,Time,GFLOPS
19000,6.199355,2212.810707
19000,6.365542,2155.040272
19000,6.287093,2181.930675
19000,5.127003,2675.637217
19000,6.470518,2120.077492
