Size,Time,GFLOPS
9000,0.863045,1689.366580
9000,0.852808,1709.646053
9000,0.887628,1642.580068
9000,0.899074,1621.668542
9000,0.875060,1666.171423
