Size,Time,GFLOPS
14000,6.335773,866.192668
14000,6.526393,840.893247
14000,6.585690,833.321941
14000,6.483799,846.417313
14000,6.502100,844.035041
