Size,Time,GFLOPS
9000,1.833859,795.044863
9000,1.907012,764.546907
9000,1.851300,787.554690
9000,1.908946,763.772354
9000,1.894718,769.507701
