Size,Time,GFLOPS
12000,4.045242,854.337091
12000,4.027855,858.024959
12000,3.980662,868.197389
12000,3.958553,873.046382
12000,3.958836,872.983824
