Size,Time,GFLOPS
20000,14.060205,1137.963469
20000,14.672141,1090.502045
20000,18.180741,880.052128
20000,14.343734,1115.469652
20000,14.504969,1103.070232
