Size,Time,GFLOPS
9000,0.844413,1726.643054
9000,0.881051,1654.842601
9000,0.843054,1729.426753
9000,0.888542,1640.891198
9000,0.846024,1723.354480
