Size,Time,GFLOPS
4000,0.165137,775.115752
4000,0.164796,776.717184
4000,0.169056,757.143461
4000,0.177271,722.059674
4000,0.165340,774.160932
