Size,Time,GFLOPS
4000,0.160067,799.663257
4000,0.167365,764.795589
4000,0.165591,772.991158
4000,0.165063,775.461002
4000,0.162520,787.593701
