Size,Time,GFLOPS
2000,0.022141,722.633029
2000,0.029098,549.874720
2000,0.020843,767.641456
2000,0.020731,771.780428
2000,0.021789,734.303281
