Size,Time,GFLOPS
5000,0.364463,685.941299
5000,0.395717,631.764252
5000,0.364054,686.711295
5000,0.382346,653.857684
5000,0.374565,667.441786
