Size,Time,GFLOPS
13000,4.958708,886.117979
13000,4.935532,890.278854
13000,4.891310,898.327901
13000,4.873242,901.658522
13000,4.878467,900.692702
