Size,Time,GFLOPS
11000,1.570220,1695.303336
11000,1.548125,1719.499256
11000,1.549477,1717.999238
11000,1.456895,1827.173928
11000,1.549520,1717.950986
