Size,Time,GFLOPS
6000,0.245253,1761.447420
6000,0.233684,1848.653122
6000,0.240855,1793.612766
6000,0.229850,1879.487554
6000,0.232221,1860.293516
