Size,Time,GFLOPS
7000,0.988114,694.252195
7000,0.937422,731.794336
7000,1.006324,681.689274
7000,0.931751,736.248015
7000,0.952507,720.204910
