Size,Time,GFLOPS
14000,2.724416,2014.376683
14000,2.722050,2016.127511
14000,2.699714,2032.807714
14000,2.787846,1968.545130
14000,2.785050,1970.520902
