Size,Time,GFLOPS
15000,3.445563,1959.041520
15000,3.407105,1981.154329
15000,3.584115,1883.310312
15000,3.406420,1981.552477
15000,3.995483,1689.407967
