Size,Time,GFLOPS
17000,11.265585,872.213918
17000,11.276569,871.364346
17000,11.070661,887.571186
17000,10.797939,909.988488
17000,11.375599,863.778683
