Size,Time,GFLOPS
19000,14.841295,924.312893
19000,15.939679,860.619605
19000,14.566516,941.748861
19000,14.608650,939.032692
19000,13.971451,981.859340
