Size,Time,GFLOPS
16000,9.669402,847.208529
16000,8.489380,964.970303
16000,8.426714,972.146392
16000,10.000851,819.130330
16000,8.552184,957.883972
