Size,Time,GFLOPS
18000,5.371780,2171.347303
18000,5.236271,2227.539424
18000,5.439599,2144.275566
18000,5.484095,2126.877808
18000,5.518302,2113.693493
