Size,Time,GFLOPS
3000,0.083992,642.915373
3000,0.078149,690.992114
3000,0.073000,739.723170
3000,0.078859,684.768792
3000,0.078405,688.731094
