Size,Time,GFLOPS
14000,2.711621,2023.881624
14000,2.753565,1993.052797
14000,2.767366,1983.113322
14000,2.842191,1930.905038
14000,2.804966,1956.530054
