Size,Time,GFLOPS
6000,0.629792,685.941273
6000,0.630335,685.350331
6000,0.631412,684.181115
6000,0.633567,681.853696
6000,0.634332,681.031061
