Size,Time,GFLOPS
11000,2.870463,927.376514
11000,3.251317,818.745104
11000,2.902895,917.015730
11000,2.924114,910.361097
11000,2.776921,958.615516
