Size,Time,GFLOPS
10000,2.447427,817.184838
10000,2.477719,807.194122
10000,2.478999,806.777124
10000,2.437643,820.464645
10000,2.471131,809.346156
