Size,Time,GFLOPS
20000,17.020169,940.061166
20000,17.479121,915.377816
20000,17.467292,915.997732
20000,16.494884,969.997741
20000,14.814868,1079.996154
