Size,Time,GFLOPS
18000,13.702536,851.229290
18000,13.891158,839.670840
18000,14.382973,810.958927
18000,14.018785,832.026453
18000,13.968641,835.013200
