Size,Time,GFLOPS
13000,2.216958,1981.995164
13000,2.306016,1905.450939
13000,2.324299,1890.462432
13000,2.293587,1915.776301
13000,2.307824,1903.958159
