Size,Time,GFLOPS
15000,3.379566,1997.297844
15000,3.340143,2020.871577
15000,3.326242,2029.317343
15000,3.431920,1966.829004
15000,3.378870,1997.709374
