Size,Time,GFLOPS
4000,0.074497,1718.190409
4000,0.077725,1646.834321
4000,0.077349,1654.841360
4000,0.075742,1689.943839
4000,0.074508,1717.933770
