Size,Time,GFLOPS
3000,0.044831,1204.517046
3000,0.044794,1205.507912
3000,0.044258,1220.123662
3000,0.043747,1234.383393
3000,0.045377,1190.020200
