Size,Time,GFLOPS
12000,1.823670,1895.080128
12000,1.861909,1856.159466
12000,1.907426,1811.865601
12000,1.829205,1889.344972
12000,1.807934,1911.573860
