Size,Time,GFLOPS
7000,0.439816,1559.743825
7000,0.452443,1516.212633
7000,0.432678,1585.475136
7000,0.425921,1610.625962
7000,0.425861,1610.854866
