Size,Time,GFLOPS
5000,0.400184,624.713224
5000,0.362191,690.243450
5000,0.366615,681.913866
5000,0.391603,638.401622
5000,0.389008,642.660768
