n_threads,Time,GFLOPS
96,2.364633,845.797226
96,2.353777,849.698055
96,2.352549,850.141825
96,2.384416,838.779891
96,2.360713,847.201547
