n_threads,Time,GFLOPS
26,1.222939,1635.404038
26,1.226132,1631.146091
26,1.224645,1633.125893
26,1.224973,1632.688627
26,1.226205,1631.049069
