n_threads,Time,GFLOPS
40,1.343350,1488.815806
40,1.404773,1423.717495
40,1.338540,1494.165676
40,1.330824,1502.828746
40,1.332224,1501.248839
