n_threads,Time,GFLOPS
2,21.615636,92.525616
2,21.747055,91.966474
2,21.783529,91.812490
2,21.786445,91.800198
2,21.771165,91.864627
