n_threads,Time,GFLOPS
72,2.546405,785.420958
72,2.531749,789.967690
72,2.498220,800.569961
72,2.546004,785.544657
72,2.515655,795.021623
