n_threads,Time,GFLOPS
22,1.308153,1528.873556
22,1.299490,1539.064899
22,1.320612,1514.449242
22,1.305559,1531.910494
22,1.303997,1533.745948
