n_threads,Time,GFLOPS
104,2.832178,706.170296
104,2.813914,710.753701
104,2.893952,691.096435
104,2.855238,700.467102
104,2.870388,696.769830
