n_threads,Time,GFLOPS
100,2.902624,689.031716
100,2.803963,713.276055
100,2.831652,706.301546
100,2.943514,679.460079
100,2.858462,699.677005
