n_threads,Time,GFLOPS
20,1.294720,1544.735958
20,1.293455,1546.246433
20,1.294835,1544.598181
20,1.296134,1543.050476
20,1.298685,1540.018915
