n_threads,Time,GFLOPS
120,2.575028,776.690709
120,2.556692,782.260931
120,2.580161,775.145494
120,2.614306,765.021507
120,2.652718,753.943609
