n_threads,Time,GFLOPS
44,2.414184,828.437315
44,2.421606,825.898252
44,2.455523,814.490515
44,2.397546,834.186209
44,2.429088,823.354326
