n_threads,Time,GFLOPS
126,2.374478,842.290391
126,2.419403,826.650101
126,2.381770,839.711517
126,2.356732,848.632780
126,2.356376,848.760831
