n_threads,Time,GFLOPS
58,2.201935,908.292160
58,2.170066,921.631111
58,2.190758,912.926002
58,2.208035,905.782937
58,2.202587,908.023324
