n_threads,Time,GFLOPS
98,1.648845,1212.970044
98,1.649063,1212.809982
98,1.655490,1208.101173
98,1.653797,1209.338012
98,1.662393,1203.084991
