n_threads,Time,GFLOPS
52,2.679991,746.271218
52,2.568543,778.651635
52,2.558503,781.707009
52,2.611131,765.951526
52,2.593021,771.301124
