n_threads,Time,GFLOPS
44,2.404420,831.801456
44,2.420075,826.420776
44,2.420613,826.236958
44,2.233836,895.320720
44,2.409339,830.103247
