n_threads,Time,GFLOPS
64,1.339578,1493.007460
64,1.319096,1516.189711
64,1.321028,1513.972326
64,1.363367,1466.955992
64,1.311579,1524.880033
