n_threads,Time,GFLOPS
12,1.932644,1034.851644
12,1.920441,1041.427490
12,1.923064,1040.007103
12,1.934889,1033.651105
12,1.926495,1038.154796
