n_threads,Time,GFLOPS
94,1.979473,1010.369927
94,1.979296,1010.460240
94,1.973686,1013.332302
94,1.963324,1018.680602
94,1.973872,1013.237082
