n_threads,Time,GFLOPS
86,0.749387,2668.847307
86,0.750120,2666.241686
86,0.752354,2658.323766
86,0.752986,2656.092641
86,0.745984,2681.023620
