n_threads,Time,GFLOPS
106,1.997357,1001.323012
106,1.986103,1006.997110
106,2.009876,995.086347
106,2.038907,980.917880
106,1.989786,1005.133407
