n_threads,Time,GFLOPS
118,0.496625,4027.184640
118,0.503344,3973.426360
118,0.506430,3949.209649
118,0.501212,3990.329994
118,0.503562,3971.702107
