n_threads,Time,GFLOPS
126,0.867282,2306.056099
126,0.915233,2185.235065
126,0.900842,2220.146306
126,0.880678,2270.976337
126,0.884343,2261.564716
