n_threads,Time,GFLOPS
86,1.973816,1013.265744
86,1.982426,1008.864894
86,1.999956,1000.022068
86,2.004705,997.653086
86,1.962486,1019.115689
