n_threads,Time,GFLOPS
96,1.316807,1518.824989
96,1.303358,1534.497300
96,1.294936,1544.477516
96,1.317657,1517.845418
96,1.305890,1531.522609
