n_threads,Time,GFLOPS
100,1.740779,1148.911243
100,1.753240,1140.744942
100,1.761075,1135.669687
100,1.684914,1187.003925
100,1.755390,1139.347947
