n_threads,Time,GFLOPS
46,2.166931,922.964289
46,2.155999,927.644057
46,2.155519,927.850704
46,2.164257,924.104533
46,2.163767,924.313735
