n_threads,Time,GFLOPS
116,3.859146,518.249321
116,3.898140,513.065183
116,3.886501,514.601730
116,3.890167,514.116710
116,3.876578,515.918883
