n_threads,Time,GFLOPS
106,2.714007,736.917842
106,2.681044,745.977984
106,2.753905,726.241471
106,2.726372,733.575561
106,2.843712,703.306188
