n_threads,Time,GFLOPS
56,2.329547,858.535855
56,2.326886,859.517723
56,2.305385,867.533871
56,2.388988,837.174704
56,2.342332,853.850055
