n_threads,Time,GFLOPS
46,2.158407,926.609499
46,2.165505,923.572125
46,2.162357,924.916573
46,2.166265,923.248048
46,2.158914,926.391850
