n_threads,Time,GFLOPS
54,2.269484,881.257636
54,2.264987,883.007166
54,2.264546,883.179278
54,2.286626,874.650944
54,2.274980,879.128605
