n_threads,Time,GFLOPS
114,1.987237,1006.422405
114,1.977021,1011.622898
114,1.978324,1010.956851
114,1.987664,1006.206270
114,2.030579,984.940512
