n_threads,Time,GFLOPS
40,2.288876,873.791246
40,2.318064,862.789034
40,2.272068,880.255211
40,2.292600,872.372064
40,2.297491,870.514991
