n_threads,Time,GFLOPS
60,1.208823,1654.501711
60,1.202490,1663.215150
60,1.225831,1631.546380
60,1.218276,1641.663750
60,1.209657,1653.361745
