n_threads,Time,GFLOPS
124,4.448195,449.620590
124,4.403225,454.212532
124,4.230733,472.731286
124,4.344964,460.303060
124,4.305956,464.472922
