n_threads,Time,GFLOPS
110,2.551140,783.963287
110,2.548115,784.893913
110,2.555508,782.623378
110,2.584370,773.883091
110,2.591040,771.890784
