n_threads,Time,GFLOPS
76,2.738438,730.343427
76,2.797172,715.007818
76,2.851390,701.412289
76,2.932545,682.001487
76,2.904710,688.537004
