n_threads,Time,GFLOPS
92,3.139261,637.092532
92,3.118842,641.263612
92,3.178744,629.179352
92,3.091465,646.942554
92,3.082558,648.811757
