n_threads,Time,GFLOPS
16,1.514118,1320.901120
16,1.516292,1319.006890
16,1.517287,1318.142449
16,1.515836,1319.403987
16,1.513134,1321.759795
