n_threads,Time,GFLOPS
44,2.563429,780.204924
44,2.583143,774.250660
44,2.599649,769.334671
44,2.585222,773.627914
44,2.610327,766.187637
