n_threads,Time,GFLOPS
82,0.777344,2572.862448
82,0.775166,2580.090991
82,0.787346,2540.180618
82,0.778670,2568.482630
82,0.788859,2535.308198
