n_threads,Time,GFLOPS
92,3.110930,642.894601
92,3.210711,622.915025
92,3.114754,642.105367
92,3.211270,622.806557
92,3.198962,625.202717
