n_threads,Time,GFLOPS
48,1.157838,1727.357665
48,1.151031,1737.572491
48,1.145700,1745.658010
48,1.154909,1731.737459
48,1.148843,1740.881882
