n_threads,Time,GFLOPS
16,1.512092,1322.670796
16,1.503885,1329.888960
16,1.513787,1321.189548
16,1.505928,1328.084613
16,1.503830,1329.937931
