n_threads,Time,GFLOPS
48,2.207258,906.101548
48,2.244459,891.083432
48,2.184353,915.602783
48,2.190493,913.036428
48,2.104317,950.427333
