n_threads,Time,GFLOPS
10,5.268370,379.624085
10,5.295874,377.652458
10,5.295153,377.703946
10,5.324317,375.635017
10,5.316669,376.175357
