n_threads,Time,GFLOPS
42,2.251369,888.348436
42,2.238423,893.486308
42,2.251355,888.353753
42,2.253795,887.392330
42,2.247805,889.756715
