n_threads,Time,GFLOPS
66,1.722101,1161.372124
66,1.796094,1113.527358
66,1.583514,1263.013978
66,1.733495,1153.738535
66,1.655022,1208.443267
