n_threads,Time,GFLOPS
84,1.510149,1324.372263
84,1.502764,1330.880930
84,1.500296,1333.070389
84,1.492814,1339.751726
84,1.497847,1335.250238
