n_threads,Time,GFLOPS
34,1.053324,1898.750585
34,1.049015,1906.550860
34,1.052852,1899.601406
34,1.062308,1882.692520
34,1.059326,1887.992621
