n_threads,Time,GFLOPS
54,2.312002,865.051151
54,2.294489,871.653641
54,2.279220,877.493165
54,2.323264,860.857685
54,2.298458,870.148674
