n_threads,Time,GFLOPS
12,4.108182,486.833362
12,4.145817,482.413933
12,4.103044,487.442960
12,4.182709,478.159040
12,4.168139,479.830412
