n_threads,Time,GFLOPS
80,1.402659,1425.863204
80,1.419576,1408.871016
80,1.397573,1431.051890
80,1.409800,1418.641219
80,1.411170,1417.263304
