n_threads,Time,GFLOPS
22,1.166964,1713.848923
22,1.163780,1718.537802
22,1.167502,1713.059553
22,1.169819,1709.666524
22,1.159761,1724.493023
