n_threads,Time,GFLOPS
48,2.208471,905.604056
48,2.197915,909.953229
48,2.204476,907.244919
48,2.199205,909.419727
48,2.201712,908.383872
