n_threads,Time,GFLOPS
14,1.819166,1099.404665
14,1.811367,1104.138767
14,1.811416,1104.108873
14,1.811688,1103.942814
14,1.816594,1100.961625
