n_threads,Time,GFLOPS
62,2.072769,964.892872
62,2.048025,976.550684
62,2.029399,985.513585
62,2.055737,972.886934
62,2.054702,973.377348
