n_threads,Time,GFLOPS
76,1.739096,1150.022935
76,1.714621,1166.438430
76,1.737448,1151.113674
76,1.749661,1143.078534
76,1.704173,1173.589558
