n_threads,Time,GFLOPS
28,2.281654,876.557127
28,2.281708,876.536223
28,2.284854,875.329570
28,2.293196,872.145235
28,2.293290,872.109560
