n_threads,Time,GFLOPS
114,3.197457,625.497116
114,3.275602,610.574698
114,3.158489,633.214271
114,3.195679,625.845154
114,3.220037,621.110919
