n_threads,Time,GFLOPS
128,1.863526,1073.234392
128,1.867622,1070.880499
128,1.826891,1094.756191
128,1.843510,1084.887170
128,1.836698,1088.910799
