n_threads,Time,GFLOPS
72,1.482646,1348.939820
72,1.504303,1329.519296
72,1.493205,1339.401154
72,1.479870,1351.470477
72,1.470250,1360.313033
