n_threads,Time,GFLOPS
78,1.508349,1325.952840
78,1.506937,1327.195655
78,1.522943,1313.247211
78,1.505158,1328.763934
78,1.512727,1322.115725
