n_threads,Time,GFLOPS
114,1.908313,1048.046246
114,1.909684,1047.293791
114,1.934177,1034.031563
114,1.998116,1000.942918
114,1.968732,1015.882542
