n_threads,Time,GFLOPS
72,2.581451,774.758096
72,2.570043,778.197211
72,2.569743,778.288057
72,2.530758,790.277129
72,2.588365,772.688435
