n_threads,Time,GFLOPS
34,1.108252,1804.643463
34,1.109378,1802.812473
34,1.112077,1798.436771
34,1.116325,1791.593521
34,1.114148,1795.093247
