n_threads,Time,GFLOPS
110,2.936938,680.981336
110,2.915183,686.063186
110,2.944787,679.166191
110,2.881066,694.187572
110,2.892775,691.377568
