n_threads,Time,GFLOPS
46,1.022328,1956.320068
46,1.019156,1962.408603
46,1.019517,1961.713837
46,1.008610,1982.926617
46,1.038284,1926.255200
