n_threads,Time,GFLOPS
50,1.336988,1495.900217
50,1.323618,1511.010253
50,1.336185,1496.799075
50,1.304873,1532.716221
50,1.327947,1506.083842
