n_threads,Time,GFLOPS
84,2.500122,799.960902
84,2.545064,785.834977
84,2.535879,788.681294
84,2.513537,795.691453
84,2.491070,802.867686
