n_threads,Time,GFLOPS
10,4.606935,434.128102
10,4.601656,434.626168
10,4.609047,433.929210
10,4.581142,436.572389
10,4.615347,433.336851
