n_threads,Time,GFLOPS
88,2.340189,854.631877
88,2.357976,848.184973
88,2.381949,839.648402
88,2.340169,854.639249
88,2.349922,851.092208
