n_threads,Time,GFLOPS
62,0.978605,2043.726447
62,0.968768,2064.478443
62,0.981705,2037.272012
62,0.979412,2042.042304
62,0.980723,2039.311870
