n_threads,Time,GFLOPS
62,0.982439,2035.749690
62,0.980616,2039.533481
62,0.985529,2029.367202
62,0.981620,2037.448516
62,0.980577,2039.616112
