n_threads,Time,GFLOPS
38,2.261467,884.381799
38,2.277266,878.246106
38,2.280673,876.934226
38,2.271907,880.317897
38,2.277452,878.174233
