n_threads,Time,GFLOPS
66,2.769954,722.033620
66,2.978635,671.448565
66,2.818675,709.553187
66,2.820577,709.074789
66,2.749636,727.369134
