n_threads,Time,GFLOPS
30,2.250228,888.798805
30,2.244481,891.074778
30,2.255866,886.577457
30,2.313971,864.315083
30,2.272143,880.226373
