n_threads,Time,GFLOPS
112,1.725246,1159.254851
112,1.706275,1172.144194
112,1.714075,1166.810025
112,1.712238,1168.062051
112,1.706751,1171.817243
