n_threads,Time,GFLOPS
68,2.899901,689.678741
68,2.805899,712.783920
68,2.923148,684.193924
68,2.740739,729.730088
68,2.781473,719.043438
