n_threads,Time,GFLOPS
56,1.275655,1567.821557
56,1.238200,1615.247973
56,1.263252,1583.215569
56,1.262824,1583.752488
56,1.278094,1564.830091
