n_threads,Time,GFLOPS
68,1.599797,1250.158332
68,1.593811,1254.853572
68,1.597047,1252.311538
68,1.591298,1256.835468
68,1.538480,1299.984220
