n_threads,Time,GFLOPS
116,3.445750,580.425088
116,3.502915,570.953050
116,3.485365,573.827912
116,3.803707,525.802795
116,3.521735,567.901824
