n_threads,Time,GFLOPS
32,2.471409,809.254963
32,2.552692,783.486540
32,2.449067,816.637519
32,2.473389,808.607191
32,2.450155,816.274856
