n_threads,Time,GFLOPS
122,4.036217,495.513501
122,3.884767,514.831395
122,3.870324,516.752626
122,3.829799,522.220572
122,3.891761,513.906200
