n_threads,Time,GFLOPS
54,1.223149,1635.123309
54,1.182685,1691.067492
54,1.190805,1679.536432
54,1.182498,1691.335022
54,1.173090,1704.899492
