n_threads,Time,GFLOPS
82,2.057311,972.142954
82,1.996391,1001.807833
82,1.979432,1010.390862
82,1.937187,1032.424881
82,1.939182,1031.362962
