n_threads,Time,GFLOPS
36,1.166634,1714.334211
36,1.163593,1718.813431
36,1.156886,1728.778821
36,1.155806,1730.394933
36,1.164343,1717.707588
