n_threads,Time,GFLOPS
68,2.925406,683.665739
68,3.004767,665.608970
68,2.821650,708.805067
68,3.043322,657.176654
68,2.989799,668.941373
