n_threads,Time,GFLOPS
18,3.177835,629.359310
18,3.174897,629.941742
18,3.178358,629.255717
18,3.181615,628.611533
18,3.175640,629.794255
