n_threads,Time,GFLOPS
66,1.470856,1359.752267
66,1.474005,1356.847249
66,1.459048,1370.756561
66,1.479766,1351.564916
66,1.481618,1349.876004
