n_threads,Time,GFLOPS
38,1.047243,1909.777244
38,1.049230,1906.160482
38,1.048211,1908.012131
38,1.050683,1903.523505
38,1.041740,1919.865376
