n_threads,Time,GFLOPS
84,3.090656,647.111713
84,3.122643,640.483141
84,3.079777,649.397585
84,3.063677,652.810322
84,3.096383,645.914950
