n_threads,Time,GFLOPS
72,1.817230,1100.575921
72,1.835055,1089.885614
72,1.819997,1098.903026
72,1.824048,1096.462674
72,1.813221,1103.009593
