n_threads,Time,GFLOPS
124,4.226131,473.246116
124,4.252236,470.340798
124,4.235882,472.156735
124,4.264946,468.939128
124,4.109897,486.630203
