n_threads,Time,GFLOPS
48,1.157702,1727.560426
48,1.150950,1737.695364
48,1.140651,1753.384175
48,1.154364,1732.556436
48,1.146454,1744.510246
