n_threads,Time,GFLOPS
68,1.568539,1275.072188
68,1.536432,1301.717148
68,1.620008,1234.561431
68,1.606790,1244.717752
68,1.557315,1284.262002
