n_threads,Time,GFLOPS
6,8.314952,240.530563
6,8.284203,241.423351
6,8.266516,241.939902
6,8.263625,242.024522
6,8.261308,242.092416
