n_threads,Time,GFLOPS
80,2.510415,796.681074
80,2.469463,809.892790
80,2.446817,817.388511
80,2.444569,818.140066
80,2.534964,788.965846
