n_threads,Time,GFLOPS
10,2.390176,836.758369
10,2.396525,834.541512
10,2.388136,837.473272
10,2.403413,832.149795
10,2.405293,831.499570
