n_threads,Time,GFLOPS
100,2.485650,804.618454
100,2.502265,799.275840
100,2.494477,801.771152
100,2.483059,805.458062
100,2.500672,799.784956
