n_threads,Time,GFLOPS
100,1.471442,1359.211039
100,1.489569,1342.670078
100,1.485281,1346.546406
100,1.477250,1353.866537
100,1.489259,1342.949467
