n_threads,Time,GFLOPS
78,2.564473,779.887199
78,2.549667,784.416208
78,2.553655,783.191291
78,2.554369,782.972304
78,2.569218,778.447067
