n_threads,Time,GFLOPS
26,2.637709,758.233861
26,2.634532,759.147991
26,2.633835,759.349114
26,2.638170,758.101217
26,2.627625,761.143750
