n_threads,Time,GFLOPS
8,5.911021,338.351003
8,5.911771,338.308107
8,5.943625,336.494961
8,5.914191,338.169661
8,5.908405,338.500806
