n_threads,Time,GFLOPS
112,2.762364,724.017613
112,2.785065,718.116170
112,2.777501,720.071761
112,2.761416,724.266010
112,2.798299,714.719867
