n_threads,Time,GFLOPS
86,0.748773,2671.037670
86,0.761031,2628.015075
86,0.750985,2663.170793
86,0.749859,2667.168244
86,0.756149,2644.981784
