n_threads,Time,GFLOPS
86,1.957539,1021.691205
86,1.966918,1016.819252
86,1.964218,1018.216766
86,1.976695,1011.790043
86,1.986298,1006.898107
