n_threads,Time,GFLOPS
124,2.770948,721.774514
124,2.716662,736.197713
124,2.744398,728.757313
124,2.732008,732.062360
124,2.739837,729.970405
