n_threads,Time,GFLOPS
48,1.214905,1646.218712
48,1.233840,1620.955315
48,1.205046,1659.687345
48,1.225627,1631.817186
48,1.213683,1647.876335
