n_threads,Time,GFLOPS
30,2.294761,871.550272
30,2.285944,874.912233
30,2.326536,859.647262
30,2.286627,874.650803
30,2.291648,872.734477
