n_threads,Time,GFLOPS
64,1.314499,1521.492653
64,1.343124,1489.065784
64,1.328182,1505.817780
64,1.359558,1471.066589
64,1.330786,1502.871138
