n_threads,Time,GFLOPS
88,1.314389,1521.620108
88,1.308265,1528.741851
88,1.307030,1530.186181
88,1.312662,1523.621718
88,1.313693,1522.425840
