n_threads,Time,GFLOPS
42,1.177719,1698.198029
42,1.166034,1715.216401
42,1.165142,1716.529282
42,1.166852,1714.013387
42,1.174990,1702.142186
