n_threads,Time,GFLOPS
94,3.942847,507.247709
94,3.996146,500.482243
94,3.906647,511.948010
94,4.111530,486.436978
94,4.016473,497.949285
