n_threads,Time,GFLOPS
22,2.362051,846.721765
22,2.353977,849.626071
22,2.395091,835.041217
22,2.356628,848.670294
22,2.379490,840.516290
