n_threads,Time,GFLOPS
112,2.909059,687.507594
112,2.834205,705.665343
112,2.844285,703.164328
112,2.815891,710.254676
112,2.881513,694.079871
