n_threads,Time,GFLOPS
46,2.173558,920.150149
46,2.180846,917.075182
46,2.175000,919.540219
46,2.138753,935.124514
46,2.187189,914.415688
