n_threads,Time,GFLOPS
82,1.980042,1010.079341
82,1.980111,1010.044478
82,1.998615,1000.692929
82,1.945602,1027.959508
82,1.973928,1013.208315
