n_threads,Time,GFLOPS
58,1.048595,1907.314646
58,1.039472,1924.052997
58,1.046778,1910.624669
58,1.048602,1907.301575
58,1.066100,1875.996472
