n_threads,Time,GFLOPS
16,2.893643,691.170209
16,2.882235,693.905920
16,2.897897,690.155700
16,2.879805,694.491420
16,2.885230,693.185646
