n_threads,Time,GFLOPS
24,1.193364,1675.934338
24,1.195808,1672.509089
24,1.196170,1672.002885
24,1.192404,1677.284130
24,1.189303,1681.657538
