n_threads,Time,GFLOPS
100,1.458104,1371.643983
100,1.486017,1345.879285
100,1.479852,1351.486220
100,1.471065,1359.558836
100,1.467324,1363.025338
