n_threads,Time,GFLOPS
96,1.704404,1173.430920
96,1.697478,1178.218645
96,1.686282,1186.041573
96,1.762725,1134.606681
96,1.731893,1154.805898
