n_threads,Time,GFLOPS
24,2.549505,784.465922
24,2.559757,781.324196
24,2.571778,777.671986
24,2.551652,783.805824
24,2.581627,774.705257
