n_threads,Time,GFLOPS
122,2.016646,991.745839
122,1.980307,1009.944307
122,1.988637,1005.713740
122,2.035436,982.590328
122,1.989633,1005.210420
