n_threads,Time,GFLOPS
20,1.305927,1531.478806
20,1.299520,1539.029903
20,1.299141,1539.478619
20,1.306316,1531.022867
20,1.301846,1536.279774
