n_threads,Time,GFLOPS
126,2.328820,858.804101
126,2.346996,852.153171
126,2.315046,863.913739
126,2.316706,863.294647
126,2.330541,858.169847
