n_threads,Time,GFLOPS
62,2.017966,991.097118
62,2.017326,991.411442
62,2.033778,983.391586
62,2.047858,976.630174
62,2.045194,977.902395
