n_threads,Time,GFLOPS
92,2.046468,977.293333
92,2.073986,964.326496
92,2.059643,971.041903
92,2.014583,992.761048
92,2.043094,978.907510
