n_threads,Time,GFLOPS
120,1.407159,1421.303350
120,1.395089,1433.600463
120,1.370550,1459.267949
120,1.367811,1462.190125
120,1.370637,1459.175779
