n_threads,Time,GFLOPS
66,2.627228,761.258589
66,2.691089,743.193691
66,2.680104,746.239724
66,2.741496,729.528570
66,2.592825,771.359561
