n_threads,Time,GFLOPS
38,2.193908,911.615061
38,2.185371,915.176220
38,2.169408,921.910598
38,2.203741,907.547766
38,2.198043,909.900123
