n_threads,Time,GFLOPS
32,2.303406,868.279595
32,2.290947,873.001407
32,2.303266,868.332068
32,2.294793,871.538329
32,2.298249,870.227755
