n_threads,Time,GFLOPS
96,2.412087,829.157370
96,2.359594,847.603448
96,2.365110,845.626541
96,2.365993,845.310868
96,2.383583,839.072791
