n_threads,Time,GFLOPS
76,2.846800,702.543220
76,2.771809,721.550419
76,2.816147,710.190269
76,2.816421,710.121048
76,2.821040,708.958420
