n_threads,Time,GFLOPS
92,2.055305,973.091690
92,2.044169,978.392564
92,2.040176,980.307385
92,2.019666,990.262944
92,2.036295,982.175812
