n_threads,Time,GFLOPS
50,1.273202,1570.842847
50,1.294989,1544.415237
50,1.257791,1590.089716
50,1.275827,1567.610667
50,1.268601,1576.540399
