n_threads,Time,GFLOPS
6,3.734836,535.498786
6,3.732556,535.825912
6,3.732456,535.840263
6,3.712188,538.765844
6,3.735541,535.397664
