n_threads,Time,GFLOPS
34,2.403110,832.254783
34,2.395985,834.729658
34,2.406352,831.133548
34,2.406067,831.231927
34,2.392203,836.049594
