n_threads,Time,GFLOPS
116,2.532155,789.841162
116,2.520267,793.566700
116,2.550883,784.042362
116,2.526601,791.577314
116,2.553627,783.199826
