n_threads,Time,GFLOPS
76,1.821953,1097.723144
76,1.879618,1064.046146
76,1.755824,1139.066420
76,1.903297,1050.808085
76,1.841723,1085.939902
