n_threads,Time,GFLOPS
110,1.507858,1326.384957
110,1.485192,1346.627202
110,1.483886,1347.812328
110,1.472026,1358.671194
110,1.495550,1337.301100
