n_threads,Time,GFLOPS
120,2.616840,764.280688
120,2.594769,770.781403
120,2.712327,737.374165
120,2.676143,747.344217
120,2.595956,770.429085
