n_threads,Time,GFLOPS
70,1.213446,1648.198791
70,1.224796,1632.925488
70,1.219068,1640.597587
70,1.204486,1660.458894
70,1.209718,1653.277973
