n_threads,Time,GFLOPS
106,0.588357,3399.297916
106,0.582962,3430.752425
106,0.570134,3507.948467
106,0.580346,3446.220132
106,0.592451,3375.804732
