n_threads,Time,GFLOPS
14,1.803208,1109.134155
14,1.795938,1113.624095
14,1.784813,1120.565289
14,1.795360,1113.982857
14,1.792585,1115.707311
