n_threads,Time,GFLOPS
122,0.468462,4269.289144
122,0.476342,4198.667088
122,0.471714,4239.860635
122,0.472710,4230.920090
122,0.472085,4236.526790
