n_threads,Time,GFLOPS
102,2.905600,688.326058
102,2.909963,687.294007
102,2.906664,688.073920
102,2.910154,687.248786
102,2.907413,687.896751
