n_threads,Time,GFLOPS
1,22.352359,89.476016
1,22.304494,89.668028
1,22.428738,89.171313
1,22.333081,89.553252
1,22.196775,90.103180
