n_threads,Time,GFLOPS
116,3.916015,510.723287
116,3.858414,518.347700
116,3.867753,517.096154
116,3.885350,514.754177
116,4.078717,490.350304
