n_threads,Time,GFLOPS
120,1.408421,1420.029635
120,1.389076,1439.805704
120,1.381405,1447.800910
120,1.380288,1448.973312
120,1.375150,1454.386611
