n_threads,Time,GFLOPS
54,1.180947,1693.555748
54,1.181957,1692.109629
54,1.212707,1649.203457
54,1.179520,1695.605498
54,1.188502,1682.790233
