n_threads,Time,GFLOPS
22,1.326454,1507.779387
22,1.315401,1520.448655
22,1.319569,1515.646139
22,1.315527,1520.302758
22,1.317911,1517.553030
