n_threads,Time,GFLOPS
26,1.077667,1855.860046
26,1.082446,1847.667013
26,1.088105,1838.057960
26,1.074035,1862.136574
26,1.080340,1851.268803
