n_threads,Time,GFLOPS
70,2.378782,840.766292
70,2.307272,866.824546
70,2.344176,853.178172
70,2.346901,852.187733
70,2.350462,850.896577
