n_threads,Time,GFLOPS
60,2.240456,892.675376
60,2.266710,882.336180
60,2.253537,887.493943
60,2.275236,879.029604
60,2.249128,889.233544
