n_threads,Time,GFLOPS
110,2.004526,997.742202
110,1.886451,1060.191870
110,1.933502,1034.392320
110,1.767426,1131.589100
110,1.876343,1065.903016
