n_threads,Time,GFLOPS
38,1.045171,1913.562402
38,1.046318,1911.465595
38,1.048898,1906.762385
38,1.048553,1907.390641
38,1.048639,1907.234918
