n_threads,Time,GFLOPS
120,3.074887,650.430465
120,3.073038,650.821702
120,3.164528,632.005823
120,3.081381,649.059540
120,3.082863,648.747630
