n_threads,Time,GFLOPS
60,1.198655,1668.536565
60,1.188965,1682.135121
60,1.206903,1657.133762
60,1.195936,1672.330495
60,1.220177,1639.106213
