n_threads,Time,GFLOPS
108,1.357604,1473.183203
108,1.361371,1469.106796
108,1.369416,1460.476968
108,1.366599,1463.487361
108,1.357718,1473.060150
