n_threads,Time,GFLOPS
32,1.188766,1682.417152
32,1.184609,1688.320515
32,1.190956,1679.323782
32,1.188232,1683.173200
32,1.184126,1689.008925
