n_threads,Time,GFLOPS
36,2.212150,904.097920
36,2.230157,896.797892
36,2.215998,902.527720
36,2.210316,904.848008
36,2.218895,901.349565
