n_threads,Time,GFLOPS
122,2.009009,995.515637
122,2.013041,993.521798
122,2.038421,981.151808
122,2.038560,981.084796
122,2.017777,991.189999
