n_threads,Time,GFLOPS
98,2.695267,742.041544
98,2.723539,734.338717
98,2.709128,738.245029
98,2.678882,746.580026
98,2.680398,746.157719
