n_threads,Time,GFLOPS
30,1.144308,1747.780863
30,1.145169,1746.466572
30,1.150244,1738.761226
30,1.150212,1738.810206
30,1.145675,1745.695172
