n_threads,Time,GFLOPS
20,2.562906,780.364097
20,2.562401,780.517886
20,2.573106,777.270858
20,2.563970,780.040475
20,2.566173,779.370761
