n_threads,Time,GFLOPS
12,4.151300,481.776800
12,4.172568,479.321138
12,4.177964,478.702095
12,4.151958,481.700440
12,4.181691,478.275405
