n_threads,Time,GFLOPS
32,2.331247,857.909830
32,2.315560,863.721853
32,2.316352,863.426546
32,2.319548,862.237043
32,2.301791,868.888765
