n_threads,Time,GFLOPS
48,2.393252,835.683055
48,2.384561,838.728918
48,2.430652,822.824497
48,2.385905,838.256285
48,2.411734,829.278977
