n_threads,Time,GFLOPS
36,1.166312,1714.806991
36,1.157931,1727.218961
36,1.162508,1720.418410
36,1.169853,1709.616924
36,1.154563,1732.256991
