n_threads,Time,GFLOPS
86,2.719928,735.313619
86,2.879085,694.665216
86,2.892078,691.544329
86,2.818077,709.703691
86,2.611670,765.793492
