n_threads,Time,GFLOPS
88,2.918940,685.180134
88,2.945805,678.931653
88,2.895409,690.748605
88,2.838070,704.704349
88,2.935692,681.270266
