n_threads,Time,GFLOPS
74,0.872699,2291.741734
74,0.872658,2291.849454
74,0.872397,2292.535194
74,0.879278,2274.592915
74,0.879718,2273.455913
