n_threads,Time,GFLOPS
90,1.601890,1248.524865
90,1.713355,1167.300570
90,1.767496,1131.543996
90,1.706545,1171.958406
90,1.764483,1133.476566
