n_threads,Time,GFLOPS
90,1.147369,1743.117993
90,1.142478,1750.580012
90,1.139382,1755.337007
90,1.149670,1739.629922
90,1.148777,1740.982386
