n_threads,Time,GFLOPS
114,3.220604,621.001533
114,3.165183,631.875031
114,3.193587,626.255113
114,3.184949,627.953444
114,3.167667,631.379426
