n_threads,Time,GFLOPS
52,2.513547,795.688309
52,2.524935,792.099499
52,2.525569,791.900898
52,2.527667,791.243576
52,2.518150,794.233792
