n_threads,Time,GFLOPS
24,2.585730,773.475885
24,2.515459,795.083537
24,2.496095,801.251464
24,2.561743,780.718503
24,2.492533,802.396585
