n_threads,Time,GFLOPS
56,2.399607,833.469690
56,2.477778,807.174658
56,2.412878,828.885752
56,2.476064,807.733409
56,2.455265,814.576167
