n_threads,Time,GFLOPS
18,1.424985,1403.523263
18,1.415724,1412.704955
18,1.415116,1413.311746
18,1.412949,1415.478984
18,1.411471,1416.961208
