n_threads,Time,GFLOPS
26,2.648837,755.048211
26,2.647514,755.425595
26,2.640409,757.458394
26,2.645737,755.932941
26,2.645245,756.073590
