n_threads,Time,GFLOPS
44,1.302323,1535.717193
44,1.298820,1539.859067
44,1.321702,1513.200254
44,1.331275,1502.319426
44,1.348715,1482.892818
