n_threads,Time,GFLOPS
44,1.340353,1492.144284
44,1.333310,1500.026020
44,1.301991,1536.108570
44,1.309430,1527.381812
44,1.315230,1520.646025
