n_threads,Time,GFLOPS
60,2.253093,887.668581
60,2.283627,875.799673
60,2.229428,897.091139
60,2.230489,896.664360
60,2.243640,891.408435
