n_threads,Time,GFLOPS
18,3.201624,624.682907
18,3.213132,622.445575
18,3.197933,625.403897
18,3.201172,624.771088
18,3.195121,625.954399
