n_threads,Time,GFLOPS
8,2.768913,722.305058
8,2.747912,727.825238
8,2.745444,728.479616
8,2.742615,729.230990
8,2.758704,724.978218
