n_threads,Time,GFLOPS
94,0.685764,2916.453531
94,0.708009,2824.822928
94,0.710328,2815.601921
94,0.701656,2850.399906
94,0.686528,2913.210146
