n_threads,Time,GFLOPS
82,4.190666,477.251103
82,3.836623,521.291809
82,3.847963,519.755498
82,3.870953,516.668570
82,3.810504,524.865014
