n_threads,Time,GFLOPS
94,2.750541,727.129668
94,2.765355,723.234493
94,2.677472,746.973159
94,2.787702,717.436679
94,2.750927,727.027566
