n_threads,Time,GFLOPS
6,7.677929,260.486919
6,7.483593,267.251295
6,7.497528,266.754580
6,7.458373,268.155001
6,7.457460,268.187838
