n_threads,Time,GFLOPS
20,2.608397,766.754381
20,2.644337,756.333235
20,2.613668,765.208003
20,2.595788,770.479081
20,2.609152,766.532719
