n_threads,Time,GFLOPS
4,5.461810,366.178979
4,5.462746,366.116208
4,5.438530,367.746418
4,5.456908,366.507888
4,5.435265,367.967363
