n_threads,Time,GFLOPS
90,2.242982,891.670115
90,2.260775,884.652506
90,2.258041,885.723597
90,2.238698,893.376297
90,2.241674,892.190361
