n_threads,Time,GFLOPS
106,0.578561,3456.850287
106,0.567816,3522.267485
106,0.579298,3452.457067
106,0.573321,3488.449107
106,0.577948,3460.521490
