n_threads,Time,GFLOPS
104,1.714844,1166.287100
104,1.759122,1136.930697
104,1.713742,1167.037135
104,1.743709,1146.980508
104,1.840822,1086.470948
