n_threads,Time,GFLOPS
118,0.495274,4038.168902
118,0.489427,4086.414066
118,0.488593,4093.382758
118,0.491911,4065.779978
118,0.496957,4024.490870
