n_threads,Time,GFLOPS
104,2.375462,841.941649
104,2.387378,837.739106
104,2.375277,842.007141
104,2.453728,815.086116
104,2.374057,842.439605
