n_threads,Time,GFLOPS
14,3.958845,505.197843
14,3.967783,504.059878
14,3.962004,504.795056
14,3.972490,503.462580
14,3.968177,504.009807
