n_threads,Time,GFLOPS
14,3.956703,505.471322
14,3.956467,505.501469
14,3.945616,506.891709
14,3.940417,507.560433
14,3.927238,509.263803
