n_threads,Time,GFLOPS
114,1.993868,1003.075366
114,1.980719,1009.734193
114,2.011808,994.130548
114,2.003320,998.342661
114,1.984868,1007.623475
