n_threads,Time,GFLOPS
124,2.409116,830.179943
124,2.521257,793.254956
124,2.168703,922.210083
124,2.338264,855.335233
124,2.345496,852.698001
