n_threads,Time,GFLOPS
90,2.232290,895.940902
90,2.247283,889.963539
90,2.241106,892.416438
90,2.238459,893.471760
90,2.246513,890.268532
