n_threads,Time,GFLOPS
80,1.386499,1442.481779
80,1.393221,1435.522709
80,1.401990,1426.543608
80,1.405147,1423.338852
80,1.406072,1422.402057
