n_threads,Time,GFLOPS
40,1.212897,1648.944264
40,1.191739,1678.220031
40,1.191386,1678.717690
40,1.189664,1681.147582
40,1.195748,1672.592780
