n_threads,Time,GFLOPS
64,2.516727,794.683092
64,2.491781,802.638674
64,2.518063,794.261286
64,2.511577,796.312547
64,2.500762,799.756271
