n_threads,Time,GFLOPS
4,11.764365,170.004921
4,11.799333,169.501108
4,11.825237,169.129808
4,11.829539,169.068297
4,11.792475,169.599678
