n_threads,Time,GFLOPS
68,2.716907,736.131182
68,2.742223,729.335395
68,2.789498,716.974979
68,2.774835,720.763629
68,2.747681,727.886493
