n_threads,Time,GFLOPS
88,1.303685,1534.113320
88,1.306621,1530.666290
88,1.319002,1516.298094
88,1.295550,1543.746148
88,1.302165,1535.904179
