n_threads,Time,GFLOPS
108,2.563808,780.089644
108,2.462614,812.145122
108,2.479806,806.514679
108,2.448256,816.907903
108,2.502479,799.207653
