n_threads,Time,GFLOPS
28,1.176891,1699.393121
28,1.175033,1702.080056
28,1.175024,1702.092218
28,1.172802,1705.318293
28,1.168393,1711.752160
