n_threads,Time,GFLOPS
92,3.576255,559.244251
92,3.525112,567.357827
92,3.370185,593.439305
92,3.462803,577.566752
92,3.609257,554.130742
