n_threads,Time,GFLOPS
40,1.187323,1684.461485
40,1.203359,1662.013828
40,1.193621,1675.574029
40,1.192355,1677.352883
40,1.205392,1659.210626
