n_threads,Time,GFLOPS
2,22.203117,90.077441
2,22.294186,89.709489
2,22.154291,90.275965
2,22.463848,89.031941
2,22.149141,90.296954
