n_threads,Time,GFLOPS
86,3.890976,514.009841
86,4.193336,476.947228
86,3.888928,514.280544
86,3.880409,515.409652
86,3.944061,507.091528
