n_threads,Time,GFLOPS
80,1.825769,1095.428896
80,1.771830,1128.776526
80,1.830615,1092.528735
80,1.855884,1077.653362
80,1.755947,1138.986428
