n_threads,Time,GFLOPS
1,45.048386,44.396707
1,45.009361,44.435201
1,45.000585,44.443867
1,45.113193,44.332929
1,45.230379,44.218069
