n_threads,Time,GFLOPS
42,1.294774,1544.670560
42,1.282799,1559.090205
42,1.290891,1549.317713
42,1.298057,1540.763837
42,1.322201,1512.629432
