n_threads,Time,GFLOPS
90,2.831208,706.412332
90,2.836331,705.136293
90,2.875185,695.607501
90,2.858739,699.609256
90,2.814480,710.610851
