n_threads,Time,GFLOPS
52,1.377340,1452.074793
52,1.393298,1435.443172
52,1.366354,1463.749687
52,1.379645,1449.648748
52,1.437394,1391.407235
