n_threads,Time,GFLOPS
116,2.491259,802.806840
116,2.536533,788.477876
116,2.551702,783.790631
116,2.503712,798.813933
116,2.548157,784.881060
