n_threads,Time,GFLOPS
112,2.787028,717.610348
112,2.779631,719.519883
112,2.752655,726.571354
112,2.772452,721.383006
112,2.770239,721.959406
