n_threads,Time,GFLOPS
124,3.582518,558.266517
124,3.686500,542.519933
124,3.557937,562.123500
124,3.560686,561.689457
124,3.455605,578.769870
