n_threads,Time,GFLOPS
104,1.277679,1565.337803
104,1.287352,1553.576422
104,1.262694,1583.915392
104,1.278540,1564.284498
104,1.260192,1587.059158
