n_threads,Time,GFLOPS
42,2.442936,818.687104
42,2.461084,812.650126
42,2.474018,808.401614
42,2.418413,826.988474
42,2.426197,824.335355
