n_threads,Time,GFLOPS
128,3.147973,635.329496
128,3.112368,642.597628
128,3.099002,645.369124
128,3.080556,649.233411
128,3.136852,637.581850
