n_threads,Time,GFLOPS
122,0.475615,4205.082089
122,0.480141,4165.447258
122,0.481795,4151.139545
122,0.477945,4184.584193
122,0.477241,4190.754837
