n_threads,Time,GFLOPS
108,1.868988,1070.097954
108,1.706899,1171.715403
108,1.755534,1139.254609
108,1.733683,1153.613744
108,1.797405,1112.715131
