n_threads,Time,GFLOPS
2,10.617844,188.362149
2,10.614411,188.423087
2,10.645805,187.867433
2,10.613045,188.447331
2,10.617683,188.365007
