n_threads,Time,GFLOPS
16,3.128434,639.297527
16,3.091144,647.009555
16,3.112131,642.646432
16,3.107455,643.613459
16,3.121504,640.716722
