n_threads,Time,GFLOPS
24,1.191035,1679.211816
24,1.189286,1681.680859
24,1.188372,1682.975024
24,1.184410,1688.605116
24,1.189324,1681.627498
