n_threads,Time,GFLOPS
74,0.871676,2294.429726
74,0.879757,2273.354677
74,0.872423,2292.466803
74,0.870401,2297.791729
74,0.882490,2266.315061
