n_threads,Time,GFLOPS
22,2.838122,704.691297
22,2.826334,707.630439
22,2.826206,707.662560
22,2.831924,706.233548
22,2.825557,707.824919
