n_threads,Time,GFLOPS
22,2.855680,700.358680
22,2.871575,696.481945
22,2.874903,695.675722
22,2.864556,698.188526
22,2.873246,696.076748
