n_threads,Time,GFLOPS
102,2.872397,696.282541
102,2.908796,687.569633
102,2.900642,689.502597
102,2.901342,689.336178
102,2.911509,686.928993
