n_threads,Time,GFLOPS
102,1.843232,1085.050654
102,1.841619,1086.000721
102,1.864926,1072.428579
102,1.830208,1092.772195
102,1.853397,1079.099454
