n_threads,Time,GFLOPS
128,1.838315,1087.952720
128,1.828514,1093.784505
128,1.828217,1093.961783
128,1.818973,1099.521251
128,1.815007,1101.924147
