n_threads,Time,GFLOPS
118,2.011835,994.117263
118,2.009747,995.149987
118,1.966753,1016.904745
118,1.998684,1000.658246
118,2.005917,997.050039
