n_threads,Time,GFLOPS
106,2.029868,985.285617
106,1.992328,1003.850550
106,2.014426,992.838571
106,2.013202,993.442049
106,2.075938,963.419993
