n_threads,Time,GFLOPS
50,2.376639,841.524432
50,2.363181,846.316848
50,2.371492,843.350921
50,2.369804,843.951787
50,2.425048,824.726034
