n_threads,Time,GFLOPS
74,2.001528,999.236376
74,2.023867,988.207218
74,1.976076,1012.106990
74,1.994072,1002.972567
74,1.968503,1016.000410
