n_threads,Time,GFLOPS
108,2.461231,812.601451
108,2.485880,804.544195
108,2.458678,813.445161
108,2.450045,816.311396
108,2.467164,810.647219
