n_threads,Time,GFLOPS
78,2.578116,775.760172
78,2.588677,772.595418
78,2.576173,776.345442
78,2.547669,785.031480
78,2.659908,751.905734
