n_threads,Time,GFLOPS
126,0.882718,2265.728122
126,0.901999,2217.298039
126,0.912982,2190.623976
126,0.895797,2232.648046
126,0.921111,2171.291657
