n_threads,Time,GFLOPS
94,1.963389,1018.646857
94,2.007845,996.093063
94,1.978386,1010.924917
94,2.008451,995.792078
94,1.981997,1009.083238
