n_threads,Time,GFLOPS
84,1.515719,1319.506192
84,1.513924,1321.070527
84,1.525527,1311.021966
84,1.517894,1317.614752
84,1.505873,1328.132967
