n_threads,Time,GFLOPS
90,1.136101,1760.407223
90,1.132222,1766.437670
90,1.131507,1767.554988
90,1.122234,1782.159747
90,1.132194,1766.482467
