n_threads,Time,GFLOPS
74,2.745981,728.337150
74,2.766322,722.981700
74,2.696822,741.613701
74,2.674552,747.788717
74,2.579127,775.456053
