n_threads,Time,GFLOPS
126,3.111527,642.771289
126,3.244953,616.341832
126,3.025358,661.078885
126,3.141153,636.708945
126,3.266156,612.340656
