n_threads,Time,GFLOPS
36,2.247560,889.853980
36,2.248048,889.660907
36,2.219610,901.059319
36,2.258437,885.568290
36,2.226851,898.129180
