n_threads,Time,GFLOPS
42,2.235341,894.718047
42,2.237510,893.850666
42,2.242432,891.888838
42,2.233151,895.595656
42,2.230858,896.516014
