n_threads,Time,GFLOPS
34,1.107232,1806.306636
34,1.107174,1806.400980
34,1.102536,1813.999644
34,1.106247,1807.915279
34,1.107204,1806.352118
