n_threads,Time,GFLOPS
100,2.487535,804.008671
100,2.462764,812.095753
100,2.482793,805.544512
100,2.486254,804.423136
100,2.498237,800.564486
