n_threads,Time,GFLOPS
102,1.875746,1066.242212
102,1.859504,1075.555884
102,1.865132,1072.310092
102,1.866806,1071.348373
102,1.867276,1071.078655
