n_threads,Time,GFLOPS
80,2.840229,704.168595
80,2.904445,688.599684
80,2.969197,673.582714
80,2.944680,679.190878
80,2.932650,681.977092
