n_threads,Time,GFLOPS
124,3.945517,506.904450
124,3.932579,508.572111
124,3.951862,506.090568
124,3.978044,502.759647
124,3.985900,501.768700
