n_threads,Time,GFLOPS
102,1.676790,1192.755031
102,1.718971,1163.486690
102,1.648177,1213.461978
102,1.746017,1145.463895
102,1.656666,1207.244180
