n_threads,Time,GFLOPS
36,3.498621,571.653780
36,3.525605,567.278569
36,3.522396,567.795337
36,3.546483,563.938945
36,3.541409,564.746935
