n_threads,Time,GFLOPS
68,3.723493,537.130038
68,3.698112,540.816449
68,3.717288,538.026660
68,3.725740,536.806175
68,3.715157,538.335243
