n_threads,Time,GFLOPS
64,1.565569,1277.490729
64,1.584354,1262.343763
64,1.573972,1270.670249
64,1.550857,1289.609236
64,1.576565,1268.580845
