n_threads,Time,GFLOPS
110,1.396560,1432.090611
110,1.419734,1408.714981
110,1.422740,1405.738453
110,1.441545,1387.399954
110,1.420432,1408.022566
