n_threads,Time,GFLOPS
38,1.694932,1179.988143
38,1.757547,1137.949371
38,1.762100,1135.009583
38,1.714433,1166.566483
38,1.737151,1151.310439
