n_threads,Time,GFLOPS
46,1.495143,1337.664968
46,1.490122,1342.171686
46,1.511610,1323.092643
46,1.494579,1338.169113
46,1.489585,1342.655711
