n_threads,Time,GFLOPS
100,3.620325,552.436637
100,3.617213,552.911914
100,3.605734,554.672137
100,3.602433,555.180396
100,3.603006,555.091996
