n_threads,Time,GFLOPS
126,1.677775,1192.054910
126,1.687898,1184.906070
126,1.669208,1198.173136
126,1.715485,1165.851238
126,1.714965,1166.204663
