n_threads,Time,GFLOPS
16,2.604187,767.994001
16,2.579758,775.266551
16,2.594419,770.885652
16,2.561832,780.691263
16,2.580651,774.998112
