n_threads,Time,GFLOPS
16,3.864012,517.596750
16,3.856079,518.661582
16,3.871956,516.534787
16,3.857731,518.439413
16,3.867726,517.099698
