n_threads,Time,GFLOPS
70,1.630589,1226.550533
70,1.631080,1226.181502
70,1.627540,1228.848341
70,1.637202,1221.596410
70,1.627241,1229.074365
