n_threads,Time,GFLOPS
34,3.291057,607.707554
34,3.287137,608.432116
34,3.275083,610.671628
34,3.263971,612.750516
34,3.284708,608.882067
