n_threads,Time,GFLOPS
10,3.872824,516.419056
10,3.930288,508.868598
10,3.871436,516.604238
10,3.893577,513.666544
10,3.904298,512.255990
