n_threads,Time,GFLOPS
128,1.305814,1531.611629
128,1.288488,1552.207259
128,1.325369,1509.013995
128,1.262957,1583.585399
128,1.351751,1479.562371
