n_threads,Time,GFLOPS
50,1.496458,1336.488860
50,1.496908,1336.087633
50,1.493987,1338.699517
50,1.488213,1343.893794
50,1.479766,1351.565480
