n_threads,Time,GFLOPS
122,1.377919,1451.464157
122,1.403879,1424.624314
122,1.404469,1424.025533
122,1.416856,1411.576465
122,1.421259,1407.203000
