n_threads,Time,GFLOPS
34,1.649778,1212.284174
34,1.703404,1174.119859
34,1.695842,1179.355022
34,1.706663,1171.877749
34,1.683611,1187.923038
