n_threads,Time,GFLOPS
82,1.572305,1272.017870
82,1.573522,1271.033914
82,1.553698,1287.251593
82,1.578059,1267.379609
82,1.556549,1284.893671
