n_threads,Time,GFLOPS
32,1.638556,1220.586871
32,1.689176,1184.009401
32,1.634759,1223.421755
32,1.650244,1211.941740
32,1.678424,1191.594228
