n_threads,Time,GFLOPS
22,2.072977,964.796226
22,2.115996,945.181162
22,2.120258,943.281582
22,2.079452,961.791912
22,2.103055,950.997604
