n_threads,Time,GFLOPS
26,1.844050,1084.569260
26,1.809524,1105.262840
26,1.839688,1087.140602
26,1.828023,1094.077856
26,1.851147,1080.411060
