n_threads,Time,GFLOPS
48,1.606298,1245.098794
48,1.617530,1236.453288
48,1.612346,1240.428277
48,1.629150,1227.633816
48,1.620183,1234.428457
