n_threads,Time,GFLOPS
102,3.935162,508.238275
102,3.778110,529.365250
102,3.942081,507.346288
102,3.851718,519.248839
102,3.958971,505.181831
