n_threads,Time,GFLOPS
50,3.478516,574.957789
50,3.450321,579.656147
50,3.478254,575.001078
50,3.437650,581.792854
50,3.415788,585.516455
