n_threads,Time,GFLOPS
58,3.331816,600.273242
58,3.329726,600.650066
58,3.324442,601.604660
58,3.298928,606.257492
58,3.323419,601.789821
