n_threads,Time,GFLOPS
28,3.410962,586.344919
28,3.472425,575.966289
28,3.545359,564.117723
28,3.435285,582.193378
28,3.429145,583.235713
