n_threads,Time,GFLOPS
100,1.633681,1224.229301
100,1.627847,1228.616623
100,1.637977,1221.018019
100,1.640774,1218.937054
100,1.637161,1221.626649
