n_threads,Time,GFLOPS
42,3.256966,614.068399
42,3.218641,621.380307
42,3.260100,613.478039
42,3.258608,613.759062
42,3.218182,621.468988
