n_threads,Time,GFLOPS
24,3.672188,544.634375
24,3.507116,570.269189
24,3.571005,560.066419
24,3.516155,568.803164
24,3.567493,560.617808
