n_threads,Time,GFLOPS
10,4.746985,421.320088
10,4.760141,420.155614
10,4.755029,420.607311
10,4.768500,419.419097
10,4.762262,419.968489
