n_threads,Time,GFLOPS
8,5.949203,336.179466
8,5.947004,336.303801
8,5.976049,334.669273
8,5.940303,336.683149
8,5.960886,335.520598
