n_threads,Time,GFLOPS
48,1.494916,1337.867922
48,1.483543,1348.123638
48,1.502032,1331.529459
48,1.493342,1339.278326
48,1.502153,1331.422161
