n_threads,Time,GFLOPS
48,3.414351,585.762920
48,3.417881,585.157937
48,3.417166,585.280375
48,3.402656,587.776107
48,3.411919,586.180330
