n_threads,Time,GFLOPS
108,3.680593,543.390656
108,3.684552,542.806835
108,3.687629,542.353913
108,3.696310,541.080116
108,3.685474,542.671081
