n_threads,Time,GFLOPS
62,3.210123,623.029123
62,3.191680,626.629250
62,3.209209,623.206534
62,3.202982,624.418123
62,3.211447,622.772146
