n_threads,Time,GFLOPS
64,3.756910,532.352438
64,3.752034,533.044257
64,3.719006,537.778088
64,3.763509,531.418926
64,3.784250,528.506255
