n_threads,Time,GFLOPS
88,3.550960,563.227910
88,3.550858,563.244103
88,3.545539,564.089067
88,3.544821,564.203372
88,3.540719,564.857101
