n_threads,Time,GFLOPS
36,1.728137,1157.315645
36,1.708958,1170.304060
36,1.755382,1139.353184
36,1.732276,1154.550468
36,1.723475,1160.445859
