n_threads,Time,GFLOPS
70,3.336023,599.516258
70,3.297821,606.461081
70,3.336231,599.478793
70,3.330404,600.527774
70,3.347024,597.545690
