n_threads,Time,GFLOPS
62,3.169699,630.974640
62,3.180077,628.915492
62,3.196512,625.681957
62,3.191724,626.620539
62,3.177583,629.409147
