n_threads,Time,GFLOPS
14,3.612792,553.588422
14,3.612682,553.605376
14,3.616069,553.086829
14,3.611104,553.847169
14,3.620011,552.484465
