n_threads,Time,GFLOPS
30,3.352347,596.596915
30,3.345652,597.790821
30,3.337189,599.306695
30,3.348901,597.210859
30,3.320621,602.296954
