n_threads,Time,GFLOPS
106,3.396889,588.773957
106,3.504883,570.632488
106,3.393506,589.360900
106,3.456806,578.568738
106,3.505876,570.470846
