n_threads,Time,GFLOPS
48,3.386483,590.583172
48,3.350964,596.843185
48,3.391339,589.737488
48,3.363323,594.650064
48,3.371912,593.135301
