n_threads,Time,GFLOPS
40,1.541042,1297.823019
40,1.518840,1316.794327
40,1.542912,1296.250181
40,1.514957,1320.169734
40,1.534259,1303.561089
