n_threads,Time,GFLOPS
120,1.658355,1206.014325
120,1.639795,1219.664359
120,1.680909,1189.832625
120,1.668166,1198.921805
120,1.641622,1218.307316
