n_threads,Time,GFLOPS
104,1.452308,1377.118129
104,1.449075,1380.190752
104,1.486103,1345.801858
104,1.446756,1382.402640
104,1.442075,1386.890153
