n_threads,Time,GFLOPS
74,3.634836,550.231090
74,3.590632,557.005074
74,3.605856,554.653355
74,3.519680,568.233498
74,3.533348,566.035446
