n_threads,Time,GFLOPS
54,1.527939,1308.953093
54,1.529485,1307.629473
54,1.534236,1303.580023
54,1.531536,1305.878417
54,1.542362,1296.712558
