n_threads,Time,GFLOPS
20,3.725575,536.829834
20,3.724664,536.961223
20,3.738697,534.945774
20,3.732068,535.895944
20,3.712858,538.668597
