n_threads,Time,GFLOPS
112,3.712176,538.767531
112,3.703246,540.066809
112,3.715914,538.225595
112,3.724537,536.979563
112,3.729604,536.249949
