n_threads,Time,GFLOPS
78,3.323738,601.732057
78,3.319202,602.554547
78,3.335611,599.590285
78,3.313976,603.504620
78,3.318332,602.712465
