n_threads,Time,GFLOPS
56,1.536713,1301.479228
56,1.532015,1305.470038
56,1.529230,1307.847882
56,1.533272,1304.400412
56,1.534800,1303.101129
