n_threads,Time,GFLOPS
28,1.697034,1178.526862
28,1.732677,1154.283374
28,1.686197,1186.101165
28,1.699432,1176.863650
28,1.728107,1157.335414
