n_threads,Time,GFLOPS
106,3.540524,564.888178
106,3.515353,568.932871
106,3.517829,568.532438
106,3.452750,579.248436
106,3.419630,584.858626
