n_threads,Time,GFLOPS
4,11.834084,169.003359
4,11.914573,167.861657
4,11.923900,167.730354
4,11.959861,167.226024
4,11.928460,167.666243
