n_threads,Time,GFLOPS
52,3.443027,580.884159
52,3.444144,580.695823
52,3.453998,579.039207
52,3.455241,578.830802
52,3.435099,582.224806
