n_threads,Time,GFLOPS
54,3.190437,626.873367
54,3.178779,629.172332
54,3.187131,627.523548
54,3.207284,623.580587
54,3.175065,629.908298
