n_threads,Time,GFLOPS
8,4.894147,408.651434
8,4.883601,409.533843
8,4.797461,416.887145
8,4.808447,415.934731
8,4.918770,406.605699
