n_threads,Time,GFLOPS
116,1.542929,1296.236074
116,1.490463,1341.864622
116,1.573296,1271.216555
116,1.603624,1247.175484
116,1.554380,1286.686524
