n_threads,Time,GFLOPS
6,7.435958,268.963318
6,7.436987,268.926111
6,7.436772,268.933903
6,7.452490,268.366698
6,7.437190,268.918760
