n_threads,Time,GFLOPS
22,3.260953,613.317644
22,3.255002,614.439012
22,3.236070,618.033641
22,3.284087,608.997277
22,3.257342,613.997524
