n_threads,Time,GFLOPS
124,3.835042,521.506659
124,3.810405,524.878619
124,3.811539,524.722456
124,3.837411,521.184762
124,3.827834,522.488653
