n_threads,Time,GFLOPS
26,3.450410,579.641235
26,3.443276,580.842124
26,3.433563,582.485369
26,3.444329,580.664568
26,3.432673,582.636256
