n_threads,Time,GFLOPS
52,1.560653,1281.514516
52,1.552995,1287.834035
52,1.556629,1284.827863
52,1.562413,1280.071459
52,1.570375,1273.581165
