n_threads,Time,GFLOPS
22,3.574355,559.541474
22,3.567167,560.668995
22,3.567473,560.620945
22,3.558194,562.082923
22,3.569748,560.263675
