n_threads,Time,GFLOPS
80,3.641502,549.223953
80,3.657943,546.755302
80,3.675950,544.076979
80,3.689980,542.008328
80,3.665016,545.700226
