n_threads,Time,GFLOPS
76,1.544845,1294.628527
76,1.585379,1261.527994
76,1.549117,1291.058252
76,1.542851,1296.301264
76,1.571456,1272.705293
