n_threads,Time,GFLOPS
60,1.542304,1296.761544
60,1.544119,1295.237121
60,1.546737,1293.044281
60,1.533459,1304.240527
60,1.546890,1292.916487
