n_threads,Time,GFLOPS
2,16.308893,122.632481
2,16.146122,123.868753
2,16.199530,123.460374
2,16.252772,123.055934
2,16.176215,123.638318
