n_threads,Time,GFLOPS
22,3.508501,570.044048
22,3.509720,569.846106
22,3.513570,569.221658
22,3.531986,566.253654
22,3.522679,567.749671
