n_threads,Time,GFLOPS
122,4.050856,493.722801
122,4.065479,491.946913
122,3.907211,511.874081
122,3.867470,517.133926
122,3.960153,505.030971
