n_threads,Time,GFLOPS
64,1.552758,1288.030322
64,1.574208,1270.480222
64,1.553550,1287.373905
64,1.551308,1289.234921
64,1.566615,1276.637521
