n_threads,Time,GFLOPS
88,1.725436,1159.127527
88,1.722946,1160.802235
88,1.706764,1171.808371
88,1.701353,1175.535225
88,1.727783,1157.552562
