n_threads,Time,GFLOPS
20,3.706164,539.641546
20,3.695391,541.214772
20,3.683849,542.910346
20,3.689851,542.027362
20,3.692790,541.595930
