n_threads,Time,GFLOPS
96,1.460611,1369.290188
96,1.457698,1372.026731
96,1.452778,1376.673261
96,1.466005,1364.251365
96,1.464329,1365.812873
