n_threads,Time,GFLOPS
54,3.437358,581.842150
54,3.431485,582.837983
54,3.438793,581.599334
54,3.432727,582.627178
54,3.414254,585.779567
