n_threads,Time,GFLOPS
102,1.437578,1391.229225
102,1.504752,1329.122963
102,1.525021,1311.457500
102,1.468866,1361.594362
102,1.455951,1373.672957
