n_threads,Time,GFLOPS
118,1.370264,1459.572988
118,1.387042,1441.917054
118,1.351522,1479.812918
118,1.359893,1470.703946
118,1.378221,1451.146342
