n_threads,Time,GFLOPS
4,11.232868,178.048922
4,11.246157,177.838530
4,11.264811,177.544041
4,11.228397,178.119810
4,11.213893,178.350188
