n_threads,Time,GFLOPS
46,1.650650,1211.643812
46,1.662032,1203.346311
46,1.657302,1206.780596
46,1.674561,1194.343112
46,1.668448,1198.718584
