n_threads,Time,GFLOPS
42,3.243287,616.658435
42,3.232337,618.747330
42,3.234324,618.367307
42,3.250430,615.303247
42,3.249330,615.511513
