n_threads,Time,GFLOPS
72,1.831609,1091.936092
72,1.815660,1101.527565
72,1.800808,1110.612772
72,1.819882,1098.972632
72,1.809396,1105.341048
