n_threads,Time,GFLOPS
34,3.361938,594.894956
34,3.349463,597.110679
34,3.340866,598.647246
34,3.386164,590.638867
34,3.350570,596.913383
