n_threads,Time,GFLOPS
56,1.485839,1346.040932
56,1.490557,1341.779895
56,1.492664,1339.886019
56,1.494585,1338.164027
56,1.487321,1344.699253
