n_threads,Time,GFLOPS
12,4.164692,480.227636
12,4.163313,480.386646
12,4.156112,481.218964
12,4.201270,476.046507
12,4.187989,477.556219
