n_threads,Time,GFLOPS
70,3.277436,610.233061
70,3.236721,617.909288
70,3.224310,620.287791
70,3.261898,613.139921
70,3.267987,611.997548
