n_threads,Time,GFLOPS
26,1.807162,1106.707929
26,1.819282,1099.334752
26,1.825582,1095.541321
26,1.797968,1112.366615
26,1.835366,1089.700666
