n_threads,Time,GFLOPS
18,2.255440,886.745079
18,2.266024,882.603277
18,2.240060,892.833107
18,2.225636,898.619366
18,2.238583,893.422129
