n_threads,Time,GFLOPS
14,2.915948,685.883225
14,2.946658,678.734994
14,2.911020,687.044439
14,2.907515,687.872551
14,2.921812,684.506682
