n_threads,Time,GFLOPS
92,3.590771,556.983434
92,3.577074,559.116181
92,3.587710,557.458707
92,3.590026,557.099087
92,3.593882,556.501347
