n_threads,Time,GFLOPS
110,3.550991,563.223048
110,3.452939,579.216690
110,3.486506,573.640260
110,3.470213,576.333510
110,3.423308,584.230228
