n_threads,Time,GFLOPS
72,3.468329,576.646602
72,3.486289,573.675874
72,3.491635,572.797501
72,3.569728,560.266797
72,3.527384,566.992469
