n_threads,Time,GFLOPS
26,3.392930,589.461043
26,3.385920,590.681406
26,3.320296,602.355860
26,3.332319,600.182622
26,3.354834,596.154598
