n_threads,Time,GFLOPS
122,1.421063,1407.397098
122,1.364644,1465.584178
122,1.419843,1408.606545
122,1.436629,1392.147841
122,1.423250,1405.234217
