n_threads,Time,GFLOPS
124,1.671993,1196.176957
124,1.599641,1250.280528
124,1.771335,1129.092139
124,1.727412,1157.801067
124,1.564703,1278.197796
