n_threads,Time,GFLOPS
64,3.496664,571.973672
64,3.474501,575.622196
64,3.457755,578.409971
64,3.476791,575.243102
64,3.467584,576.770451
