n_threads,Time,GFLOPS
104,3.668725,545.148498
104,3.664342,545.800573
104,3.660824,546.325024
104,3.662844,546.023763
104,3.674101,544.350876
