n_threads,Time,GFLOPS
108,3.849974,519.483984
108,3.827560,522.526044
108,3.818668,523.742834
108,3.840496,520.766021
108,3.834296,521.608071
