n_threads,Time,GFLOPS
44,3.397464,588.674462
44,3.408547,586.760330
44,3.397490,588.669839
44,3.398646,588.469654
44,3.400703,588.113744
