n_threads,Time,GFLOPS
20,2.083100,960.107688
20,2.143296,933.142366
20,2.097926,953.322642
20,2.085896,958.820366
20,2.070816,965.802803
