n_threads,Time,GFLOPS
12,3.076689,650.049440
12,3.108324,643.433569
12,3.111137,642.851701
12,3.125985,639.798388
12,3.123429,640.321826
