n_threads,Time,GFLOPS
1,31.542020,63.407481
1,31.834738,62.824452
1,31.848963,62.796393
1,31.938040,62.621251
1,31.763107,62.966131
