n_threads,Time,GFLOPS
106,1.487469,1344.565931
106,1.494053,1338.640576
106,1.479520,1351.789941
106,1.509889,1324.600676
106,1.483347,1348.302236
