n_threads,Time,GFLOPS
84,1.523534,1312.737712
84,1.470640,1359.952450
84,1.483303,1348.342031
84,1.491715,1340.738366
84,1.491852,1340.615510
