n_threads,Time,GFLOPS
48,3.419469,584.886216
48,3.414839,585.679110
48,3.400726,588.109644
48,3.422185,584.421890
48,3.412785,586.031636
