n_threads,Time,GFLOPS
74,1.749855,1142.951810
74,1.785263,1120.283409
74,1.854429,1078.498864
74,1.802864,1109.346160
74,1.790926,1116.741034
