n_threads,Time,GFLOPS
48,1.496890,1336.103272
48,1.500154,1333.196347
48,1.501987,1331.569198
48,1.494410,1338.320938
48,1.505240,1328.691428
