n_threads,Time,GFLOPS
38,1.648283,1213.383611
38,1.650842,1211.502947
38,1.671042,1196.858021
38,1.658327,1206.035102
38,1.677083,1192.547119
