n_threads,Time,GFLOPS
108,1.434368,1394.342668
108,1.383626,1445.477524
108,1.423159,1405.324515
108,1.414099,1414.327737
108,1.410844,1417.591583
