n_threads,Time,GFLOPS
100,1.452112,1377.304606
100,1.450163,1379.155391
100,1.460914,1369.005895
100,1.466090,1364.173000
100,1.450501,1378.834250
