n_threads,Time,GFLOPS
28,1.687552,1185.148974
28,1.693500,1180.986134
28,1.711284,1168.713180
28,1.707822,1171.081989
28,1.726087,1158.689816
