n_threads,Time,GFLOPS
36,1.578427,1267.084506
36,1.558647,1283.164234
36,1.569728,1274.106168
36,1.569898,1273.968097
36,1.561414,1280.890316
