n_threads,Time,GFLOPS
40,3.413904,585.839635
40,3.411075,586.325344
40,3.411874,586.188123
40,3.413152,585.968591
40,3.407785,586.891523
