n_threads,Time,GFLOPS
12,4.177806,478.720173
12,4.178991,478.584415
12,4.172426,479.337451
12,4.161413,480.606003
12,4.157825,481.020668
