n_threads,Time,GFLOPS
66,3.230774,619.046767
66,3.230577,619.084482
66,3.245584,616.221994
66,3.207327,623.572222
66,3.203512,624.314841
