n_threads,Time,GFLOPS
30,1.652321,1210.418452
30,1.689651,1183.676463
30,1.707199,1171.509517
30,1.644164,1216.424027
30,1.687604,1185.112218
