n_threads,Time,GFLOPS
84,3.529266,566.690138
84,3.509144,569.939627
84,3.537584,565.357656
84,3.526548,567.126782
84,3.526876,567.074110
