n_threads,Time,GFLOPS
20,2.142151,933.641076
20,2.111508,947.190404
20,2.114107,946.025966
20,2.131034,938.511416
20,2.108845,948.386414
