n_threads,Time,GFLOPS
120,1.352152,1479.123666
120,1.389805,1439.050655
120,1.368106,1461.875546
120,1.352970,1478.229510
120,1.318359,1517.037240
