n_threads,Time,GFLOPS
78,1.545460,1294.113436
78,1.517208,1318.211120
78,1.519736,1316.018036
78,1.521758,1314.269584
78,1.537024,1301.215785
