n_threads,Time,GFLOPS
102,3.390118,589.949901
102,3.446983,580.217572
102,3.388396,590.249829
102,3.390809,589.829743
102,3.409600,586.579154
