n_threads,Time,GFLOPS
82,1.756435,1138.669828
82,1.758807,1137.134162
82,1.758088,1137.599521
82,1.744757,1146.291265
82,1.728953,1156.769458
