n_threads,Time,GFLOPS
78,3.709889,539.099631
78,3.602875,555.112186
78,3.693497,541.492236
78,3.738559,534.965432
78,3.646877,548.414411
