n_threads,Time,GFLOPS
10,4.699944,425.536991
10,4.706302,424.962085
10,4.723985,423.371415
10,4.699889,425.541926
10,4.709592,424.665217
