n_threads,Time,GFLOPS
56,1.541510,1297.429021
56,1.520542,1315.320167
56,1.536015,1302.070903
56,1.527930,1308.960579
56,1.531659,1305.773494
