n_threads,Time,GFLOPS
110,3.492711,572.621035
110,3.462210,577.665645
110,3.587829,557.440217
110,3.467222,576.830747
110,3.592857,556.660113
