n_threads,Time,GFLOPS
60,3.402559,587.792892
60,3.397641,588.643742
60,3.416272,585.433559
60,3.392704,589.500282
60,3.414748,585.694757
