n_threads,Time,GFLOPS
42,1.529862,1307.307127
42,1.530911,1306.411925
42,1.523871,1312.447450
42,1.521074,1314.860123
42,1.532815,1304.789072
