n_threads,Time,GFLOPS
90,1.487967,1344.115418
90,1.486541,1345.405354
90,1.492026,1340.459411
90,1.484792,1346.990287
90,1.490745,1341.611511
