n_threads,Time,GFLOPS
66,1.675544,1193.642128
66,1.667861,1199.140599
66,1.664542,1201.531793
66,1.654638,1208.723795
66,1.649934,1212.169920
