n_threads,Time,GFLOPS
72,1.630564,1226.569729
72,1.617521,1236.460023
72,1.630198,1226.845055
72,1.625471,1230.412605
72,1.621091,1233.736870
