n_threads,Time,GFLOPS
24,3.611071,553.852318
24,3.616445,553.029323
24,3.610330,553.966022
24,3.610404,553.954649
24,3.584425,557.969612
