n_threads,Time,GFLOPS
12,4.093031,488.635394
12,4.125418,484.799388
12,4.093935,488.527581
12,4.111860,486.397917
12,4.099961,487.809461
