n_threads,Time,GFLOPS
18,2.243228,891.572298
18,2.220563,900.672294
18,2.223180,899.612358
18,2.250381,888.738374
18,2.239410,893.092271
