n_threads,Time,GFLOPS
64,3.775747,529.696444
64,3.732631,535.815140
64,3.727886,536.497109
64,3.726437,536.705709
64,3.791837,527.448785
