n_threads,Time,GFLOPS
72,1.641391,1218.478733
72,1.657227,1206.835561
72,1.661304,1203.873310
72,1.647451,1213.996703
72,1.636774,1221.916073
