n_threads,Time,GFLOPS
4,10.841131,184.482589
4,10.886822,183.708344
4,10.826790,184.726954
4,10.860470,184.154095
4,10.849280,184.344025
