n_threads,Time,GFLOPS
24,1.842530,1085.464015
24,1.849116,1081.597883
24,1.874555,1066.920055
24,1.874910,1066.717788
24,1.874195,1067.124991
