n_threads,Time,GFLOPS
16,2.555552,782.609683
16,2.558716,781.641930
16,2.574306,776.908297
16,2.549272,784.537644
16,2.557007,782.164344
