n_threads,Time,GFLOPS
62,1.783779,1121.215124
62,1.858368,1076.213094
62,1.839202,1087.427881
62,1.846066,1083.384892
62,1.853071,1079.289175
