n_threads,Time,GFLOPS
114,1.536211,1301.904360
114,1.550465,1289.935681
114,1.591469,1256.700745
114,1.533050,1304.588807
114,1.532370,1305.167829
