n_threads,Time,GFLOPS
102,3.355663,596.007349
102,3.337643,599.225213
102,3.364742,594.399171
102,3.115783,641.893156
102,3.353250,596.436223
