n_threads,Time,GFLOPS
24,3.644173,548.821372
24,3.646523,548.467733
24,3.632900,550.524353
24,3.630398,550.903714
24,3.642742,549.036983
