n_threads,Time,GFLOPS
68,1.752620,1141.148898
68,1.771110,1129.235396
68,1.795242,1114.055906
68,1.748153,1144.064401
68,1.722019,1161.427525
