n_threads,Time,GFLOPS
104,1.489517,1342.717495
104,1.461808,1368.169079
104,1.428648,1399.925315
104,1.472615,1358.128681
104,1.490551,1341.786021
