n_threads,Time,GFLOPS
50,3.178430,629.241554
50,3.194877,626.002094
50,3.204074,624.205361
50,3.181801,628.574853
50,3.178226,629.281952
