n_threads,Time,GFLOPS
54,1.521410,1314.570059
54,1.539051,1299.501684
54,1.528127,1308.792119
54,1.521669,1314.346579
54,1.517954,1317.563272
