n_threads,Time,GFLOPS
26,1.810486,1104.675487
26,1.809306,1105.396462
26,1.803116,1109.190740
26,1.817612,1100.345102
26,1.807200,1106.684588
