n_threads,Time,GFLOPS
42,1.682096,1188.992486
42,1.691958,1182.062122
42,1.675799,1193.460216
42,1.683996,1187.651367
42,1.674395,1194.460981
