n_threads,Time,GFLOPS
72,3.458333,578.313376
72,3.479177,574.848588
72,3.469220,576.498508
72,3.468245,576.660455
72,3.461983,577.703570
