n_threads,Time,GFLOPS
38,3.234102,618.409681
38,3.212452,622.577439
38,3.230618,619.076661
38,3.258913,613.701571
38,3.200265,624.948231
