n_threads,Time,GFLOPS
86,1.648531,1213.201354
86,1.622696,1232.516585
86,1.553745,1287.212501
86,1.629867,1227.093751
86,1.591860,1256.391845
