n_threads,Time,GFLOPS
16,3.848434,519.691970
16,3.858428,518.345766
16,3.841698,520.603138
16,3.866721,517.234099
16,3.848568,519.673848
