n_threads,Time,GFLOPS
58,1.716760,1164.985138
58,1.710105,1169.518505
58,1.745075,1146.082669
58,1.716590,1165.100597
58,1.715648,1165.740481
