n_threads,Time,GFLOPS
116,3.864738,517.499562
116,3.834382,521.596413
116,3.878564,515.654751
116,3.865811,517.355919
116,3.873666,516.306778
