n_threads,Time,GFLOPS
36,3.462433,577.628481
36,3.455500,578.787451
36,3.468851,576.559811
36,3.450982,579.545218
36,3.461345,577.810093
