n_threads,Time,GFLOPS
20,2.076438,963.187798
20,2.094253,954.994612
20,2.093392,955.387211
20,2.084169,959.615052
20,2.090703,956.616214
