n_threads,Time,GFLOPS
60,1.539519,1299.106812
60,1.556888,1284.613525
60,1.551214,1289.312413
60,1.550562,1289.855288
60,1.538844,1299.677032
