n_threads,Time,GFLOPS
58,3.156029,633.707660
58,3.164259,632.059548
58,3.156985,633.515900
58,3.175627,629.796830
58,3.171836,630.549720
