n_threads,Time,GFLOPS
98,3.379562,591.792710
98,3.371030,593.290466
98,3.387167,590.463882
98,3.404252,587.500517
98,3.433862,582.434545
