n_threads,Time,GFLOPS
94,3.323273,601.816421
94,3.374239,592.726301
94,3.337259,599.294204
94,3.361803,594.918769
94,3.333251,600.014857
