n_threads,Time,GFLOPS
84,3.812338,524.612469
84,3.805192,525.597620
84,3.813780,524.414032
84,3.807210,525.319089
84,3.818158,523.812751
