n_threads,Time,GFLOPS
114,1.678071,1191.844438
114,1.687221,1185.381460
114,1.793145,1115.358680
114,1.734306,1153.198849
114,1.725922,1158.800757
