n_threads,Time,GFLOPS
96,1.459387,1370.438781
96,1.445578,1383.529689
96,1.443458,1385.561693
96,1.437503,1391.301179
96,1.438630,1390.211246
