n_threads,Time,GFLOPS
126,3.661405,546.238449
126,3.663436,545.935581
126,3.691450,541.792465
126,3.882539,515.126856
126,3.634861,550.227430
