n_threads,Time,GFLOPS
18,3.277274,610.263344
18,3.278392,610.055185
18,3.320420,602.333356
18,3.301370,605.809125
18,3.255427,614.358681
