n_threads,Time,GFLOPS
66,1.963475,1018.602425
66,1.972810,1013.782264
66,1.961904,1019.418053
66,1.946350,1027.564279
66,1.974905,1012.707163
