n_threads,Time,GFLOPS
98,1.635451,1222.904254
98,1.670394,1197.322154
98,1.682980,1188.368438
98,1.636974,1221.766727
98,1.687718,1185.032354
