n_threads,Time,GFLOPS
90,3.314688,603.374965
90,3.347492,597.462139
90,3.318696,602.646253
90,3.318898,602.609731
90,3.319625,602.477770
