n_threads,Time,GFLOPS
22,2.011157,994.452288
22,2.004652,997.679258
22,2.005809,997.104084
22,1.981325,1009.425739
22,2.010516,994.769264
