n_threads,Time,GFLOPS
58,3.234394,618.353770
58,3.235700,618.104247
58,3.241014,617.090768
58,3.262716,612.986221
58,3.236081,618.031479
