n_threads,Time,GFLOPS
114,3.462746,577.576256
114,3.710108,539.067886
114,3.597255,555.979527
114,3.655601,547.105638
114,3.592728,556.680099
