n_threads,Time,GFLOPS
112,1.426086,1402.440439
112,1.441861,1387.095974
112,1.405853,1422.623497
112,1.419117,1409.326977
112,1.456897,1372.780471
