n_threads,Time,GFLOPS
90,3.335566,599.598383
90,3.285989,608.644716
90,3.290830,607.749402
90,3.337723,599.210836
90,3.274733,610.736864
