n_threads,Time,GFLOPS
28,3.547040,563.850408
28,3.549334,563.485970
28,3.556534,562.345195
28,3.552469,562.988691
28,3.570671,560.118741
