n_threads,Time,GFLOPS
44,3.397259,588.709976
44,3.399112,588.388972
44,3.409693,586.563068
44,3.407572,586.928162
44,3.401238,588.021192
