n_threads,Time,GFLOPS
88,1.519461,1316.256627
88,1.519121,1316.550579
88,1.524912,1311.550906
88,1.539219,1299.360300
88,1.526582,1310.116192
