n_threads,Time,GFLOPS
50,1.481676,1349.823018
50,1.501339,1332.144248
50,1.502084,1331.483051
50,1.479808,1351.526340
50,1.493051,1339.538790
