n_threads,Time,GFLOPS
126,3.728558,536.400418
126,3.757572,532.258646
126,3.603493,555.017074
126,3.611997,553.710372
126,3.640649,549.352635
