n_threads,Time,GFLOPS
128,3.877203,515.835787
128,3.714694,538.402384
128,3.873305,516.354865
128,3.790313,527.660863
128,3.849116,519.599861
