n_threads,Time,GFLOPS
82,1.536226,1301.892037
82,1.547059,1292.775810
82,1.543077,1296.111451
82,1.525453,1311.085790
82,1.564105,1278.686828
