n_threads,Time,GFLOPS
96,3.603509,555.014521
96,3.618658,552.691009
96,3.597144,555.996640
96,3.254409,614.550997
96,3.617049,552.936994
