n_threads,Time,GFLOPS
6,5.638922,354.677710
6,5.601989,357.016033
6,5.630576,355.203458
6,5.610268,356.489191
6,5.630689,355.196348
