n_threads,Time,GFLOPS
92,1.729676,1156.285939
92,1.715010,1166.174278
92,1.682959,1188.383362
92,1.737561,1151.038572
92,1.679394,1190.905421
