n_threads,Time,GFLOPS
24,1.840642,1086.577594
24,1.842951,1085.216315
24,1.834522,1090.202276
24,1.839092,1087.493376
24,1.845476,1083.731000
