n_threads,Time,GFLOPS
80,3.540005,564.970975
80,3.549508,563.458392
80,3.539816,565.001071
80,3.572246,559.871791
80,2.964724,674.598999
