n_threads,Time,GFLOPS
94,3.350339,596.954478
94,3.386017,590.664440
94,3.413826,585.852920
94,3.342184,598.411096
94,3.359903,595.255195
