n_threads,Time,GFLOPS
80,1.609576,1242.562977
80,1.597221,1252.174630
80,1.589669,1258.123735
80,1.593843,1254.828556
80,1.579100,1266.543945
