n_threads,Time,GFLOPS
30,1.662081,1203.311072
30,1.686905,1185.602953
30,1.699991,1176.476520
30,1.698212,1177.709417
30,1.690712,1182.933697
