n_threads,Time,GFLOPS
46,3.229308,619.327702
46,3.232789,618.660827
46,3.221769,620.776932
46,3.226217,619.921010
46,3.232177,618.778005
