n_threads,Time,GFLOPS
68,3.616659,552.996614
68,3.607538,554.394721
68,3.656713,546.939358
68,3.626714,551.463379
68,3.646768,548.430858
