n_threads,Time,GFLOPS
28,3.534546,565.843611
28,3.525317,567.324839
28,3.536665,565.504489
28,3.531795,566.284210
28,3.524657,567.431059
