n_threads,Time,GFLOPS
120,3.751337,533.143220
120,3.802539,525.964350
120,3.758408,532.140211
120,3.762425,531.572030
120,3.761875,531.649740
