n_threads,Time,GFLOPS
34,1.668042,1199.010459
34,1.674983,1194.041646
34,1.659466,1205.206830
34,1.621067,1233.755505
34,1.654450,1208.861151
