n_threads,Time,GFLOPS
1,45.895973,43.576808
1,45.940275,43.534785
1,46.074393,43.408060
1,46.102271,43.381811
1,45.888291,43.584103
