n_threads,Time,GFLOPS
62,1.769233,1130.433598
62,1.738222,1150.601034
62,1.837389,1088.501307
62,1.860251,1075.123820
62,1.834686,1090.104891
