n_threads,Time,GFLOPS
92,1.525968,1310.643465
92,1.543105,1296.088049
92,1.559834,1282.188030
92,1.541846,1297.146369
92,1.541669,1297.294953
