n_threads,Time,GFLOPS
94,1.759832,1136.471905
94,1.758869,1137.094031
94,1.876516,1065.804861
94,1.817711,1100.285054
94,1.835892,1089.388535
