n_threads,Time,GFLOPS
46,3.330155,600.572570
46,3.300272,606.010623
46,3.324312,601.628201
46,3.333298,600.006437
46,3.332453,600.158513
