n_threads,Time,GFLOPS
112,3.874374,516.212466
112,3.870755,516.695092
112,3.876179,515.972016
112,3.954734,505.723077
112,3.950461,506.270045
