n_threads,Time,GFLOPS
88,3.564705,561.056291
88,3.571202,560.035467
88,3.564217,561.133089
88,3.565836,560.878349
88,3.577381,559.068177
