n_threads,Time,GFLOPS
74,3.311459,603.963477
74,3.323050,601.856715
74,3.303897,605.345836
74,3.294867,607.004851
74,3.376747,592.285978
