n_threads,Time,GFLOPS
2,22.189313,90.133479
2,22.052607,90.692223
2,21.946037,91.132627
2,22.079613,90.581296
2,22.047592,90.712855
