n_threads,Time,GFLOPS
114,1.520158,1315.652282
114,1.499493,1333.784389
114,1.556964,1284.551318
114,1.542543,1296.560316
114,1.571714,1272.495929
