n_threads,Time,GFLOPS
60,3.636116,550.037468
60,3.651145,547.773408
60,3.686508,542.518790
60,3.644664,548.747431
60,3.660729,546.339275
