n_threads,Time,GFLOPS
114,3.544307,564.285233
114,3.505476,570.535996
114,3.676925,543.932730
114,3.504390,570.712699
114,3.511123,569.618387
