n_threads,Time,GFLOPS
16,2.710928,737.754656
16,2.722282,734.677628
16,2.702450,740.069196
16,2.731481,732.203450
16,2.721135,734.987434
