n_threads,Time,GFLOPS
116,3.716726,538.108029
116,3.753343,532.858274
116,3.724012,537.055165
116,3.713758,538.538100
116,3.708021,539.371299
