n_threads,Time,GFLOPS
20,3.317101,602.936202
20,3.326616,601.211530
20,3.294696,607.036192
20,3.278866,609.966960
20,3.295190,606.945212
