n_threads,Time,GFLOPS
76,3.475419,575.470259
76,3.509937,569.810822
76,3.496259,572.040005
76,3.488124,573.374144
76,3.486191,573.691953
