n_threads,Time,GFLOPS
78,3.352464,596.576157
78,3.261967,613.126973
78,3.284518,608.917355
78,3.228911,619.403909
78,3.270447,611.537186
