n_threads,Time,GFLOPS
42,1.535970,1302.108936
42,1.531473,1305.932435
42,1.535011,1302.922073
42,1.538237,1300.189564
42,1.527581,1309.259311
