n_threads,Time,GFLOPS
44,1.527895,1308.990133
44,1.514539,1320.533426
44,1.523627,1312.657534
44,1.508256,1326.035022
44,1.508417,1325.893654
