n_threads,Time,GFLOPS
8,4.412921,453.214563
8,4.331167,461.769327
8,4.327621,462.147702
8,4.331564,461.726954
8,4.418608,452.631270
