n_threads,Time,GFLOPS
80,3.800331,526.269904
80,3.801381,526.124593
80,3.802343,525.991537
80,3.802556,525.961989
80,3.774112,529.925925
