n_threads,Time,GFLOPS
116,1.457578,1372.139317
116,1.566011,1277.130061
116,1.538565,1299.912194
116,1.615994,1237.628102
116,1.592045,1256.246180
