n_threads,Time,GFLOPS
62,3.572681,559.803631
62,3.238837,617.505676
62,3.293278,607.297591
62,3.249777,615.426824
62,3.363403,594.635901
