n_threads,Time,GFLOPS
52,3.508258,570.083553
52,3.501157,571.239801
52,3.509046,569.955467
52,3.484889,573.906443
52,3.508035,570.119726
