n_threads,Time,GFLOPS
74,3.317760,602.816395
74,3.364526,594.437295
74,3.260153,613.468085
74,3.364203,594.494390
74,3.295560,606.877121
