n_threads,Time,GFLOPS
120,1.348844,1482.751345
120,1.334207,1499.017343
120,1.310147,1526.545961
120,1.351532,1479.802336
120,1.339245,1493.378249
