n_threads,Time,GFLOPS
122,3.646934,548.405840
122,3.580138,558.637693
122,3.827756,522.499307
122,3.605114,554.767422
122,3.735190,535.447954
