n_threads,Time,GFLOPS
8,5.890740,339.515917
8,5.912923,338.242198
8,5.931295,337.194482
8,5.926026,337.494288
8,5.917061,338.005629
