n_threads,Time,GFLOPS
8,4.387703,455.819325
8,4.366204,458.063780
8,4.388486,455.737989
8,4.352403,459.516269
8,4.377435,456.888617
