n_threads,Time,GFLOPS
92,3.569353,560.325631
92,3.566609,560.756740
92,3.568967,560.386287
92,3.560429,561.729997
92,3.577324,559.077140
