n_threads,Time,GFLOPS
82,3.902606,512.478079
82,3.978385,502.716549
82,3.948255,506.552958
82,3.789974,527.708038
82,3.788684,527.887798
