n_threads,Time,GFLOPS
90,1.494456,1338.280011
90,1.527225,1309.564583
90,1.483953,1347.751135
90,1.494817,1337.956559
90,1.487837,1344.232877
