n_threads,Time,GFLOPS
14,3.629533,551.035077
14,3.618986,552.640978
14,3.631456,550.743355
14,3.627617,551.326044
14,3.621421,552.269371
