n_threads,Time,GFLOPS
22,2.007575,996.226654
22,2.040566,980.120162
22,2.062852,969.531673
22,1.992891,1003.567081
22,2.058070,971.784089
