n_threads,Time,GFLOPS
36,1.560184,1281.899914
36,1.558818,1283.023277
36,1.569463,1274.320968
36,1.563177,1279.445429
36,1.603785,1247.050297
