n_threads,Time,GFLOPS
14,2.659638,751.982115
14,2.667264,749.832122
14,2.670432,748.942425
14,2.704525,739.501441
14,2.680880,746.023573
