n_threads,Time,GFLOPS
128,3.847257,519.850865
128,3.855354,518.759084
128,3.839036,520.964157
128,3.840874,520.714832
128,3.851615,519.262728
