n_threads,Time,GFLOPS
100,3.629913,550.977332
100,3.635255,550.167752
100,3.641542,549.217944
100,3.629190,551.087190
100,3.643918,548.859756
