n_threads,Time,GFLOPS
86,3.281032,609.564356
86,3.277062,610.302775
86,3.309645,604.294435
86,3.296319,606.737341
86,3.273504,610.966056
