n_threads,Time,GFLOPS
126,1.381919,1447.262390
126,1.333196,1500.154421
126,1.316942,1518.669740
126,1.400677,1427.880913
126,1.339183,1493.448001
