n_threads,Time,GFLOPS
82,3.281757,609.429634
82,3.239116,617.452395
82,3.233716,618.483408
82,3.228449,619.492450
82,3.228104,619.558776
