n_threads,Time,GFLOPS
44,1.551906,1288.737462
44,1.564566,1278.309767
44,1.569193,1274.540510
44,1.538959,1299.580180
44,1.541802,1297.183675
