n_threads,Time,GFLOPS
62,1.822431,1097.435497
62,1.832742,1091.260829
62,1.867478,1070.963052
62,1.866720,1071.398227
62,1.855729,1077.743359
