n_threads,Time,GFLOPS
56,3.496780,571.954829
56,3.528515,566.810656
56,3.500232,571.390738
56,3.510753,569.678425
56,3.521426,567.951717
