n_threads,Time,GFLOPS
6,5.618293,355.980002
6,5.645744,354.249165
6,5.675201,352.410439
6,5.661062,353.290619
6,5.668134,352.849784
