n_threads,Time,GFLOPS
32,3.468310,576.649662
32,3.479883,574.732015
32,3.487672,573.448476
32,3.469365,576.474302
32,3.488017,573.391776
