n_threads,Time,GFLOPS
118,1.415705,1412.723439
118,1.443016,1385.985595
118,1.376344,1453.124633
118,1.425450,1403.065955
118,1.346628,1485.191127
