n_threads,Time,GFLOPS
82,3.272710,611.114332
82,3.288216,608.232496
82,3.318037,602.766036
82,3.257484,613.970752
82,3.269993,611.622194
