n_threads,Time,GFLOPS
124,1.562586,1279.929467
124,1.722590,1161.042529
124,1.648064,1213.545233
124,1.731796,1154.870182
124,1.700668,1176.008448
