n_threads,Time,GFLOPS
118,3.574540,559.512490
118,3.566227,560.816736
118,3.545918,564.028845
118,3.561787,561.515843
118,3.619824,552.513119
