n_threads,Time,GFLOPS
98,1.455302,1374.285067
98,1.479016,1352.250868
98,1.456857,1372.818365
98,1.441851,1387.106295
98,1.483506,1348.157548
