n_threads,Time,GFLOPS
84,3.521379,567.959235
84,3.528083,566.880078
84,3.519055,568.334335
84,3.534340,565.876509
84,3.518157,568.479398
