n_threads,Time,GFLOPS
88,1.543966,1295.364906
88,1.531864,1305.598976
88,1.519651,1316.091615
88,1.525163,1311.335418
88,1.517310,1318.122169
