n_threads,Time,GFLOPS
110,1.440169,1388.726026
110,1.402880,1425.638409
110,1.453690,1375.809049
110,1.397221,1431.413023
110,1.396729,1431.916874
