n_threads,Time,GFLOPS
18,3.702806,540.130977
18,3.670473,544.888832
18,3.670030,544.954667
18,3.641038,549.293888
18,3.667352,545.352589
