n_threads,Time,GFLOPS
46,2.215374,902.782033
46,2.242540,891.845732
46,2.241307,892.336378
46,2.224837,898.942422
46,2.238983,893.262884
