n_threads,Time,GFLOPS
10,4.333561,461.514211
10,4.331780,461.704002
10,4.333517,461.518850
10,4.321926,462.756598
10,4.333354,461.536300
