n_threads,Time,GFLOPS
110,1.598830,1250.914630
110,1.604263,1246.678370
110,1.597461,1251.986376
110,1.596908,1252.420210
110,1.639660,1219.765131
