n_threads,Time,GFLOPS
34,2.553219,783.324960
34,2.596701,770.207931
34,2.576440,776.265020
34,2.571921,777.628741
34,2.508237,797.372770
