n_threads,Time,GFLOPS
72,2.555039,782.766984
72,2.550565,784.139953
72,2.560822,780.999369
72,2.535603,788.767096
72,2.561533,780.782468
