n_threads,Time,GFLOPS
114,3.238344,617.599580
114,3.243671,616.585255
114,3.207167,623.603246
114,3.226645,619.838821
114,3.227813,619.614626
