n_threads,Time,GFLOPS
18,2.843060,703.467374
18,2.899457,689.784367
18,2.861318,698.978574
18,2.877136,695.135612
18,2.866839,697.632514
