n_threads,Time,GFLOPS
82,2.674306,747.857560
82,2.711128,737.700338
82,2.761145,724.337237
82,2.741997,729.395269
82,2.662418,751.196704
