n_threads,Time,GFLOPS
70,2.532581,789.708087
70,2.543950,786.178869
70,2.551016,784.001485
70,2.515256,795.147812
70,2.506872,797.807102
