n_threads,Time,GFLOPS
92,2.954495,676.934565
92,2.919499,685.048983
92,2.910501,687.166906
92,2.878413,694.827333
92,2.942682,679.652017
