n_threads,Time,GFLOPS
76,1.283909,1557.742443
76,1.272093,1572.212704
76,1.271584,1572.841677
76,1.243971,1607.755044
76,1.252499,1596.807494
