n_threads,Time,GFLOPS
62,2.427795,823.792930
62,2.430051,823.028030
62,2.442948,818.683101
62,2.499877,800.039489
62,2.505550,798.227800
