n_threads,Time,GFLOPS
114,1.663668,1202.162934
114,1.690743,1182.911796
114,1.649551,1212.450975
114,1.659191,1205.406660
114,1.648933,1212.905225
