n_threads,Time,GFLOPS
116,3.270311,611.562570
116,3.176100,629.703105
116,3.218878,621.334511
116,3.253444,614.733271
116,3.211152,622.829454
