n_threads,Time,GFLOPS
104,1.564102,1278.688605
104,1.596101,1253.053640
104,1.575174,1269.700739
104,1.608122,1243.686911
104,1.573580,1270.987112
