n_threads,Time,GFLOPS
36,2.303245,868.340141
36,2.305002,867.678338
36,2.300941,869.209510
36,2.301204,869.110290
36,2.301222,869.103502
