n_threads,Time,GFLOPS
16,1.374975,1454.572011
16,1.367473,1462.551286
16,1.370951,1458.840998
16,1.378249,1451.116113
16,1.382679,1446.467752
