n_threads,Time,GFLOPS
84,1.388862,1440.027777
84,1.368728,1461.210468
84,1.360497,1470.051003
84,1.369969,1459.886795
84,1.374327,1455.257934
