n_threads,Time,GFLOPS
42,2.284768,875.362411
42,2.295486,871.275111
42,2.303953,868.073384
42,2.302903,868.469181
42,2.300367,869.426619
