n_threads,Time,GFLOPS
100,1.487209,1344.801241
100,1.492290,1340.221898
100,1.434569,1394.147306
100,1.453842,1375.664965
100,1.510798,1323.803755
