n_threads,Time,GFLOPS
32,1.073143,1863.683983
32,1.059996,1886.799651
32,1.066041,1876.100264
32,1.070897,1867.592490
32,1.070833,1867.705561
