n_threads,Time,GFLOPS
122,1.693154,1181.227561
122,1.704676,1173.243817
122,1.728506,1157.068339
122,1.711021,1168.893027
122,1.705029,1173.000864
