n_threads,Time,GFLOPS
50,1.013924,1972.534396
50,1.021429,1958.040255
50,1.009425,1981.326976
50,1.005311,1989.434644
50,1.022142,1956.675646
