n_threads,Time,GFLOPS
4,5.274064,379.214197
4,5.305027,377.000903
4,5.275346,379.122061
4,5.278479,378.897033
4,5.310677,376.599837
