n_threads,Time,GFLOPS
26,1.475409,1355.556657
26,1.515872,1319.372350
26,1.454019,1375.497752
26,1.460510,1369.384204
26,1.477644,1353.505732
