n_threads,Time,GFLOPS
84,1.346182,1485.682884
84,1.345766,1486.142668
84,1.338472,1494.241686
84,1.334934,1498.201136
84,1.359697,1470.916476
