n_threads,Time,GFLOPS
28,2.232395,895.898841
28,2.245793,890.553846
28,2.221577,900.261325
28,2.220674,900.627419
28,2.178277,918.156797
