n_threads,Time,GFLOPS
2,11.002516,181.776599
2,10.805663,185.088130
2,11.011608,181.626515
2,10.968731,182.336498
2,10.990911,181.968538
