n_threads,Time,GFLOPS
14,1.629458,1227.402338
14,1.661021,1204.078557
14,1.656180,1207.597846
14,1.639831,1219.637879
14,1.669899,1197.677565
