n_threads,Time,GFLOPS
58,2.458440,813.524010
58,2.421184,826.042054
58,2.445087,817.966695
58,2.440666,819.448501
58,2.475296,807.984014
