n_threads,Time,GFLOPS
128,3.405900,587.216349
128,3.419981,584.798501
128,3.423421,584.210902
128,3.424818,583.972697
128,3.428144,583.405992
