n_threads,Time,GFLOPS
92,2.946639,678.739392
92,2.891970,691.570070
92,2.935264,681.369667
92,2.975827,672.082156
92,2.922081,684.443645
