n_threads,Time,GFLOPS
68,2.510902,796.526618
68,2.526631,791.567831
68,2.550216,784.247151
68,2.607300,767.077045
68,2.490324,803.108394
