n_threads,Time,GFLOPS
60,1.166910,1713.928852
60,1.129455,1770.765032
60,1.164159,1717.978408
60,1.106969,1806.735415
60,1.113496,1796.144447
