n_threads,Time,GFLOPS
98,2.942946,679.591133
98,2.937193,680.922306
98,2.937967,680.742764
98,2.962183,675.177817
98,2.954184,677.005928
