n_threads,Time,GFLOPS
78,1.273372,1570.633174
78,1.277778,1565.217028
78,1.283326,1558.450993
78,1.289451,1551.047221
78,1.284884,1556.560904
