n_threads,Time,GFLOPS
66,1.269021,1576.017808
66,1.226761,1630.308980
66,1.286324,1554.817798
66,1.260974,1586.075097
66,1.231025,1624.662603
