n_threads,Time,GFLOPS
68,2.897976,690.136822
68,2.833797,705.766740
68,2.939960,680.281380
68,2.657151,752.685869
68,3.050018,655.733766
