n_threads,Time,GFLOPS
80,2.583025,774.286112
80,2.605109,767.722184
80,2.509800,796.876230
80,2.566779,779.186739
80,2.544962,785.866415
