n_threads,Time,GFLOPS
118,3.336102,599.502062
118,3.290163,607.872694
118,3.333641,599.944542
118,3.346398,597.657509
118,3.341902,598.461612
