n_threads,Time,GFLOPS
110,3.192829,626.403742
110,3.197185,625.550320
110,3.168859,631.142050
110,3.158846,633.142618
110,3.215961,621.898029
