n_threads,Time,GFLOPS
80,2.646031,755.848906
80,2.606322,767.365019
80,2.636289,758.642207
80,2.715243,736.582242
80,2.630224,760.391377
