n_threads,Time,GFLOPS
4,5.294946,377.718674
4,5.273048,379.287267
4,5.248918,381.030879
4,5.203144,384.382953
4,5.254392,380.633919
