n_threads,Time,GFLOPS
4,10.616382,188.388100
4,10.594477,188.777604
4,10.585819,188.931997
4,10.585822,188.931957
4,10.579506,189.044744
