n_threads,Time,GFLOPS
8,5.414170,369.401022
8,5.396809,370.589333
8,5.400918,370.307410
8,5.389127,371.117590
8,5.407101,369.883952
