n_threads,Time,GFLOPS
54,2.521629,793.138132
54,2.568947,778.529142
54,2.597319,770.024677
54,2.597047,770.105342
54,2.581412,774.769858
