n_threads,Time,GFLOPS
34,2.257983,885.746222
34,2.285977,874.899556
34,2.273981,879.514830
34,2.268137,881.780950
34,2.274485,879.319888
