n_threads,Time,GFLOPS
54,2.452908,815.358783
54,2.488704,803.631189
54,2.397046,834.360367
54,2.503630,798.840177
54,2.486937,804.202147
