n_threads,Time,GFLOPS
38,2.289936,873.386762
38,2.267760,881.927719
38,2.280686,876.929263
38,2.270465,880.876911
38,2.349910,851.096502
