n_threads,Time,GFLOPS
6,3.508535,570.038557
6,3.514442,569.080320
6,3.555060,562.578387
6,3.525038,567.369700
6,3.524521,567.452924
