n_threads,Time,GFLOPS
106,1.559265,1282.655808
106,1.586926,1260.298599
106,1.563502,1279.180056
106,1.558940,1282.922739
106,1.532338,1305.195078
