n_threads,Time,GFLOPS
42,1.021508,1957.890561
42,0.985490,2029.446825
42,0.987897,2024.502788
42,1.010291,1979.627315
42,1.011847,1976.584000
