n_threads,Time,GFLOPS
24,1.229879,1626.175891
24,1.229525,1626.644301
24,1.228405,1628.127261
24,1.227124,1629.826762
24,1.228457,1628.058934
