n_threads,Time,GFLOPS
30,2.261934,884.199050
30,2.266600,882.379063
30,2.270704,880.784077
30,2.192052,912.387249
30,2.208969,905.399846
