n_threads,Time,GFLOPS
34,0.985900,2028.602379
34,0.999245,2001.511475
34,0.978504,2043.935439
34,0.974059,2053.263731
34,0.951501,2101.942527
