n_threads,Time,GFLOPS
112,1.599999,1250.001098
112,1.606118,1245.238251
112,1.639628,1219.788938
112,1.622927,1232.341280
112,1.629049,1227.709794
