n_threads,Time,GFLOPS
54,1.165178,1716.475923
54,1.162954,1719.757986
54,1.170585,1708.546985
54,1.168333,1711.841235
54,1.153622,1733.670329
