n_threads,Time,GFLOPS
68,1.218548,1641.297099
68,1.259851,1587.489280
68,1.258788,1588.829696
68,1.261266,1585.708033
68,1.216905,1643.514315
