n_threads,Time,GFLOPS
44,0.971343,2059.005164
44,1.002201,1995.608273
44,1.011804,1976.666599
44,0.989799,2020.612484
44,0.979867,2041.092926
