n_threads,Time,GFLOPS
74,2.591809,771.661843
74,2.614552,764.949270
74,2.564515,779.874527
74,2.580508,775.041265
74,2.575831,776.448604
