n_threads,Time,GFLOPS
64,1.112419,1797.883863
64,1.107469,1805.918856
64,1.112174,1798.280409
64,1.189234,1681.754854
64,1.143295,1749.330112
