n_threads,Time,GFLOPS
38,2.673120,748.189249
38,2.552320,783.600854
38,2.611030,765.981358
38,2.561893,780.672870
38,2.601386,768.821013
