n_threads,Time,GFLOPS
118,1.638986,1220.266781
118,1.662996,1202.648478
118,1.664849,1201.310504
118,1.661520,1203.717096
118,1.641335,1218.520467
