n_threads,Time,GFLOPS
82,2.654485,753.441892
82,2.672508,748.360705
82,2.600747,769.009888
82,2.644466,756.296444
82,2.616249,764.453365
