n_threads,Time,GFLOPS
18,2.742183,729.345903
18,2.742284,729.318945
18,2.741323,729.574838
18,2.750943,727.023370
18,2.749343,727.446590
