n_threads,Time,GFLOPS
88,1.408299,1420.152548
88,1.404485,1424.009495
88,1.413557,1414.870448
88,1.406855,1421.610342
88,1.415750,1412.679060
