n_threads,Time,GFLOPS
26,1.234575,1619.990916
26,1.235517,1618.755307
26,1.236180,1617.887678
26,1.235706,1618.507764
26,1.240896,1611.738065
