n_threads,Time,GFLOPS
2,10.517086,190.166751
2,10.588650,188.881485
2,10.493915,190.586635
2,10.496287,190.543574
2,10.543759,189.685666
