n_threads,Time,GFLOPS
124,3.386476,590.584480
124,3.387458,590.413159
124,3.390460,589.890424
124,3.400022,588.231513
124,3.400363,588.172559
