n_threads,Time,GFLOPS
120,2.898214,690.080214
120,2.875950,695.422399
120,2.998251,667.055633
120,3.043907,657.050303
120,3.003120,665.974040
