n_threads,Time,GFLOPS
86,2.774284,720.906831
86,2.728207,733.082313
86,2.863695,698.398417
86,2.766504,722.934142
86,2.974061,672.481114
