n_threads,Time,GFLOPS
112,3.216797,621.736375
112,3.186309,627.685472
112,3.207132,623.610121
112,3.179131,629.102800
112,3.196853,625.615276
