n_threads,Time,GFLOPS
90,1.485725,1346.144304
90,1.439847,1389.036927
90,1.542833,1296.316582
90,1.552746,1288.040633
90,1.415280,1413.148383
