n_threads,Time,GFLOPS
122,3.299614,606.131530
122,3.296648,606.676881
122,3.294528,607.067180
122,3.321446,602.147453
122,3.353614,596.371577
