n_threads,Time,GFLOPS
24,2.260317,884.831730
24,2.262041,884.157331
24,2.264853,883.059471
24,2.256010,886.520829
24,2.200415,908.919577
