n_threads,Time,GFLOPS
76,1.233287,1621.683172
76,1.232698,1622.457039
76,1.233553,1621.332196
76,1.229551,1626.610669
76,1.228231,1628.357552
