n_threads,Time,GFLOPS
16,2.936614,681.056534
16,2.957016,676.357442
16,2.960077,675.658069
16,2.932318,682.054209
16,2.972993,672.722712
