n_threads,Time,GFLOPS
88,2.807518,712.372911
88,2.855863,700.313826
88,2.782221,718.850137
88,2.836121,705.188459
88,2.778262,719.874585
