n_threads,Time,GFLOPS
106,3.163970,632.117185
106,3.035867,658.790488
106,3.075790,650.239458
106,2.968526,673.735038
106,3.052912,655.112128
