n_threads,Time,GFLOPS
10,4.386357,455.959195
10,4.381117,456.504628
10,4.381248,456.490962
10,4.391973,455.376194
10,4.386773,455.915985
