n_threads,Time,GFLOPS
78,2.572207,777.542317
78,2.554371,782.971680
78,2.566471,779.280252
78,2.538335,787.918092
78,2.549321,784.522612
