n_threads,Time,GFLOPS
20,1.311851,1524.562826
20,1.309715,1527.050262
20,1.299760,1538.745353
20,1.289342,1551.178455
20,1.312323,1524.015207
