n_threads,Time,GFLOPS
56,2.522652,792.816366
56,2.497112,800.925310
56,2.356023,848.888161
56,2.487724,803.947625
56,2.408538,830.379366
