n_threads,Time,GFLOPS
10,4.475489,446.878562
10,4.482708,446.158922
10,4.481627,446.266489
10,4.468522,447.575308
10,4.468839,447.543573
