n_threads,Time,GFLOPS
66,1.286645,1554.430479
66,1.264797,1581.281399
66,1.276474,1566.816097
66,1.201633,1664.401463
66,1.240901,1611.732010
