n_threads,Time,GFLOPS
50,2.516102,794.880215
50,2.465667,811.139593
50,2.538524,787.859492
50,2.484538,804.978528
50,2.496975,800.969045
