n_threads,Time,GFLOPS
94,1.482407,1349.156743
94,1.460481,1369.411627
94,1.466163,1364.105123
94,1.463314,1366.761008
94,1.453968,1375.545814
