n_threads,Time,GFLOPS
124,1.731515,1155.058069
124,1.721971,1161.459733
124,1.711583,1168.509092
124,1.702916,1174.455779
124,1.728028,1157.388521
