n_threads,Time,GFLOPS
14,3.317363,602.888457
14,3.304152,605.299092
14,3.302957,605.517988
14,3.309830,604.260688
14,3.301178,605.844316
