n_threads,Time,GFLOPS
86,1.397459,1431.168848
86,1.408203,1420.250177
86,1.395637,1433.037043
86,1.392613,1436.149547
86,1.390389,1438.446181
