n_threads,Time,GFLOPS
18,1.280688,1561.661182
18,1.269933,1574.886757
18,1.305463,1532.023259
18,1.276363,1566.952179
18,1.274856,1568.804871
