n_threads,Time,GFLOPS
126,3.413086,585.980027
126,3.442102,581.040293
126,3.421839,584.481081
126,3.409465,586.602365
126,3.425752,583.813453
