n_threads,Time,GFLOPS
116,1.685897,1186.311819
116,1.678715,1191.387473
116,1.663336,1202.402963
116,1.652040,1210.624664
116,1.661298,1203.877625
