n_threads,Time,GFLOPS
104,1.573284,1271.226400
104,1.556051,1285.305058
104,1.560373,1281.745036
104,1.551951,1288.700103
104,1.575380,1269.535351
