n_threads,Time,GFLOPS
2,22.054205,90.685655
2,21.991522,90.944137
2,22.307392,89.656380
2,22.321526,89.599609
2,22.296866,89.698706
