n_threads,Time,GFLOPS
70,1.206015,1658.354050
70,1.229156,1627.133168
70,1.268491,1576.676384
70,1.238934,1614.291114
70,1.275524,1567.982968
