n_threads,Time,GFLOPS
48,0.990437,2019.311477
48,0.993783,2012.511808
48,0.984055,2032.406110
48,0.991895,2016.342441
48,0.987643,2025.023751
