n_threads,Time,GFLOPS
26,2.256031,886.512803
26,2.247475,889.887597
26,2.256530,886.316789
26,2.255292,886.803139
26,2.272703,880.009574
