n_threads,Time,GFLOPS
20,1.214921,1646.197840
20,1.215495,1645.419783
20,1.215880,1644.899254
20,1.212684,1649.234581
20,1.214892,1646.236833
