n_threads,Time,GFLOPS
50,1.050066,1904.641959
50,1.013787,1972.801530
50,1.028500,1944.580345
50,1.037435,1927.832216
50,1.033589,1935.005123
