n_threads,Time,GFLOPS
4,10.737330,186.266040
4,10.796366,185.247516
4,10.731845,186.361244
4,10.779000,185.545975
4,10.787563,185.398689
