n_threads,Time,GFLOPS
120,1.663109,1202.567124
120,1.645917,1215.128317
120,1.650423,1211.810235
120,1.647095,1214.258951
120,1.651760,1210.829427
