n_threads,Time,GFLOPS
8,2.822766,708.524977
8,2.826965,707.472532
8,2.803894,713.293631
8,2.837038,704.960624
8,2.816783,710.029862
