n_threads,Time,GFLOPS
52,1.145440,1746.053540
52,1.090478,1834.058413
52,1.144997,1746.729416
52,1.086592,1840.617815
52,1.163315,1719.225091
