n_threads,Time,GFLOPS
124,1.821813,1097.807282
124,1.736550,1151.709067
124,1.739462,1149.781017
124,1.728357,1157.168415
124,1.730135,1155.979422
