n_threads,Time,GFLOPS
20,2.434224,821.617232
20,2.415931,827.838316
20,2.399312,833.572431
20,2.410635,829.656921
20,2.405253,831.513252
