n_threads,Time,GFLOPS
50,2.309708,865.910343
50,2.311560,865.216611
50,2.254853,886.975863
50,2.303047,868.414812
50,2.266853,882.280497
