n_threads,Time,GFLOPS
86,1.362452,1467.942153
86,1.369821,1460.045061
86,1.373795,1455.821089
86,1.370275,1459.561123
86,1.367116,1462.933464
