n_threads,Time,GFLOPS
112,1.589265,1258.443506
112,1.607705,1244.009385
112,1.595490,1253.533545
112,1.591531,1256.651507
112,1.590389,1257.554311
