n_threads,Time,GFLOPS
68,1.202169,1663.659840
68,1.194926,1673.743379
68,1.188122,1683.328738
68,1.241174,1611.377489
68,1.204856,1659.949975
