n_threads,Time,GFLOPS
20,2.408188,830.500094
20,2.390968,836.481304
20,2.402588,832.435678
20,2.398920,833.708549
20,2.403899,831.981753
