n_threads,Time,GFLOPS
54,1.175200,1701.837539
54,1.159425,1724.992820
54,1.161897,1721.323672
54,1.161982,1721.196640
54,1.153568,1733.751342
