n_threads,Time,GFLOPS
42,1.015169,1970.115920
42,1.026920,1947.570993
42,1.031726,1938.499324
42,1.028220,1945.109432
42,1.034120,1934.012370
