n_threads,Time,GFLOPS
10,2.126662,940.441141
10,2.111973,946.981602
10,2.107231,949.112878
10,2.113113,946.471004
10,2.103048,951.000732
