n_threads,Time,GFLOPS
38,2.245065,890.842893
38,2.248991,889.287534
38,2.253255,887.604797
38,2.248583,889.449177
38,2.247702,889.797843
