n_threads,Time,GFLOPS
16,2.862345,698.727825
16,2.883576,693.583238
16,2.860296,699.228338
16,2.866245,697.777068
16,2.887534,692.632456
