n_threads,Time,GFLOPS
108,3.170541,630.807131
108,3.170679,630.779661
108,3.175063,629.908667
108,3.179071,629.114630
108,3.146480,635.631007
