n_threads,Time,GFLOPS
46,2.235607,894.611717
46,2.240905,892.496599
46,2.212231,904.064673
46,2.265555,882.786050
46,2.196886,910.379553
