n_threads,Time,GFLOPS
70,2.539563,787.536924
70,2.511142,796.450352
70,2.531358,790.089607
70,2.545664,785.649487
70,2.597490,769.974173
