n_threads,Time,GFLOPS
30,2.192214,912.319768
30,2.164317,924.079070
30,2.157195,927.129727
30,2.160022,925.916693
30,2.190942,912.849319
