n_threads,Time,GFLOPS
22,2.365030,845.655178
22,2.351998,850.340967
22,2.376657,841.518116
22,2.349165,851.366358
22,2.362239,846.654468
