n_threads,Time,GFLOPS
94,2.873574,695.997460
94,2.874256,695.832322
94,2.897666,690.210664
94,2.911282,686.982500
94,2.889894,692.066806
