n_threads,Time,GFLOPS
118,3.308552,604.494109
118,3.308152,604.567208
118,3.363800,594.565740
118,3.298093,606.411068
118,3.328906,600.797929
