n_threads,Time,GFLOPS
88,1.428179,1400.384324
88,1.427283,1401.264265
88,1.420252,1408.200467
88,1.430769,1397.849582
88,1.448955,1380.304657
