n_threads,Time,GFLOPS
8,5.547899,360.496818
8,5.577219,358.601630
8,5.589375,357.821743
8,5.546079,360.615126
8,5.561160,359.637185
