n_threads,Time,GFLOPS
38,0.966387,2069.564949
38,0.968511,2065.026638
38,1.012556,1975.199080
38,1.002069,1995.871404
38,0.965382,2071.719724
