n_threads,Time,GFLOPS
102,3.040192,657.853244
102,3.015421,663.257413
102,3.035683,658.830269
102,3.020954,662.042596
102,3.047276,656.323834
