n_threads,Time,GFLOPS
120,1.364595,1465.636228
120,1.366616,1463.469111
120,1.373392,1456.248684
120,1.398689,1429.910608
120,1.390073,1438.773438
