n_threads,Time,GFLOPS
112,1.449612,1379.679861
112,1.339132,1493.505004
112,1.354598,1476.452943
112,1.352497,1478.746485
112,1.371427,1458.335181
