n_threads,Time,GFLOPS
98,2.983833,670.278698
98,2.983161,670.429866
98,2.980125,671.112837
98,2.975136,672.238246
98,3.034746,659.033669
