n_threads,Time,GFLOPS
40,1.011403,1977.451819
40,1.004458,1991.124392
40,1.015577,1969.323379
40,0.995410,2009.222621
40,0.994553,2010.953996
