n_threads,Time,GFLOPS
56,1.088929,1836.667872
56,1.173464,1704.355932
56,1.093557,1828.894055
56,1.148515,1741.379617
56,1.172707,1705.455711
