n_threads,Time,GFLOPS
52,2.359522,847.629336
52,2.447240,817.247106
52,2.347298,852.043341
52,2.426827,824.121522
52,2.362319,846.625611
