n_threads,Time,GFLOPS
12,1.920818,1041.223122
12,1.932943,1034.691401
12,1.861164,1074.596339
12,1.876064,1066.061818
12,1.870175,1069.418430
