n_threads,Time,GFLOPS
100,1.431297,1397.333687
100,1.439463,1389.406756
100,1.427582,1400.969997
100,1.412800,1415.628747
100,1.433164,1395.514078
