n_threads,Time,GFLOPS
60,2.353234,849.894059
60,2.457622,813.794642
60,2.425171,824.684006
60,2.496410,801.150544
60,2.480307,806.351879
