n_threads,Time,GFLOPS
128,1.731408,1155.129385
128,1.706451,1172.023256
128,1.749254,1143.344404
128,1.710949,1168.941717
128,1.757763,1137.809797
