n_threads,Time,GFLOPS
114,3.216671,621.760853
114,3.324118,601.663337
114,3.234614,618.311850
114,3.227454,619.683479
114,3.250168,615.352768
