n_threads,Time,GFLOPS
122,1.413516,1414.911506
122,1.410514,1417.923328
122,1.431068,1397.557388
122,1.427987,1400.573184
122,1.403580,1424.927576
