n_threads,Time,GFLOPS
1,45.191199,44.256404
1,45.011982,44.432614
1,44.957940,44.486024
1,44.977291,44.466884
1,44.744795,44.697937
