n_threads,Time,GFLOPS
66,1.441982,1386.980125
66,1.341973,1490.343345
66,1.344631,1487.396781
66,1.430528,1398.084863
66,1.334317,1498.893863
