n_threads,Time,GFLOPS
84,2.702966,739.927933
84,2.714969,736.656556
84,2.617011,764.230604
84,2.804017,713.262355
84,2.716037,736.366957
