n_threads,Time,GFLOPS
108,1.511241,1323.415664
108,1.523938,1312.389729
108,1.518606,1316.997059
108,1.534073,1303.719035
108,1.534501,1303.355169
