n_threads,Time,GFLOPS
90,2.887976,692.526617
90,2.934900,681.454224
90,3.125341,639.930100
90,2.969803,673.445455
90,3.119866,641.053080
