n_threads,Time,GFLOPS
24,1.233264,1621.712642
24,1.234641,1619.904236
24,1.234878,1619.593453
24,1.233978,1620.774449
24,1.232192,1623.123471
