n_threads,Time,GFLOPS
122,1.708876,1170.359963
122,1.720088,1162.731450
122,1.765984,1132.512970
122,1.712389,1167.958808
122,1.739370,1149.841363
