n_threads,Time,GFLOPS
22,2.396621,834.508261
22,2.439373,819.882846
22,2.423939,825.103131
22,2.452002,815.660057
22,2.446447,817.512097
