n_threads,Time,GFLOPS
104,3.066136,652.286789
104,3.049673,655.808060
104,3.080658,649.212025
104,3.067457,652.005852
104,3.019643,662.329933
