n_threads,Time,GFLOPS
24,2.235315,894.728508
24,2.217876,901.763555
24,2.219829,900.970326
24,2.217743,901.817919
24,2.220599,900.657698
