n_threads,Time,GFLOPS
128,1.749756,1143.016240
128,1.776901,1125.554858
128,1.735216,1152.593980
128,1.730281,1155.881489
128,1.805191,1107.916223
