n_threads,Time,GFLOPS
104,1.333368,1499.960839
104,1.367701,1462.307487
104,1.421027,1407.432911
104,1.425666,1402.853144
104,1.357325,1473.486057
