n_threads,Time,GFLOPS
30,1.266747,1578.846917
30,1.258795,1588.821647
30,1.289481,1551.011077
30,1.285105,1556.292533
30,1.267524,1577.879026
