n_threads,Time,GFLOPS
102,1.541729,1297.245196
102,1.534221,1303.592990
102,1.551619,1288.975980
102,1.540855,1297.980509
102,1.532518,1305.041749
