n_threads,Time,GFLOPS
82,3.173890,630.141472
82,3.160203,632.870699
82,3.108517,643.393535
82,3.113576,642.348249
82,3.172088,630.499540
