n_threads,Time,GFLOPS
98,3.025435,661.061981
98,3.080617,649.220673
98,3.018590,662.560997
98,3.006631,665.196437
98,3.046618,656.465564
