n_threads,Time,GFLOPS
74,3.033917,659.213850
74,2.854311,700.694531
74,2.712416,737.349958
74,2.969335,673.551449
74,2.858334,699.708374
