n_threads,Time,GFLOPS
36,0.952565,2099.593786
36,1.018527,1963.620496
36,0.951731,2101.433188
36,0.953167,2098.268608
36,0.958124,2087.411424
