n_threads,Time,GFLOPS
126,3.054406,654.791885
126,2.925039,683.751619
126,2.919392,685.074232
126,2.947197,678.610966
126,3.199226,625.151230
