n_threads,Time,GFLOPS
122,3.301888,605.714128
122,3.298011,606.426193
122,3.302549,605.592882
122,3.300123,606.038071
122,3.327846,600.989359
