n_threads,Time,GFLOPS
60,1.163021,1719.659245
60,1.131255,1767.948709
60,1.191486,1678.576635
60,1.193582,1675.628168
60,1.185442,1687.134960
