n_threads,Time,GFLOPS
94,1.440958,1387.965941
94,1.454333,1375.200626
94,1.452804,1376.648289
94,1.448563,1380.678628
94,1.432985,1395.688011
