n_threads,Time,GFLOPS
22,1.258091,1589.709963
22,1.252362,1596.982584
22,1.236712,1617.191372
22,1.285448,1555.877414
22,1.276643,1566.608919
