n_threads,Time,GFLOPS
14,1.592875,1255.590987
14,1.619278,1235.118714
14,1.586498,1260.638227
14,1.590809,1257.222089
14,1.607132,1244.453019
