n_threads,Time,GFLOPS
126,1.726398,1158.481123
126,1.717342,1164.590475
126,1.749802,1142.986179
126,1.722646,1161.004485
126,1.761716,1135.256628
