n_threads,Time,GFLOPS
92,1.405815,1422.662121
92,1.418235,1410.203678
92,1.410593,1417.843777
92,1.414240,1414.187500
92,1.408738,1419.710894
