n_threads,Time,GFLOPS
26,1.244356,1607.256478
26,1.246652,1604.296613
26,1.266601,1579.029467
26,1.239090,1614.087456
26,1.245134,1606.252962
