n_threads,Time,GFLOPS
46,2.428233,823.644323
46,2.523780,792.462230
46,2.408740,830.309473
46,2.427185,823.999680
46,2.421904,825.796403
