n_threads,Time,GFLOPS
2,21.398691,93.463659
2,21.512788,92.967959
2,21.441041,93.279051
2,21.546000,92.824655
2,21.514652,92.959906
