n_threads,Time,GFLOPS
14,1.594178,1254.565433
14,1.587134,1260.132946
14,1.598968,1250.806601
14,1.589981,1257.876421
14,1.594317,1254.455805
