n_threads,Time,GFLOPS
116,1.643233,1217.112595
116,1.639929,1219.564874
116,1.635875,1222.587380
116,1.630563,1226.569887
116,1.628580,1228.063585
