n_threads,Time,GFLOPS
28,1.276135,1567.232309
28,1.271555,1572.877839
28,1.278311,1564.564252
28,1.244913,1606.537421
28,1.247238,1603.543181
