n_threads,Time,GFLOPS
10,2.111706,947.101479
10,2.116210,945.085785
10,2.118248,944.176402
10,2.122569,942.254222
10,2.129078,939.373742
