n_threads,Time,GFLOPS
46,1.018215,1964.221196
46,0.989693,2020.828912
46,0.990156,2019.883130
46,0.998243,2003.520261
46,0.998021,2003.965959
