n_threads,Time,GFLOPS
128,3.385952,590.675778
128,3.384131,590.993636
128,3.414726,585.698494
128,3.426997,583.601336
128,3.385346,590.781527
