n_threads,Time,GFLOPS
96,1.464202,1365.932045
96,1.460479,1369.414119
96,1.470353,1360.217802
96,1.469130,1361.349741
96,1.472679,1358.069407
