n_threads,Time,GFLOPS
62,1.157825,1727.377207
62,1.148076,1742.045322
62,1.151607,1736.703942
62,1.124082,1779.230007
62,1.168106,1712.174056
