n_threads,Time,GFLOPS
62,2.462539,812.170023
62,2.565773,779.492081
62,2.605047,767.740606
62,2.454973,814.672762
62,2.539261,787.630861
