n_threads,Time,GFLOPS
52,1.032108,1937.781660
52,1.081168,1849.851972
52,1.069446,1870.127696
52,1.083852,1845.270515
52,1.079913,1852.001084
