n_threads,Time,GFLOPS
120,3.313537,603.584668
120,3.327240,601.098817
120,3.268695,611.864902
120,3.305736,605.009053
120,3.320718,602.279360
