n_threads,Time,GFLOPS
114,1.666556,1200.079804
114,1.647519,1213.946911
114,1.650553,1211.714776
114,1.655620,1208.006995
114,1.647675,1213.831619
