n_threads,Time,GFLOPS
6,7.177905,278.632819
6,7.152493,279.622789
6,7.160849,279.296503
6,7.169988,278.940485
6,7.160496,279.310260
