n_threads,Time,GFLOPS
110,3.183417,628.255695
110,3.208544,623.335691
110,3.151273,634.664059
110,3.174010,630.117649
110,3.171705,630.575746
