n_threads,Time,GFLOPS
52,2.377809,841.110427
52,2.341886,854.012669
52,2.372471,843.003039
52,2.364485,845.850112
52,2.402238,832.557135
