n_threads,Time,GFLOPS
58,1.095419,1825.785628
58,1.083575,1845.742715
58,1.137617,1758.060552
58,1.090740,1833.617894
58,1.136508,1759.776811
