n_threads,Time,GFLOPS
60,1.140223,1754.042208
60,1.146185,1744.918979
60,1.202907,1662.639119
60,1.130948,1768.428610
60,1.167447,1713.140389
