n_threads,Time,GFLOPS
12,3.665034,545.697562
12,3.662635,546.054994
12,3.660272,546.407453
12,3.662317,546.102318
12,3.654423,547.281979
