n_threads,Time,GFLOPS
102,1.510643,1323.939733
102,1.518431,1317.149324
102,1.511761,1322.960186
102,1.521825,1314.211745
102,1.515787,1319.446202
