n_threads,Time,GFLOPS
82,1.344765,1487.249171
82,1.330619,1503.060097
82,1.358412,1472.307178
82,1.348916,1482.672179
82,1.334042,1499.202827
