n_threads,Time,GFLOPS
48,1.182477,1691.364405
48,1.175803,1700.964981
48,1.171539,1707.156597
48,1.187560,1684.125757
48,1.179294,1695.929781
