n_threads,Time,GFLOPS
74,1.252591,1596.690640
74,1.253565,1595.449805
74,1.263746,1582.596895
74,1.253081,1596.065447
74,1.287192,1553.769812
