n_threads,Time,GFLOPS
28,1.260180,1587.074869
28,1.246323,1604.720147
28,1.252290,1597.074428
28,1.227189,1629.741339
28,1.223930,1634.080243
