n_threads,Time,GFLOPS
72,1.213653,1647.917251
72,1.239574,1613.457347
72,1.245022,1606.397016
72,1.222011,1636.646685
72,1.232436,1622.801758
