n_threads,Time,GFLOPS
90,2.880313,694.369061
90,2.913242,686.520493
90,2.876494,695.290750
90,2.891067,691.786189
90,2.852353,701.175540
