n_threads,Time,GFLOPS
88,2.843568,703.341639
88,2.806311,712.679511
88,2.797713,714.869703
88,2.799443,714.427931
88,2.830295,706.640155
