n_threads,Time,GFLOPS
48,2.506786,797.834328
48,2.459616,813.135176
48,2.392892,835.808662
48,2.518026,794.273008
48,2.523113,792.671693
