n_threads,Time,GFLOPS
92,1.404258,1424.239262
92,1.388923,1439.964562
92,1.370702,1459.106207
92,1.373053,1456.608364
92,1.376463,1452.999933
