n_threads,Time,GFLOPS
44,1.029206,1943.245606
44,1.016821,1966.915076
44,1.012867,1974.592531
44,1.005167,1989.718221
44,0.978244,2044.478737
