n_threads,Time,GFLOPS
12,1.796141,1113.498143
12,1.803142,1109.175173
12,1.797037,1112.943163
12,1.792695,1115.638792
12,1.791665,1116.279972
