n_threads,Time,GFLOPS
4,5.631784,355.127270
4,5.473128,365.421746
4,5.497288,363.815729
4,5.462432,366.137311
4,5.587520,357.940563
