n_threads,Time,GFLOPS
58,1.180292,1694.496299
58,1.197788,1669.744978
58,1.220047,1639.281737
58,1.162548,1720.359189
58,1.207438,1656.399920
