n_threads,Time,GFLOPS
90,1.443603,1385.422143
90,1.567415,1275.986317
90,1.448718,1380.531072
90,1.465759,1364.480470
90,1.446849,1382.314445
