n_threads,Time,GFLOPS
8,2.696574,741.681878
8,2.691278,743.141468
8,2.681713,745.792021
8,2.699096,740.988910
8,2.706717,738.902422
