n_threads,Time,GFLOPS
1,22.147754,90.302611
1,22.712438,88.057478
1,22.261695,89.840418
1,22.354742,89.466477
1,22.359062,89.449191
