n_threads,Time,GFLOPS
106,3.080949,649.150656
106,3.145082,635.913447
106,3.118472,641.339764
106,3.103753,644.381072
106,3.094657,646.275078
