n_threads,Time,GFLOPS
48,2.207437,906.028213
48,2.222633,899.833493
48,2.254280,887.201127
48,2.253671,887.441066
48,2.202090,908.227967
