n_threads,Time,GFLOPS
102,2.999288,666.824872
102,3.088326,647.600123
102,3.084560,648.390658
102,3.064955,652.538075
102,2.782296,718.830708
