n_threads,Time,GFLOPS
22,1.382817,1446.323087
22,1.392918,1435.834210
22,1.381550,1447.648954
22,1.380305,1448.954611
22,1.389544,1439.320846
