n_threads,Time,GFLOPS
40,1.202621,1663.034287
40,1.210018,1652.868076
40,1.207448,1656.385568
40,1.196493,1671.551747
40,1.197917,1669.564940
