n_threads,Time,GFLOPS
44,2.241620,892.211785
44,2.241892,892.103807
44,2.242917,891.695776
44,2.267459,882.044617
44,2.274707,879.234264
