n_threads,Time,GFLOPS
98,1.487435,1344.596535
98,1.485909,1345.977717
98,1.485012,1346.790559
98,1.536992,1301.242528
98,1.482359,1349.200588
