n_threads,Time,GFLOPS
110,1.414348,1414.079095
110,1.355036,1475.975043
110,1.360107,1470.472071
110,1.439385,1389.481877
110,1.426488,1402.044350
