n_threads,Time,GFLOPS
76,2.564146,779.986685
76,2.609361,766.471156
76,2.564073,780.008860
76,2.587037,773.085135
76,2.561175,780.891709
