n_threads,Time,GFLOPS
6,3.565330,560.957969
6,3.566322,560.801899
6,3.529093,566.717806
6,3.561890,561.499625
6,3.533270,566.047886
