n_threads,Time,GFLOPS
94,2.882529,693.835235
94,2.894442,690.979446
94,2.848867,702.033485
94,2.888689,692.355553
94,2.905285,688.400739
