n_threads,Time,GFLOPS
20,1.191058,1679.180021
20,1.218745,1641.032041
20,1.201521,1664.557403
20,1.211944,1650.240655
20,1.191730,1678.232388
