n_threads,Time,GFLOPS
78,2.582750,774.368462
78,2.574305,776.908777
78,2.556537,782.308395
78,2.580396,775.074922
78,2.490834,802.943901
