n_threads,Time,GFLOPS
80,1.261899,1584.913386
80,1.273516,1570.455012
80,1.272280,1571.981382
80,1.283214,1558.586059
80,1.268177,1577.067274
