n_threads,Time,GFLOPS
18,1.326507,1507.719010
18,1.358706,1471.988637
18,1.360784,1469.741174
18,1.369855,1460.008979
18,1.356044,1474.878496
