n_threads,Time,GFLOPS
36,2.264216,883.308040
36,2.248559,889.458626
36,2.273467,879.713564
36,2.227137,898.014025
36,2.277183,878.278127
