n_threads,Time,GFLOPS
60,2.527057,791.434511
60,2.550448,784.175908
60,2.442504,818.831808
60,2.537928,788.044524
60,2.529918,790.539303
