n_threads,Time,GFLOPS
118,2.953708,677.115112
118,3.151637,634.590773
118,3.017929,662.706076
118,2.950777,677.787497
118,3.008697,664.739618
