n_threads,Time,GFLOPS
96,2.941454,679.935769
96,2.924150,683.959542
96,2.910349,687.202796
96,2.929699,682.663923
96,2.905220,688.416088
