n_threads,Time,GFLOPS
64,2.504624,798.523117
64,2.563101,780.304799
64,2.562792,780.398749
64,2.639601,757.690129
64,2.509130,797.088971
