n_threads,Time,GFLOPS
86,3.187032,627.543064
86,2.798071,714.778134
86,3.132169,638.535052
86,3.300308,606.004012
86,3.266939,612.193877
