n_threads,Time,GFLOPS
84,2.743155,729.087482
84,2.812492,711.113172
84,2.700426,740.623840
84,2.661483,751.460631
84,2.742417,729.283819
