n_threads,Time,GFLOPS
10,2.253136,887.651890
10,2.248464,889.496146
10,2.236460,894.270334
10,2.270989,880.673397
10,2.254070,887.283893
