n_threads,Time,GFLOPS
66,2.830059,706.698967
66,2.972650,672.800395
66,2.914860,686.139339
66,2.973457,672.617857
66,2.805053,712.998941
