n_threads,Time,GFLOPS
98,1.338976,1493.679309
98,1.340764,1491.687050
98,1.418231,1410.207387
98,1.389390,1439.480921
98,1.430640,1397.975610
