n_threads,Time,GFLOPS
74,1.292423,1547.480899
74,1.289264,1551.272806
74,1.301011,1537.265941
74,1.305627,1531.830691
74,1.301996,1536.102648
