n_threads,Time,GFLOPS
56,2.486785,804.251357
56,2.624281,762.113438
56,2.458635,813.459357
56,2.613857,765.152707
56,2.481629,805.922313
