n_threads,Time,GFLOPS
110,1.590178,1257.720946
110,1.601401,1248.906552
110,1.592669,1255.753736
110,1.603569,1247.217860
110,1.593979,1254.721869
