n_threads,Time,GFLOPS
38,0.972146,2057.305020
38,0.973807,2053.794084
38,1.005690,1988.683888
38,0.998031,2003.945813
38,0.967870,2066.393436
