n_threads,Time,GFLOPS
66,2.623786,762.257242
66,2.609473,766.438425
66,2.565204,779.665125
66,2.582546,774.429593
66,2.583397,774.174400
