n_threads,Time,GFLOPS
46,0.982805,2034.991819
46,0.986659,2027.043468
46,1.014833,1970.767676
46,0.977381,2046.284829
46,1.024250,1952.647772
