n_threads,Time,GFLOPS
32,0.916520,2182.167424
32,0.941983,2123.180434
32,0.934970,2139.106383
32,0.922064,2169.046629
32,0.920422,2172.915666
