n_threads,Time,GFLOPS
32,2.203601,907.605284
32,2.214227,903.249869
32,2.213579,903.514076
32,2.203858,907.499543
32,2.206913,906.243135
