n_threads,Time,GFLOPS
106,1.549710,1290.564439
106,1.554715,1286.409366
106,1.545868,1293.771395
106,1.566484,1276.744807
106,1.541602,1297.351349
