n_threads,Time,GFLOPS
54,2.366803,845.021762
54,2.468304,810.273112
54,2.370211,843.806671
54,2.462434,812.204482
54,2.358980,847.824136
