n_threads,Time,GFLOPS
34,2.247926,889.708805
34,2.248390,889.525470
34,2.245671,890.602297
34,2.242955,891.680777
34,2.245371,890.721535
