n_threads,Time,GFLOPS
116,3.192195,626.528064
116,3.226188,619.926698
116,3.235986,618.049607
116,3.199664,625.065573
116,3.232321,618.750384
