n_threads,Time,GFLOPS
68,2.647127,755.536100
68,2.573873,777.039193
68,2.592475,771.463448
68,2.603405,768.224545
68,2.625510,761.756658
