n_threads,Time,GFLOPS
40,2.255082,886.885882
40,2.249748,888.988588
40,2.252898,887.745598
40,2.250092,888.852601
40,2.239965,892.870931
