n_threads,Time,GFLOPS
104,3.004521,665.663553
104,3.050700,655.587301
104,3.063949,652.752459
104,3.044217,656.983417
104,3.101728,644.801783
