n_threads,Time,GFLOPS
76,2.581088,774.867060
76,2.623027,762.477876
76,2.610210,766.221977
76,2.581109,774.860796
76,2.576853,776.140633
