n_threads,Time,GFLOPS
100,2.981615,670.777309
100,3.045656,656.672945
100,2.967335,674.005438
100,3.005801,665.380079
100,3.021920,661.830914
