n_threads,Time,GFLOPS
64,1.202401,1663.338188
64,1.164613,1717.308260
64,1.211947,1650.237801
64,1.208847,1654.468521
64,1.156890,1728.772727
