n_threads,Time,GFLOPS
22,1.222000,1636.661503
22,1.230450,1625.422162
22,1.221933,1636.750324
22,1.221832,1636.885932
22,1.221931,1636.754017
