n_threads,Time,GFLOPS
64,2.470284,809.623451
64,2.481449,805.980831
64,2.532805,789.638260
64,2.492535,802.396082
64,2.535188,788.896035
