n_threads,Time,GFLOPS
10,5.364733,372.805137
10,5.385891,371.340583
10,5.357152,373.332712
10,5.386210,371.318610
10,5.361244,373.047764
