n_threads,Time,GFLOPS
20,1.262954,1583.588764
20,1.285016,1556.400625
20,1.272761,1571.386367
20,1.278249,1564.640934
20,1.251766,1597.742778
