n_threads,Time,GFLOPS
8,3.048084,656.149909
8,3.053252,655.039225
8,3.074966,650.413676
8,3.046178,656.560407
8,3.054595,654.751241
