n_threads,Time,GFLOPS
23,1.184853,1687.973247
23,1.197122,1670.673814
23,1.185776,1686.659199
23,1.186678,1685.376591
23,1.183698,1689.620866
