n_threads,Time,GFLOPS
1,23.789098,84.072124
1,23.810463,83.996688
1,23.774066,84.125281
1,23.802335,84.025368
1,23.779411,84.106374
