n_threads,Time,GFLOPS
17,3.515985,568.830691
17,3.613536,553.474436
17,3.528652,566.788620
17,3.534036,565.925127
17,3.514864,569.012040
