n_threads,Time,GFLOPS
13,2.126401,940.556527
13,2.163860,924.274320
13,2.155661,927.789731
13,2.127181,940.211375
13,2.132863,937.706898
