n_threads,Time,GFLOPS
6,8.938764,223.744573
6,8.722385,229.295096
6,8.739451,228.847321
6,8.793776,227.433587
6,8.830441,226.489257
