n_threads,Time,GFLOPS
8,6.958970,287.398845
8,6.955233,287.553260
8,6.965635,287.123841
8,6.920330,289.003542
8,6.932498,288.496289
