n_threads,Time,GFLOPS
4,6.215426,321.780043
4,6.159226,324.716135
4,6.143740,325.534624
4,6.211983,321.958358
4,6.174139,323.931828
