n_threads,Time,GFLOPS
3,8.306650,240.770943
3,8.402822,238.015273
3,8.390405,238.367516
3,8.320309,240.375676
3,8.258179,242.184145
