n_threads,Time,GFLOPS
10,5.390734,371.006963
10,5.353739,373.570729
10,5.360960,373.067510
10,5.301245,377.269884
10,5.329052,375.301289
