n_threads,Time,GFLOPS
24,1.049721,1905.269058
24,1.061185,1884.685387
24,1.062735,1881.935909
24,1.048758,1907.016878
24,1.053729,1898.021982
