n_threads,Time,GFLOPS
20,2.833742,705.780438
20,2.874768,695.708247
20,2.824064,708.199140
20,2.869185,697.062110
20,2.818798,709.522264
