n_threads,Time,GFLOPS
22,1.185144,1687.558704
22,1.168089,1712.197875
22,1.183536,1689.851173
22,1.179435,1695.726828
22,1.184292,1688.772264
