n_threads,Time,GFLOPS
5,4.914231,406.981297
5,4.915671,406.862074
5,4.907191,407.565152
5,4.897365,408.382890
5,4.964429,402.866029
