n_threads,Time,GFLOPS
17,1.559928,1282.110111
17,1.561673,1280.678126
17,1.596966,1252.374509
17,1.590124,1257.763771
17,1.554580,1286.521145
