n_threads,Time,GFLOPS
3,8.284519,241.414148
3,8.249520,242.438343
3,8.222147,243.245457
3,8.274984,241.692303
3,8.244946,242.572843
