n_threads,Time,GFLOPS
13,4.759450,420.216648
13,4.773686,418.963456
13,4.810104,415.791418
13,4.804611,416.266786
13,4.793927,417.194506
