n_threads,Time,GFLOPS
5,4.892519,408.787368
5,4.884493,409.459078
5,4.887115,409.239435
5,4.899521,408.203178
5,4.900280,408.139958
