n_threads,Time,GFLOPS
1,50.084351,39.932633
1,49.994144,40.004686
1,50.047337,39.962166
1,50.104326,39.916713
1,49.956343,40.034956
