n_threads,Time,GFLOPS
6,8.934931,223.840558
6,9.011838,221.930304
6,8.977147,222.787942
6,8.937827,223.768043
6,8.964035,223.113810
