n_threads,Time,GFLOPS
12,4.699847,425.545754
12,4.692205,426.238839
12,4.721304,423.611805
12,4.707800,424.826919
12,4.699643,425.564252
