n_threads,Time,GFLOPS
16,1.564097,1278.693145
16,1.577088,1268.160056
16,1.569551,1274.249397
16,1.587465,1259.870279
16,1.562795,1279.758378
