n_threads,Time,GFLOPS
23,2.552949,783.407677
23,2.558801,781.616149
23,2.545084,785.828551
23,2.542956,786.486278
23,2.556210,782.408263
