n_threads,Time,GFLOPS
21,1.236323,1617.700361
21,1.218647,1641.164841
21,1.257298,1590.712553
21,1.211477,1650.877174
21,1.230563,1625.272469
