n_threads,Time,GFLOPS
15,3.811573,524.717707
15,3.817608,523.888259
15,3.802985,525.902687
15,3.775077,529.790540
15,3.785783,528.292260
