n_threads,Time,GFLOPS
7,7.859122,254.481351
7,7.837824,255.172864
7,7.837298,255.189988
7,7.842634,255.016363
7,7.849096,254.806403
