n_threads,Time,GFLOPS
21,2.766736,722.873425
21,2.763428,723.738650
21,2.771716,721.574732
21,2.766635,722.899780
21,2.765279,723.254318
