n_threads,Time,GFLOPS
13,4.758503,420.300255
13,4.805949,416.150896
13,4.784282,418.035558
13,4.808137,415.961523
13,4.811994,415.628106
