n_threads,Time,GFLOPS
2,12.564275,159.181494
2,12.543104,159.450167
2,12.540600,159.481998
2,12.638055,158.252196
2,12.520389,159.739446
