n_threads,Time,GFLOPS
19,3.172842,630.349662
19,3.176233,629.676636
19,3.204046,624.210768
19,3.186551,627.637880
19,3.179167,629.095660
