n_threads,Time,GFLOPS
12,2.047729,976.691920
12,2.043441,978.741100
12,2.047138,976.973693
12,2.043271,978.822563
12,2.042624,979.132566
