n_threads,Time,GFLOPS
16,3.566693,560.743564
16,3.619312,552.591206
16,3.530369,566.512940
16,3.550301,563.332485
16,3.586568,557.636105
