n_threads,Time,GFLOPS
3,17.100882,116.953030
3,17.147907,116.632306
3,16.895492,118.374774
3,16.854063,118.665750
3,17.079854,117.097018
