n_threads,Time,GFLOPS
14,1.889027,1058.746153
14,1.858968,1075.865775
14,1.860579,1074.934398
14,1.844032,1084.580016
14,1.850772,1080.629906
