n_threads,Time,GFLOPS
3,16.949285,117.999080
3,17.194964,116.313124
3,16.961098,117.916897
3,17.176233,116.439964
3,17.175922,116.442072
