n_threads,Time,GFLOPS
12,4.698515,425.666382
12,4.685842,426.817675
12,4.703973,425.172526
12,4.729538,422.874279
12,4.660937,429.098258
