n_threads,Time,GFLOPS
9,6.196451,322.765399
9,6.161294,324.607136
9,6.192722,322.959756
9,6.263441,319.313313
9,6.261527,319.410927
