n_threads,Time,GFLOPS
4,13.375238,149.530054
4,13.244752,151.003208
4,13.442857,148.777899
4,13.209407,151.407246
4,13.490506,148.252409
