n_threads,Time,GFLOPS
6,4.140063,483.084486
6,4.113926,486.153567
6,4.119926,485.445604
6,4.109206,486.712081
6,4.145731,482.423971
