n_threads,Time,GFLOPS
16,3.555098,562.572460
16,3.516335,568.773961
16,3.526863,567.076201
16,3.529314,566.682425
16,3.576044,559.277258
