n_threads,Time,GFLOPS
23,1.169899,1709.548679
23,1.170172,1709.149857
23,1.175806,1700.961013
23,1.177235,1698.896784
23,1.168811,1711.140118
