n_threads,Time,GFLOPS
15,1.756563,1138.587026
15,1.746873,1144.902857
15,1.739929,1149.472207
15,1.829231,1093.355390
15,1.835678,1089.515675
