n_threads,Time,GFLOPS
15,1.711876,1168.308805
15,1.725488,1159.092104
15,1.712560,1167.841985
15,1.711928,1168.273442
15,1.723954,1160.123592
