n_threads,Time,GFLOPS
16,1.572830,1271.593539
16,1.564056,1278.726223
16,1.560651,1281.516349
16,1.582442,1263.869164
16,1.566703,1276.566061
