n_threads,Time,GFLOPS
11,2.262573,883.949557
11,2.237673,893.785818
11,2.224746,898.979084
11,2.250891,888.537160
11,2.263210,883.700643
