n_threads,Time,GFLOPS
7,3.491785,572.772882
7,3.484730,573.932626
7,3.488275,573.349236
7,3.484979,573.891521
7,3.485921,573.736500
