n_threads,Time,GFLOPS
11,2.222017,900.083220
11,2.249823,888.958795
11,2.220481,900.705739
11,2.279897,877.232704
11,2.222013,900.084821
