n_threads,Time,GFLOPS
5,10.954450,182.574213
5,11.057908,180.866038
5,10.912549,183.275244
5,10.930520,182.973907
5,10.953745,182.585954
