n_threads,Time,GFLOPS
7,7.859739,254.461360
7,7.833724,255.306413
7,7.839617,255.114517
7,7.834959,255.266182
7,7.868925,254.164314
