n_threads,Time,GFLOPS
9,2.721948,734.768020
9,2.702788,739.976526
9,2.702719,739.995619
9,2.702428,740.075161
9,2.711096,737.709020
