n_threads,Time,GFLOPS
22,2.566041,779.410632
22,2.560881,780.981195
22,2.563341,780.231759
22,2.556289,782.384155
22,2.587429,772.968112
