n_threads,Time,GFLOPS
2,25.798164,77.524897
2,25.830116,77.428999
2,25.860075,77.339295
2,25.887285,77.258004
2,25.743636,77.689103
