n_threads,Time,GFLOPS
21,2.741411,729.551239
21,2.759446,724.783268
21,2.737543,730.582165
21,2.727975,733.144488
21,2.741220,729.602127
