n_threads,Time,GFLOPS
19,1.425981,1402.543557
19,1.428759,1399.816157
19,1.420666,1407.790299
19,1.428974,1399.605951
19,1.421838,1406.630159
