n_threads,Time,GFLOPS
14,3.979229,502.609939
14,3.981644,502.305096
14,3.978711,502.675386
14,3.935651,508.175151
14,3.945618,506.891430
