n_threads,Time,GFLOPS
24,2.422341,825.647469
24,2.387132,837.825403
24,2.410610,829.665438
24,2.396217,834.649009
24,2.406930,830.934165
