n_threads,Time,GFLOPS
18,1.450149,1379.168481
18,1.452004,1377.406732
18,1.393574,1435.158530
18,1.406318,1422.153018
18,1.398553,1430.049311
