n_threads,Time,GFLOPS
14,1.897128,1054.225331
14,1.887887,1059.385234
14,1.918027,1042.738135
14,1.896588,1054.525125
14,1.892042,1057.058724
