n_threads,Time,GFLOPS
5,10.858780,184.182757
5,10.876068,183.889985
5,10.888415,183.681469
5,10.820736,184.830319
5,10.836742,184.557320
