n_threads,Time,GFLOPS
10,2.453129,815.285235
10,2.476498,807.591918
10,2.455389,814.534924
10,2.450057,816.307692
10,2.433961,821.705932
