n_threads,Time,GFLOPS
14,3.900106,512.806575
14,3.962317,504.755136
14,3.969531,503.837837
14,3.903197,512.400444
14,3.896873,513.232052
