n_threads,Time,GFLOPS
24,1.051279,1902.444497
24,1.048891,1906.775863
24,1.049902,1904.939231
24,1.052960,1899.407475
24,1.059226,1888.171383
