n_threads,Time,GFLOPS
8,3.069986,651.468851
8,3.077975,649.777853
8,3.043849,657.062846
8,3.083778,648.555041
8,3.086372,648.009985
