n_threads,Time,GFLOPS
1,49.102722,40.730940
1,49.374529,40.506716
1,49.107048,40.727352
1,49.156967,40.685993
1,49.154890,40.687712
