n_threads,Time,GFLOPS
6,4.098108,488.030040
6,4.092037,488.754078
6,4.097033,488.158179
6,4.091446,488.824718
6,4.095962,488.285737
