n_threads,Time,GFLOPS
2,12.566006,159.159557
2,12.573227,159.068155
2,12.588320,158.877430
2,12.723787,157.185908
2,12.569473,159.115666
