n_threads,Time,GFLOPS
1,24.108692,82.957633
1,24.112814,82.943451
1,24.116350,82.931289
1,24.300385,82.303221
1,24.305786,82.284934
