n_threads,Time,GFLOPS
4,6.156432,324.863478
4,6.214964,321.803940
4,6.156033,324.884555
4,6.180421,323.602545
4,6.153037,325.042721
