n_threads,Time,GFLOPS
11,4.954881,403.642359
11,4.991973,400.643177
11,4.967590,402.609700
11,4.944897,404.457379
11,4.997927,400.165935
