n_threads,Time,GFLOPS
18,3.236575,617.937163
18,3.151211,634.676598
18,3.246052,616.133147
18,3.224297,620.290299
18,3.208116,623.418948
