n_threads,Time,GFLOPS
10,2.432114,822.329751
10,2.436340,820.903651
10,2.434188,821.629285
10,2.432333,822.255800
10,2.435731,821.108592
