n_threads,Time,GFLOPS
7,2.140932,934.172405
7,2.141884,933.757594
7,2.139611,934.749227
7,2.141819,933.785584
7,2.141227,934.044043
