n_threads,Time,GFLOPS
2,7.740876,258.368688
2,7.732678,258.642617
2,7.748543,258.113034
2,7.712095,259.332911
2,7.715552,259.216725
