n_threads,Time,GFLOPS
23,0.681598,2934.280639
23,0.677387,2952.524006
23,0.694717,2878.868203
23,0.679307,2944.178836
23,0.680238,2940.147268
