n_threads,Time,GFLOPS
5,5.886457,339.762972
5,5.922561,337.691734
5,5.920145,337.829568
5,5.919661,337.857156
5,5.918986,337.895704
