n_threads,Time,GFLOPS
11,1.360025,1470.560664
11,1.359186,1471.468460
11,1.357517,1473.278205
11,1.357085,1473.746571
11,1.357095,1473.736330
