n_threads,Time,GFLOPS
17,0.898436,2226.090123
17,0.921103,2171.308677
17,0.918990,2176.302190
17,0.914493,2187.004261
17,0.913444,2189.514735
