n_threads,Time,GFLOPS
2,15.396470,129.899904
2,15.344040,130.343771
2,15.062106,132.783557
2,15.343689,130.346755
2,15.387518,129.975476
