n_threads,Time,GFLOPS
15,1.046920,1910.365972
15,1.045311,1913.305270
15,1.044883,1914.089161
15,1.079692,1852.379893
15,1.086308,1841.098446
