n_threads,Time,GFLOPS
9,1.661496,1203.734185
9,1.653498,1209.556807
9,1.655973,1207.748971
9,1.655813,1207.865719
9,1.657327,1206.762483
