n_threads,Time,GFLOPS
20,0.782202,2556.885310
20,0.786706,2542.244531
20,0.781937,2557.750126
20,0.793657,2519.979541
20,0.788842,2535.361620
