n_threads,Time,GFLOPS
13,2.327033,859.463465
13,2.328894,858.776792
13,2.309498,865.988890
13,2.332242,857.543903
13,2.344937,852.901481
