n_threads,Time,GFLOPS
11,2.669260,749.271269
11,2.668118,749.592138
11,2.671595,748.616391
11,2.670472,748.931312
11,2.667741,749.697982
