n_threads,Time,GFLOPS
16,0.995906,2008.221290
16,0.967898,2066.334418
16,0.964517,2073.577067
16,0.968173,2065.746064
16,0.970184,2061.464287
