n_threads,Time,GFLOPS
19,1.616140,1237.516455
19,1.614016,1239.145279
19,1.601024,1249.200669
19,1.616496,1237.243903
19,1.611784,1240.861430
