n_threads,Time,GFLOPS
11,1.355476,1475.496646
11,1.355659,1475.296901
11,1.360879,1469.638547
11,1.357123,1473.705662
11,1.357297,1473.517168
