n_threads,Time,GFLOPS
16,1.905368,1049.665742
16,1.904317,1050.245553
16,1.909518,1047.384653
16,1.905316,1049.694699
16,1.905260,1049.725686
