n_threads,Time,GFLOPS
20,1.538833,1299.686333
20,1.537562,1300.760234
20,1.537385,1300.910097
20,1.542592,1296.519116
20,1.544181,1295.184649
