n_threads,Time,GFLOPS
3,5.125092,390.236884
3,5.060474,395.219870
3,5.061698,395.124319
3,5.057245,395.472242
3,5.064048,394.940969
