n_threads,Time,GFLOPS
17,1.787485,1118.890287
17,1.791532,1116.362938
17,1.790054,1117.284510
17,1.798235,1112.201769
17,1.799628,1111.341023
