n_threads,Time,GFLOPS
20,0.780054,2563.924818
20,0.777993,2570.717997
20,0.786290,2543.591017
20,0.780202,2563.438371
20,0.781965,2557.659057
