n_threads,Time,GFLOPS
17,1.799973,1111.127671
17,1.798987,1111.736881
17,1.804988,1108.040597
17,1.788731,1118.110982
17,1.813465,1102.861299
