n_threads,Time,GFLOPS
12,2.447563,817.139460
12,2.450791,816.063224
12,2.452051,815.643621
12,2.451274,815.902187
12,2.450474,816.168465
