n_threads,Time,GFLOPS
10,2.932278,682.063668
10,2.931728,682.191474
10,2.930297,682.524699
10,2.933717,681.729010
10,2.931709,682.195899
