n_threads,Time,GFLOPS
9,1.654693,1208.683089
9,1.658528,1205.888898
9,1.654301,1208.970061
9,1.655422,1208.151413
9,1.655620,1208.006555
