n_threads,Time,GFLOPS
3,10.010100,199.798212
3,9.946401,201.077762
3,10.014442,199.711583
3,9.923074,201.550440
3,10.012016,199.759970
