n_threads,Time,GFLOPS
22,0.708564,2822.611719
22,0.708591,2822.503776
22,0.711540,2810.805128
22,0.725155,2758.031281
22,0.708501,2822.860495
