n_threads,Time,GFLOPS
13,1.224612,1633.169956
13,1.199318,1667.614320
13,1.203967,1661.174635
13,1.203837,1661.354083
13,1.208198,1655.357556
