n_threads,Time,GFLOPS
8,1.875315,1066.487562
8,1.877775,1065.090271
8,1.869524,1069.791014
8,1.868872,1070.164424
8,1.877615,1065.181082
