n_threads,Time,GFLOPS
5,2.994853,667.812392
5,3.002380,666.138120
5,2.995459,667.677363
5,3.000651,666.522073
5,2.995638,667.637312
