n_threads,Time,GFLOPS
7,4.172954,479.276741
7,4.171952,479.391876
7,4.174286,479.123879
7,4.173697,479.191441
7,4.175012,479.040549
