n_threads,Time,GFLOPS
12,1.251098,1598.595962
12,1.248317,1602.156988
12,1.245917,1605.242772
12,1.249482,1600.663831
12,1.247979,1602.590666
