n_threads,Time,GFLOPS
4,3.793653,527.196287
4,3.792805,527.314273
4,3.784942,528.409720
4,3.770828,530.387461
4,3.783802,528.568872
