n_threads,Time,GFLOPS
16,1.892270,1056.931355
16,1.908862,1047.744856
16,1.896478,1054.586251
16,1.902677,1051.150532
16,1.908158,1048.131205
