n_threads,Time,GFLOPS
24,1.291634,1548.426526
24,1.295726,1543.536611
24,1.291525,1548.557382
24,1.296998,1542.022517
24,1.296207,1542.963350
