n_threads,Time,GFLOPS
15,1.049331,1905.976556
15,1.046235,1911.616119
15,1.047267,1909.732841
15,1.045492,1912.974744
15,1.048802,1906.937750
