n_threads,Time,GFLOPS
23,0.682372,2930.953069
23,0.676529,2956.264353
23,0.678476,2947.785145
23,0.676476,2956.497799
23,0.694437,2880.032703
