n_threads,Time,GFLOPS
24,0.652772,3063.857107
24,0.653070,3062.456536
24,0.654350,3056.469162
24,0.651490,3069.885746
24,0.653667,3059.661165
