n_threads,Time,GFLOPS
3,9.967658,200.648931
3,9.963888,200.724848
3,9.957395,200.855755
3,9.967557,200.650981
3,9.971918,200.563222
