n_threads,Time,GFLOPS
14,1.107527,1805.825831
14,1.124362,1778.786593
14,1.118940,1787.405355
14,1.118483,1788.136027
14,1.160947,1722.731135
