n_threads,Time,GFLOPS
5,5.869000,340.773564
5,5.864370,341.042579
5,5.869825,340.725677
5,5.866871,340.897245
5,5.868511,340.801945
