n_threads,Time,GFLOPS
13,2.342539,853.774429
13,2.337401,855.651072
13,2.321500,861.511958
13,2.325179,860.148906
13,2.432547,822.183342
