n_threads,Time,GFLOPS
15,1.997442,1001.280765
15,2.024404,987.945002
15,2.019686,990.252820
15,1.998427,1000.787271
15,2.009733,995.156846
