n_threads,Time,GFLOPS
18,1.699711,1176.670597
18,1.699470,1176.837556
18,1.706327,1172.108344
18,1.703424,1174.106082
18,1.707389,1171.379329
