n_threads,Time,GFLOPS
6,4.879599,409.869722
6,4.875911,410.179734
6,4.878343,409.975280
6,4.875715,410.196244
6,4.878339,409.975581
