n_threads,Time,GFLOPS
1,15.241092,131.224195
1,15.243607,131.202545
1,15.292952,130.779198
1,15.259950,131.062024
1,15.300057,130.718463
