n_threads,Time,GFLOPS
14,2.160257,925.815804
14,2.159222,926.259512
14,2.159544,926.121605
14,2.163718,924.334714
14,2.165193,923.705095
