n_threads,Time,GFLOPS
18,0.864098,2314.551449
18,0.862090,2319.943767
18,0.867913,2304.379406
18,0.873867,2288.677226
18,0.884081,2262.236209
