n_threads,Time,GFLOPS
5,2.994543,667.881571
5,2.996338,667.481453
5,2.995291,667.714845
5,2.995132,667.750237
5,2.995229,667.728651
