n_threads,Time,GFLOPS
20,1.535461,1302.540257
20,1.539658,1298.989664
20,1.562005,1280.405715
20,1.533872,1303.889587
20,1.540974,1297.880672
