n_threads,Time,GFLOPS
13,1.203196,1662.238983
13,1.207499,1656.315571
13,1.215174,1645.855382
13,1.218387,1641.514526
13,1.220642,1638.482604
