n_threads,Time,GFLOPS
8,3.672779,544.546833
8,3.661623,546.205892
8,3.659714,546.490727
8,3.661503,546.223766
8,3.658070,546.736442
