n_threads,Time,GFLOPS
3,5.072424,394.288790
3,5.050062,396.034762
3,5.069995,394.477745
3,5.077994,393.856323
3,5.079111,393.769705
