n_threads,Time,GFLOPS
24,1.299387,1539.187425
24,1.297075,1541.931370
24,1.303877,1533.886828
24,1.295929,1543.294701
24,1.296270,1542.888507
