n_threads,Time,GFLOPS
4,7.454432,268.296749
4,7.377780,271.084251
4,7.455812,268.247116
4,7.415085,269.720443
4,7.371965,271.298096
