n_threads,Time,GFLOPS
22,1.399956,1428.616488
22,1.400822,1427.733397
22,1.402929,1425.589043
22,1.422004,1406.465836
22,1.427798,1400.758255
