n_threads,Time,GFLOPS
15,2.033736,983.411636
15,2.021238,989.492374
15,2.019484,990.352211
15,2.022031,989.104466
15,2.025174,987.569538
