n_threads,Time,GFLOPS
19,0.815324,2453.013053
19,0.823203,2429.534445
19,0.830997,2406.746535
19,0.824476,2425.783729
19,0.822938,2430.316079
