n_threads,Time,GFLOPS
16,0.976535,2048.057122
16,0.968073,2065.959360
16,0.967083,2068.073865
16,0.970443,2060.914346
16,0.971524,2058.622260
