n_threads,Time,GFLOPS
10,1.496553,1336.404339
10,1.494341,1338.382166
10,1.495624,1337.234538
10,1.492295,1340.217282
10,1.495831,1337.049607
