n_threads,Time,GFLOPS
12,2.441973,819.010023
12,2.441482,819.174555
12,2.440495,819.505750
12,2.442563,818.812172
12,2.441267,819.246843
