n_threads,Time,GFLOPS
1,30.713403,65.118151
1,30.521300,65.528009
1,30.483430,65.609414
1,30.368421,65.857886
1,30.465820,65.647338
