n_threads,Time,GFLOPS
1,29.927284,66.828650
1,29.922575,66.839168
1,29.871290,66.953920
1,29.869065,66.958910
1,29.870549,66.955582
