n_threads,Time,GFLOPS
23,1.349060,1482.513406
23,1.350196,1481.266240
23,1.348853,1482.741523
23,1.348580,1483.041943
23,1.374294,1455.292458
