n_threads,Time,GFLOPS
9,3.254159,614.598081
9,3.253193,614.780547
9,3.253693,614.686190
9,3.253820,614.662083
9,3.255253,614.391623
