n_threads,Time,GFLOPS
7,2.141477,933.934928
7,2.138323,935.312416
7,2.147148,931.468238
7,2.141491,933.928601
7,2.143460,933.070698
