n_threads,Time,GFLOPS
6,2.496496,801.122850
6,2.503140,798.996557
6,2.498233,800.565815
6,2.505379,798.282543
6,2.502330,799.255023
