n_threads,Time,GFLOPS
21,0.744685,2685.700736
21,0.747545,2675.422554
21,0.761218,2627.368109
21,0.750357,2665.396534
21,0.747542,2675.436276
