n_threads,Time,GFLOPS
4,3.781693,528.863694
4,3.783337,528.633788
4,3.780812,528.986881
4,3.783160,528.658578
4,3.782079,528.809694
