n_threads,Time,GFLOPS
7,4.186373,477.740478
7,4.185562,477.833089
7,4.185816,477.804065
7,4.186481,477.728199
7,4.182550,478.177187
