n_threads,Time,GFLOPS
21,1.469614,1360.901922
21,1.482754,1348.841374
21,1.455284,1374.302584
21,1.476172,1354.855725
21,1.473135,1357.649047
