n_threads,Time,GFLOPS
2,15.227095,131.344814
2,15.280282,130.887639
2,15.307358,130.656122
2,15.295626,130.756339
2,15.275701,130.926892
