n_threads,Time,GFLOPS
10,2.956490,676.477943
10,2.954577,676.915824
10,2.955578,676.686665
10,2.953929,677.064410
10,2.960518,675.557546
