n_threads,Time,GFLOPS
1,14.612280,136.871178
1,14.624395,136.757799
1,14.616892,136.827992
1,14.607545,136.915548
1,14.627264,136.730972
