n_threads,Time,GFLOPS
1,29.064769,68.811833
1,29.068532,68.802925
1,29.060414,68.822144
1,29.063681,68.814409
1,29.134175,68.647902
