n_threads,Time,GFLOPS
23,0.690823,2895.095973
23,0.689396,2901.088647
23,0.690762,2895.351521
23,0.689805,2899.368481
23,0.692213,2889.282163
