n_threads,Time,GFLOPS
23,1.438995,1389.858960
23,1.444813,1384.262300
23,1.434119,1394.584194
23,1.443882,1385.154684
23,1.435931,1392.824247
