n_threads,Time,GFLOPS
13,2.418644,826.909637
13,2.416635,827.597210
13,2.363845,846.079296
13,2.353331,849.859297
13,2.433043,822.015951
