n_threads,Time,GFLOPS
2,7.587299,263.598411
2,7.574797,264.033467
2,7.581322,263.806231
2,7.587511,263.591034
2,7.574384,264.047877
