n_threads,Time,GFLOPS
18,1.780708,1123.148501
18,1.758733,1137.182433
18,1.797971,1112.364838
18,1.765413,1132.879085
18,1.773043,1128.004465
