n_threads,Time,GFLOPS
14,2.243548,891.445333
14,2.392517,835.939566
14,2.217250,902.018335
14,2.224031,899.267872
14,2.204295,907.319749
