n_threads,Time,GFLOPS
15,1.005571,1988.919580
15,1.047792,1908.774982
15,1.041958,1919.463480
15,1.041903,1919.565012
15,1.062339,1882.638998
