n_threads,Time,GFLOPS
10,1.478559,1352.668122
10,1.486597,1345.354915
10,1.476984,1354.110956
10,1.478690,1352.548171
10,1.478543,1352.683224
