n_threads,Time,GFLOPS
22,0.745606,2682.381337
22,0.733554,2726.452105
22,0.737159,2713.117853
22,0.739892,2703.095985
22,0.739003,2706.347531
