n_threads,Time,GFLOPS
19,1.694493,1180.294025
19,1.661340,1203.847156
19,1.666793,1199.909010
19,1.683084,1188.295109
19,1.661621,1203.643757
