n_threads,Time,GFLOPS
9,1.645779,1215.230359
9,1.662142,1203.266790
9,1.645520,1215.421279
9,1.648553,1213.184982
9,1.646123,1214.976148
