n_threads,Time,GFLOPS
12,1.263293,1583.164373
12,1.260670,1586.458537
12,1.255075,1593.530092
12,1.259174,1588.343063
12,1.261558,1585.340717
