n_threads,Time,GFLOPS
2,14.921351,134.036123
2,14.837700,134.791784
2,14.917719,134.068755
2,14.920194,134.046518
2,14.924038,134.011987
