n_threads,Time,GFLOPS
22,1.481461,1350.018617
22,1.478297,1352.907706
22,1.487065,1344.931476
22,1.475180,1355.767161
22,1.478281,1352.923108
