n_threads,Time,GFLOPS
11,1.341904,1490.420076
11,1.341069,1491.347876
11,1.340841,1491.600938
11,1.345529,1486.404011
11,1.345768,1486.140543
