n_threads,Time,GFLOPS
21,1.543395,1295.844776
21,1.570441,1273.527414
21,1.541197,1297.692564
21,1.545694,1293.916912
21,1.537091,1301.158831
