n_threads,Time,GFLOPS
20,1.607068,1244.502418
20,1.612025,1240.675605
20,1.595628,1253.424761
20,1.604638,1246.386747
20,1.601353,1248.944000
