n_threads,Time,GFLOPS
11,2.671058,748.766967
11,2.680773,746.053602
11,2.678450,746.700578
11,2.673113,748.191319
11,2.669074,749.323659
