n_threads,Time,GFLOPS
20,0.800426,2498.670997
20,0.806122,2481.014809
20,0.802835,2491.171062
20,0.803106,2490.330473
20,0.796813,2509.998305
