n_threads,Time,GFLOPS
17,0.920265,2173.287760
17,0.926279,2159.177798
17,0.914099,2187.946734
17,0.912873,2190.884691
17,0.919710,2174.597784
