n_threads,Time,GFLOPS
3,5.015722,398.746200
3,4.949352,404.093278
3,4.949285,404.098749
3,4.947638,404.233263
3,4.968629,402.525549
