n_threads,Time,GFLOPS
1,14.603761,136.951024
1,14.627681,136.727074
1,14.601473,136.972486
1,14.618288,136.814924
1,14.589645,137.083525
