n_threads,Time,GFLOPS
24,0.662020,3021.058933
24,0.658697,3036.298750
24,0.659907,3030.728393
24,0.658920,3035.270780
24,0.659738,3031.504696
