n_threads,Time,GFLOPS
22,1.488237,1343.872115
22,1.479238,1352.047659
22,1.512493,1322.320172
22,1.475664,1355.322075
22,1.484866,1346.922690
