n_threads,Time,GFLOPS
12,2.476612,807.554814
12,2.488370,803.738931
12,2.486520,804.337065
12,2.478544,806.925408
12,2.484579,804.965275
