n_threads,Time,GFLOPS
4,3.703575,540.018804
4,3.711170,538.913592
4,3.706355,539.613719
4,3.723623,537.111233
4,3.715128,538.339424
