n_threads,Time,GFLOPS
4,7.389834,270.642062
4,7.367578,271.459618
4,7.420763,269.514078
4,7.373400,271.245276
4,7.377668,271.088380
