n_threads,Time,GFLOPS
7,4.198661,476.342357
7,4.192456,477.047367
7,4.189158,477.422955
7,4.197769,476.443548
7,4.191921,477.108234
