n_threads,Time,GFLOPS
24,1.470888,1359.722418
24,1.475855,1355.146304
24,1.439717,1389.161953
24,1.475728,1355.263143
24,1.442611,1386.375476
