n_threads,Time,GFLOPS
7,2.128001,939.849218
7,2.129655,939.119091
7,2.124784,941.272172
7,2.126272,940.613233
7,2.140714,934.267751
