n_threads,Time,GFLOPS
15,2.085668,958.925386
15,2.113877,946.128673
15,2.097525,953.504791
15,2.097534,953.500650
15,2.102350,951.316485
