n_threads,Time,GFLOPS
17,1.887336,1059.694635
17,1.910399,1046.901710
17,1.891044,1057.616734
17,1.920988,1041.130996
17,1.932030,1035.180519
