n_threads,Time,GFLOPS
19,0.815253,2453.226766
19,0.813573,2458.293242
19,0.808880,2472.553534
19,0.797759,2507.023143
19,0.812952,2460.170934
