n_threads,Time,GFLOPS
8,3.674957,544.224067
8,3.667974,545.260067
8,3.678198,543.744573
8,3.673485,544.442074
8,3.679573,543.541296
