n_threads,Time,GFLOPS
11,1.341592,1490.766474
11,1.344280,1487.785677
11,1.340430,1492.058314
11,1.340295,1492.208715
11,1.340013,1492.522911
