n_threads,Time,GFLOPS
16,0.960100,2083.116700
16,0.955012,2094.213712
16,0.953118,2098.376663
16,0.960619,2081.991566
16,0.980618,2039.529602
