n_threads,Time,GFLOPS
8,3.668221,545.223361
8,3.669116,545.090474
8,3.670252,544.921744
8,3.666138,545.533205
8,3.669668,545.008398
