n_threads,Time,GFLOPS
16,0.976854,2047.388098
16,0.956663,2090.599917
16,0.953263,2098.056119
16,0.973768,2053.877885
16,0.961725,2079.597583
