n_threads,Time,GFLOPS
20,0.795363,2514.573648
20,0.801281,2496.002512
20,0.796801,2510.036576
20,0.795252,2514.924670
20,0.792006,2525.232696
