n_threads,Time,GFLOPS
2,7.581456,263.801563
2,7.579806,263.859006
2,7.577576,263.936648
2,7.597361,263.249296
2,7.584758,263.686724
