n_threads,Time,GFLOPS
18,0.865307,2311.319017
18,0.847752,2359.179176
18,0.868138,2303.780809
18,0.863847,2315.225550
18,0.862739,2318.199491
