n_threads,Time,GFLOPS
5,5.911643,338.315399
5,5.879403,340.170614
5,5.876259,340.352570
5,5.878853,340.202439
5,5.877990,340.252373
