n_threads,Time,GFLOPS
18,0.868502,2302.814844
18,0.851655,2348.368864
18,0.871342,2295.308689
18,0.876238,2282.483924
18,0.866041,2309.360368
