n_threads,Time,GFLOPS
3,5.016145,398.712550
3,5.014341,398.855970
3,4.946144,404.355423
3,4.950583,403.992845
3,4.937243,405.084394
