n_threads,Time,GFLOPS
23,1.718669,1163.691341
23,1.473423,1357.383150
23,1.700779,1175.931925
23,1.451787,1377.612198
23,1.451555,1377.832547
