n_threads,Time,GFLOPS
18,1.756112,1138.879235
18,1.761933,1135.116787
18,1.770349,1129.720698
18,1.760718,1135.900557
18,1.754673,1139.813687
