n_threads,Time,GFLOPS
10,2.957847,676.167394
10,2.953091,677.256557
10,2.951785,677.556068
10,2.957755,676.188471
10,2.958813,675.946824
