n_threads,Time,GFLOPS
3,9.790267,204.284518
3,9.780539,204.487715
3,9.815290,203.763713
3,9.780841,204.481400
3,9.781702,204.463392
