n_threads,Time,GFLOPS
21,0.760207,2630.861280
21,0.752359,2658.304198
21,0.748918,2670.520213
21,0.763826,2618.396235
21,0.746224,2680.159673
