n_threads,Time,GFLOPS
2,14.970927,133.592258
2,14.985962,133.458232
2,14.980689,133.505204
2,14.985451,133.462781
2,14.977284,133.535564
