n_threads,Time,GFLOPS
6,2.476179,807.696192
6,2.475455,807.932319
6,2.475462,807.929839
6,2.474542,808.230512
6,2.482814,805.537506
