n_threads,Time,GFLOPS
15,1.094352,1827.565755
15,1.069076,1870.774119
15,1.073249,1863.499695
15,1.061335,1884.419977
15,1.047572,1909.177210
