n_threads,Time,GFLOPS
17,1.908624,1047.875237
17,1.902166,1051.432963
17,1.897704,1053.904947
17,1.945394,1028.069521
17,1.890802,1057.751946
