n_threads,Time,GFLOPS
6,4.922086,406.331771
6,4.887040,409.245714
6,4.894477,408.623817
6,4.892508,408.788315
6,4.886616,409.281209
