n_threads,Time,GFLOPS
9,1.643732,1216.743275
9,1.655119,1208.372690
9,1.643335,1217.037173
9,1.642635,1217.555773
9,1.643650,1216.803960
