n_threads,Time,GFLOPS
13,1.192944,1676.524688
13,1.190617,1679.801212
13,1.199444,1667.439682
13,1.200147,1666.462517
13,1.214993,1646.099431
