n_threads,Time,GFLOPS
21,1.538760,1299.747830
21,1.545337,1294.216101
21,1.540319,1298.431940
21,1.531859,1305.602960
21,1.598986,1250.792619
