n_threads,Time,GFLOPS
4,7.376177,271.143150
4,7.482685,267.283747
4,7.452037,268.382980
4,7.450302,268.445477
4,7.455645,268.253119
