n_threads,Time,GFLOPS
5,2.949393,678.105648
5,2.949273,678.133250
5,2.951918,677.525572
5,2.944464,679.240748
5,2.951289,677.670099
