n_threads,Time,GFLOPS
16,1.961880,1019.430447
16,1.966944,1016.805830
16,1.976867,1011.701752
16,1.958843,1021.010662
16,1.968917,1015.786640
