n_threads,Time,GFLOPS
8,1.868533,1070.358314
8,1.849762,1081.220421
8,1.850550,1080.759636
8,1.850682,1080.682531
8,1.866687,1071.416743
