n_threads,Time,GFLOPS
14,2.248471,889.493441
14,2.201084,908.643362
14,2.227389,897.912288
14,2.218497,901.511190
14,2.229930,896.888944
