n_threads,Time,GFLOPS
24,1.471736,1358.939651
24,1.440179,1388.716204
24,1.433159,1395.519030
24,1.443067,1385.937515
24,1.461296,1368.648202
