n_threads,Time,GFLOPS
12,2.483432,805.337156
12,2.477811,807.164147
12,2.476760,807.506464
12,2.482496,805.640661
12,2.477934,807.124118
