n_threads,Time,GFLOPS
13,2.416860,827.519891
13,2.418996,826.789307
13,2.405188,831.535713
13,2.500292,799.906659
13,2.472292,808.965952
