n_threads,Time,GFLOPS
19,1.690994,1182.736466
19,1.670129,1197.512406
19,1.658698,1205.765257
19,1.657753,1206.452314
19,1.692600,1181.614044
