n_threads,Time,GFLOPS
8,1.844495,1084.307791
8,1.846862,1082.918079
8,1.844669,1084.205240
8,1.846075,1083.379773
8,1.847975,1082.265883
