n_threads,Time,GFLOPS
11,2.679698,746.352848
11,2.669058,749.327915
11,2.670816,748.834942
11,2.670616,748.890818
11,2.669948,749.078327
