n_threads,Time,GFLOPS
14,1.142716,1750.215609
14,1.140332,1753.875804
14,1.131755,1767.166579
14,1.148998,1740.646650
14,1.128550,1772.185465
