n_threads,Time,GFLOPS
12,1.260241,1586.998612
12,1.262206,1584.526986
12,1.256817,1591.322179
12,1.260455,1586.728247
12,1.257701,1590.202896
