n_threads,Time,GFLOPS
13,1.202917,1662.625077
13,1.190106,1680.522002
13,1.191560,1678.471833
13,1.190932,1679.357663
13,1.189822,1680.923056
