n_threads,Time,GFLOPS
9,3.290869,607.742255
9,3.266750,612.229251
9,3.271018,611.430378
9,3.262382,613.048961
9,3.267847,612.023832
