n_threads,Time,GFLOPS
4,11.813564,169.296925
4,11.831985,169.033343
4,11.926397,167.695244
4,11.739050,170.371542
4,11.890201,168.205731
