n_threads,Time,GFLOPS
18,3.186323,627.682847
18,3.208742,623.297208
18,3.144992,635.931743
18,3.179672,628.995750
18,3.185522,627.840628
