n_threads,Time,GFLOPS
12,4.050346,493.784983
12,4.048326,494.031409
12,4.039192,495.148493
12,4.026829,496.668766
12,4.001994,499.750901
