n_threads,Time,GFLOPS
50,1.495715,1337.152897
50,1.486705,1345.256449
50,1.493076,1339.516368
50,1.504225,1329.588732
50,1.513376,1321.548461
