n_threads,Time,GFLOPS
114,1.697741,1178.035927
114,1.725443,1159.122617
114,1.726365,1158.503333
114,1.742375,1147.858743
114,1.720958,1162.143312
