n_threads,Time,GFLOPS
64,1.543096,1296.095996
64,1.548715,1291.392864
64,1.566541,1276.698393
64,1.551032,1289.464151
64,1.564479,1278.380964
