n_threads,Time,GFLOPS
58,3.158572,633.197572
58,3.162095,632.491996
58,3.160146,632.882096
58,3.164955,631.920603
58,2.631396,760.052913
