n_threads,Time,GFLOPS
92,1.703007,1174.393185
92,1.685977,1186.255572
92,1.718457,1163.835060
92,1.686379,1185.973078
92,1.758423,1137.382567
