n_threads,Time,GFLOPS
2,16.471451,121.422209
2,16.327791,122.490541
2,16.292986,122.752205
2,16.253532,123.050179
2,16.321523,122.537581
