n_threads,Time,GFLOPS
56,3.456930,578.548046
56,3.456977,578.540225
56,3.459107,578.183939
56,3.440983,581.229268
56,3.454143,579.014854
