n_threads,Time,GFLOPS
12,4.352489,459.507238
12,4.384829,456.118093
12,4.390244,455.555530
12,4.366586,458.023763
12,4.383750,456.230381
