n_threads,Time,GFLOPS
84,1.746959,1144.846836
84,1.703313,1174.182267
84,1.731192,1155.273355
84,1.734124,1153.320364
84,1.736134,1151.984739
