n_threads,Time,GFLOPS
98,3.884227,514.902973
98,4.000235,499.970656
98,3.889780,514.167846
98,3.978604,502.688832
98,3.947798,506.611539
