n_threads,Time,GFLOPS
16,3.943978,507.102220
16,3.942675,507.269845
16,3.936922,508.011063
16,3.929257,509.002090
16,3.937437,507.944668
