n_threads,Time,GFLOPS
104,1.674377,1194.474217
104,1.655454,1208.127460
104,1.611438,1241.127491
104,1.660432,1204.506050
104,1.654160,1209.072724
