n_threads,Time,GFLOPS
30,1.693738,1180.820109
30,1.651624,1210.929407
30,1.670149,1197.498230
30,1.682553,1188.669667
30,1.667714,1199.246492
