n_threads,Time,GFLOPS
36,3.427943,583.440352
36,3.435491,582.158461
36,3.442495,580.973893
36,3.432928,582.593083
36,3.440102,581.378123
