n_threads,Time,GFLOPS
120,1.647217,1214.169103
120,1.673329,1195.221915
120,1.661457,1203.762721
120,1.673239,1195.286210
120,1.674956,1194.061355
