n_threads,Time,GFLOPS
122,1.679047,1191.151895
122,1.678247,1191.719629
122,1.683087,1188.292679
122,1.667349,1199.508879
122,1.642335,1217.778138
