n_threads,Time,GFLOPS
108,3.816527,524.036591
108,3.834459,521.585969
108,3.857027,518.534064
108,3.818043,523.828535
108,3.848050,519.743757
