n_threads,Time,GFLOPS
6,7.523860,265.821014
6,7.520288,265.947261
6,7.514906,266.137728
6,7.540988,265.217224
6,7.536528,265.374172
