n_threads,Time,GFLOPS
68,1.925536,1038.672088
68,1.940236,1030.802595
68,1.973411,1013.473722
68,1.923493,1039.774977
68,1.973846,1013.250209
