n_threads,Time,GFLOPS
106,4.029892,496.291169
106,3.928625,509.083905
106,3.862677,517.775588
106,3.817023,523.968562
106,3.893200,513.716286
