n_threads,Time,GFLOPS
62,1.792436,1115.799773
62,1.738574,1150.367851
62,1.795787,1113.717757
62,1.860665,1074.884602
62,1.884428,1061.330115
