n_threads,Time,GFLOPS
66,1.970546,1014.947199
66,1.948730,1026.309335
66,1.965083,1017.768853
66,1.990014,1005.017979
66,1.963407,1018.637507
