n_threads,Time,GFLOPS
68,3.605428,554.719110
68,3.607926,554.335127
68,3.600745,555.440658
68,3.604111,554.921811
68,3.599017,555.707328
