n_threads,Time,GFLOPS
44,1.560432,1281.696671
44,1.618717,1235.546272
44,1.640694,1218.996550
44,1.628083,1228.438232
44,1.621357,1233.534702
