n_threads,Time,GFLOPS
116,3.860034,518.130126
116,3.841850,520.582599
116,3.857684,518.445845
116,3.855710,518.711181
116,3.839729,520.870127
