n_threads,Time,GFLOPS
30,3.314590,603.392796
30,3.314954,603.326540
30,3.329704,600.653930
30,3.321428,602.150617
30,3.322796,601.902776
