n_threads,Time,GFLOPS
18,2.275415,878.960607
18,2.290274,873.258105
18,2.283784,875.739597
18,2.255800,886.603562
18,2.296177,871.013059
