n_threads,Time,GFLOPS
116,1.760058,1136.326132
116,1.811877,1103.827650
116,1.772755,1128.187784
116,1.709676,1169.812471
116,1.712080,1168.169564
