n_threads,Time,GFLOPS
80,1.734101,1153.335060
80,1.745280,1145.947608
80,1.747480,1144.505255
80,1.754491,1139.932020
80,1.778993,1124.231610
