n_threads,Time,GFLOPS
30,2.225696,898.595250
30,2.266636,882.364854
30,2.226912,898.104589
30,2.253469,887.520715
30,2.267005,882.221204
