n_threads,Time,GFLOPS
118,1.370601,1459.213946
118,1.361225,1469.264660
118,1.358821,1471.864051
118,1.376561,1452.896183
118,1.374967,1454.580796
