n_threads,Time,GFLOPS
54,1.127773,1773.407245
54,1.083897,1845.193223
54,1.147166,1743.426389
54,1.150600,1738.223832
54,1.137518,1758.213973
