n_threads,Time,GFLOPS
104,1.392216,1436.559062
104,1.328749,1505.175711
104,1.383867,1445.225753
104,1.382274,1446.891071
104,1.409141,1419.304434
