n_threads,Time,GFLOPS
58,1.107739,1805.478966
58,1.100225,1817.809898
58,1.110211,1801.460156
58,1.114394,1794.697550
58,1.110122,1801.604364
