n_threads,Time,GFLOPS
22,1.274488,1569.257050
22,1.273987,1569.874288
22,1.253261,1595.837216
22,1.254682,1594.029034
22,1.288806,1551.823899
