n_threads,Time,GFLOPS
4,10.740824,186.205449
4,10.842216,184.464137
4,10.794175,185.285126
4,10.711695,186.711814
4,10.703896,186.847862
