n_threads,Time,GFLOPS
82,1.494562,1338.184370
82,1.594094,1254.631334
82,1.496925,1336.072176
82,1.626949,1229.294803
82,1.595253,1253.719296
