n_threads,Time,GFLOPS
90,3.117420,641.556114
90,2.885956,693.011280
90,2.995295,667.713891
90,3.139294,637.085947
90,3.004660,665.632752
