n_threads,Time,GFLOPS
32,0.920434,2172.886957
32,0.929108,2152.602153
32,0.923639,2165.348084
32,0.923750,2165.087591
32,0.927624,2156.045845
