n_threads,Time,GFLOPS
34,2.259028,885.336582
34,2.262840,883.845035
34,2.271107,880.627636
34,2.270926,880.698123
34,2.260312,884.833404
