n_threads,Time,GFLOPS
116,1.420613,1407.842598
116,1.394595,1434.108312
116,1.376653,1452.799331
116,1.370425,1459.401093
116,1.404033,1424.468016
