n_threads,Time,GFLOPS
80,3.018786,662.517953
80,3.033180,659.373949
80,2.959838,675.712757
80,2.914186,686.298037
80,3.067095,652.082904
