n_threads,Time,GFLOPS
20,1.286409,1554.715580
20,1.274366,1569.407797
20,1.278844,1563.912917
20,1.277429,1565.644857
20,1.274972,1568.661776
