n_threads,Time,GFLOPS
12,3.931073,508.766900
12,3.937933,507.880702
12,3.932119,508.631567
12,3.994656,500.668890
12,3.937272,507.965978
