n_threads,Time,GFLOPS
88,1.430963,1397.660602
88,1.435093,1393.638138
88,1.462570,1367.455600
88,1.437203,1391.592211
88,1.401037,1427.513764
