n_threads,Time,GFLOPS
10,4.596723,435.092593
10,4.674245,427.876592
10,4.618539,433.037387
10,4.593104,435.435361
10,4.669675,428.295334
