n_threads,Time,GFLOPS
126,1.407918,1420.537690
126,1.422205,1406.266775
126,1.427898,1400.660688
126,1.415942,1412.486905
126,1.422204,1406.268479
