n_threads,Time,GFLOPS
42,2.306582,780.013704
42,2.302255,868.713434
42,2.299892,869.606042
42,2.304858,867.732311
42,2.138315,935.315793
