n_threads,Time,GFLOPS
70,,
70,1.280135,1562.335824
70,1.243836,1607.928607
70,1.246530,1604.453397
70,1.256024,1592.325875
