n_threads,Time,GFLOPS
120,1.369495,1460.392405
120,1.372755,1456.924175
120,1.361107,1469.392372
120,1.354351,1476.722307
120,1.357851,1472.915146
