n_threads,Time,GFLOPS
24,1.237218,1616.530066
24,1.244719,1606.788616
24,1.243239,1608.701073
24,1.243600,1608.234097
24,1.242333,1609.874107
