n_threads,Time,GFLOPS
40,2.259860,885.010579
40,2.258081,885.707822
40,2.257046,886.113927
40,2.255778,886.612010
40,2.256606,886.286760
