n_threads,Time,GFLOPS
18,2.968635,673.710350
18,2.973329,672.646659
18,2.973997,672.495696
18,2.979766,671.193564
18,2.978578,671.461323
