n_threads,Time,GFLOPS
110,1.372158,1457.557847
110,1.344003,1488.092015
110,1.426550,1401.984085
110,1.394233,1434.480349
110,1.351989,1479.301888
