n_threads,Time,GFLOPS
52,1.075609,1859.411499
52,1.047747,1908.857171
52,1.044374,1915.023536
52,1.053331,1898.738194
52,1.049754,1905.208462
