n_threads,Time,GFLOPS
22,2.475789,807.823372
22,2.478329,806.995406
22,2.487025,804.173783
22,2.485013,804.824675
22,2.476816,807.488196
