n_threads,Time,GFLOPS
84,1.476097,1354.924289
84,1.440612,1388.298838
84,1.553999,1287.001920
84,1.476418,1354.629474
84,1.394971,1433.721174
