n_threads,Time,GFLOPS
124,1.421431,1407.032963
124,1.395267,1433.417431
124,1.381649,1447.545863
124,1.382111,1447.061502
124,1.374472,1455.103904
