n_threads,Time,GFLOPS
120,2.885274,693.175061
120,2.822739,708.531684
120,2.947571,678.524700
120,3.088036,647.660751
120,5.020986,398.328122
