n_threads,Time,GFLOPS
100,1.380223,1449.041601
100,1.304486,1533.171253
100,1.283328,1558.448544
100,1.289493,1550.997079
100,1.346667,1485.148218
