n_threads,Time,GFLOPS
4,11.212886,178.366208
4,11.151450,
4,11.084264,180.435981
4,11.242074,177.903113
4,11.156460,179.268338
