n_threads,Time,GFLOPS
2,22.201988,90.082022
2,22.162245,90.243565
2,22.119175,90.419286
2,22.169098,90.215669
2,22.137022,90.346389
