n_threads,Time,GFLOPS
6,7.462207,268.017241
6,7.487268,267.120131
6,3.947122,506.698353
6,7.463563,267.968542
6,7.488993,267.058593
