n_threads,Time,GFLOPS
96,3.839262,520.933429
96,3.819264,523.661158
96,3.808433,525.150319
96,3.825454,522.813755
96,3.712766,538.681971
