n_threads,Time,GFLOPS
36,1.705747,1172.506878
36,1.707668,1171.187815
36,1.727320,1157.862752
36,1.726913,1158.136144
36,1.733836,1153.511409
