n_threads,Time,GFLOPS
36,3.535495,565.691615
36,3.564163,561.141517
36,3.549192,563.508556
36,3.545769,564.052460
36,3.536126,565.590644
