n_threads,Time,GFLOPS
62,3.172977,630.322952
62,3.209960,623.060654
62,3.181996,628.536206
62,3.167987,631.315737
62,3.512729,569.357952
