n_threads,Time,GFLOPS
18,2.348164,851.729432
18,,
18,2.349197,851.354576
18,2.334834,856.591889
18,2.303891,868.096516
