n_threads,Time,GFLOPS
90,1.712421,1167.936871
90,1.745107,1146.061243
90,1.701692,1175.300834
90,1.688028,1184.814311
90,1.690400,1183.151787
