n_threads,Time,GFLOPS
128,3.877796,515.756870
128,3.856420,518.615741
128,3.944002,507.099091
128,3.794926,527.019510
128,3.824360,522.963262
