n_threads,Time,GFLOPS
48,3.555095,562.572928
48,3.552947,562.912926
48,3.579879,558.678162
48,3.525810,567.245563
48,3.567901,560.553726
