n_threads,Time,GFLOPS
106,1.717003,1164.820484
106,1.753787,1140.389655
106,1.678121,1191.808824
106,1.747480,1144.505033
106,1.709736,1169.770934
