n_threads,Time,GFLOPS
94,1.938231,1031.868745
94,1.910064,1047.085177
94,1.889809,1058.307784
94,2.018337,990.914737
94,1.936753,1032.656134
