n_threads,Time,GFLOPS
88,3.852278,519.173277
88,3.896137,513.328995
88,3.886516,514.599661
88,3.879894,515.478009
88,3.902934,512.435035
