n_threads,Time,GFLOPS
90,3.739789,534.789541
90,3.884903,514.813360
90,3.758986,532.058314
90,3.880116,655.416903
90,3.918639,510.381275
