n_threads,Time,GFLOPS
34,3.328972,600.786107
34,3.272889,611.080976
34,3.404099,587.527034
34,3.328468,600.876995
34,3.314559,603.398456
