n_threads,Time,GFLOPS
94,3.674570,544.281360
94,3.931365,508.729122
94,3.801083,526.165875
94,3.734798,535.504263
94,3.698172,540.807670
