n_threads,Time,GFLOPS
80,1.768408,1130.960771
80,1.787363,1118.966772
80,1.788415,1118.308834
80,1.775902,1126.188012
80,1.757599,1137.915701
