n_threads,Time,GFLOPS
10,4.726224,423.170833
10,4.702749,425.283128
10,4.687698,426.648664
10,4.714932,424.184292
10,4.719343,423.787826
