n_threads,Time,GFLOPS
120,1.684246,1187.475076
120,1.694771,1180.100376
120,1.666120,1200.394085
120,1.655496,1208.097483
120,1.737735,1150.923458
