n_threads,Time,GFLOPS
20,2.137466,935.687199
20,2.108766,948.422000
20,2.122848,942.130782
20,2.116791,944.826202
20,2.090531,956.694942
