n_threads,Time,GFLOPS
52,1.779570,1123.867279
52,1.707602,1171.232943
52,1.705173,1172.901376
52,1.738063,1150.706070
52,1.699614,1176.737886
