n_threads,Time,GFLOPS
52,3.423092,584.267099
52,3.394387,589.207944
52,3.425133,583.918978
52,3.454601,578.938010
52,3.438810,581.596619
