n_threads,Time,GFLOPS
30,3.195457,625.888645
30,4.088573,489.168168
30,3.160851,632.741086
30,3.179169,629.095303
30,3.153991,634.117136
