n_threads,Time,GFLOPS
86,3.871163,516.640595
86,3.911094,511.365844
86,3.909658,511.553729
86,4.069606,491.448043
86,3.862611,517.784518
