n_threads,Time,GFLOPS
38,3.258128,613.849497
38,3.262744,612.980915
38,3.284261,608.964918
38,3.293483,607.259864
38,3.259835,613.527996
