n_threads,Time,GFLOPS
118,3.875087,516.117502
118,4.079001,490.316194
118,3.900739,512.723409
118,3.935501,508.194500
118,3.883332,515.021599
