n_threads,Time,GFLOPS
66,1.969502,1015.485138
66,1.973123,1013.621696
66,1.930115,1036.207921
66,1.951882,1024.652093
66,1.958288,1021.300097
