n_threads,Time,GFLOPS
66,3.482408,574.315241
66,3.457289,578.487869
66,3.466938,576.877875
66,3.466741,576.910727
66,3.461839,577.727561
