n_threads,Time,GFLOPS
32,3.632436,550.594697
32,3.573360,559.697311
32,3.619041,552.632599
32,3.634942,550.215084
32,3.409812,586.542589
