n_threads,Time,GFLOPS
128,1.751798,1141.684205
128,1.796700,1113.151809
128,1.765351,1132.919224
128,1.742758,1147.606506
128,1.769883,1130.018191
