n_threads,Time,GFLOPS
64,1.158584,1726.245527
64,1.111897,1798.728533
64,1.138346,1756.934722
64,1.155957,1730.168743
64,1.161840,1721.407060
