n_threads,Time,GFLOPS
70,2.942606,679.669600
70,3.045372,656.734228
70,3.087640,647.743829
70,3.088806,647.499444
70,3.107280,643.649736
