n_threads,Time,GFLOPS
2,10.708666,186.764628
2,10.745521,186.124058
2,10.774279,185.627262
2,10.843795,184.437276
2,10.903527,183.426889
