n_threads,Time,GFLOPS
102,1.394161,1434.554060
102,1.347990,1483.690526
102,1.325578,1508.776205
102,1.383581,1445.524189
102,1.319050,1516.243006
