n_threads,Time,GFLOPS
52,,
52,1.161646,1721.695595
52,1.143939,1748.344629
52,1.153152,1734.376258
52,1.149899,1739.283446
