n_threads,Time,GFLOPS
2,21.894981,91.345137
2,21.919784,91.241777
2,21.952068,91.107591
2,22.010388,90.866186
2,22.033326,90.771589
