n_threads,Time,GFLOPS
46,2.557522,782.007097
46,2.423917,825.110813
46,2.421009,826.101804
46,2.405406,831.460441
46,2.586769,773.165430
