n_threads,Time,GFLOPS
62,2.486134,804.461739
62,2.435118,821.315464
62,2.439509,819.837252
62,2.556380,782.356279
62,2.482192,805.739342
