n_threads,Time,GFLOPS
36,2.547435,785.103443
36,2.580915,774.918888
36,2.554312,782.989584
36,2.556307,782.378529
36,2.552304,783.605826
