n_threads,Time,GFLOPS
110,3.180255,628.880305
110,3.097570,645.667433
110,3.166006,631.710841
110,2.983995,670.242381
110,2.971129,673.144839
