n_threads,Time,GFLOPS
118,3.041937,657.475768
118,3.108924,643.309347
118,3.251113,615.173923
118,3.099128,645.342762
118,2.992079,668.431519
