n_threads,Time,GFLOPS
76,1.353492,1477.659197
76,1.339869,1492.683004
76,1.321002,1514.002469
76,1.359935,1470.658957
76,1.358684,1472.013110
