n_threads,Time,GFLOPS
4,10.897634,183.526077
4,10.902456,183.444908
4,10.900310,183.481013
4,10.923262,183.095491
4,10.962665,182.437391
