n_threads,Time,GFLOPS
22,2.467077,810.676083
22,2.428763,823.464361
22,2.364349,845.898940
22,2.388220,837.443894
22,2.365553,845.468337
