n_threads,Time,GFLOPS
60,1.174362,1703.051880
60,1.138520,1756.666832
60,1.173029,1704.988020
60,1.132317,1766.290088
60,1.122071,1782.417711
