n_threads,Time,GFLOPS
8,2.830599,706.564332
8,2.726649,733.501094
8,2.834880,705.497128
8,2.858454,699.678951
8,2.824547,708.078030
