n_threads,Time,GFLOPS
94,2.937857,680.768341
94,2.909930,687.301852
94,3.029783,660.113337
94,3.132457,638.476349
94,3.136290,637.696181
