n_threads,Time,GFLOPS
58,2.467424,810.561846
58,2.437476,820.520849
58,2.484553,804.973661
58,2.397134,834.329586
58,2.445829,817.718697
