n_threads,Time,GFLOPS
82,3.025053,661.145449
82,3.140318,636.878119
82,3.050195,655.695783
82,3.197127,625.561626
82,3.012861,663.820954
