n_threads,Time,GFLOPS
74,1.435104,1393.627137
74,1.378197,1451.171618
74,1.388050,1440.869937
74,1.446763,1382.396209
74,1.443579,1385.445328
