n_threads,Time,GFLOPS
124,2.991190,668.630299
124,3.019580,662.343812
124,3.065670,652.385989
124,2.986199,669.747637
124,3.025839,660.973772
