n_threads,Time,GFLOPS
82,1.555190,1286.016467
82,1.590408,1257.538615
82,1.606782,1244.723673
82,1.576075,1268.974938
82,1.491191,1341.209693
