n_threads,Time,GFLOPS
10,2.248200,889.600580
10,2.259442,885.174469
10,2.239202,893.175271
10,2.241663,892.194659
10,2.254930,886.945638
