n_threads,Time,GFLOPS
42,1.184137,1688.993745
42,1.067104,1874.231627
42,1.292764,1547.072484
42,1.191731,1678.231083
42,1.200096,1666.533623
