n_threads,Time,GFLOPS
12,1.899405,1052.961546
12,1.866861,1337.108369
12,1.893200,1056.412283
12,1.891641,1057.283227
12,1.884992,1061.012406
