n_threads,Time,GFLOPS
112,2.891721,691.629645
112,3.100084,645.143809
112,3.102391,644.664119
112,2.970910,673.194405
112,3.126448,639.703673
