n_threads,Time,GFLOPS
86,3.180488,628.834371
86,3.219381,621.237490
86,3.155141,633.886083
86,3.163040,632.303080
86,3.169806,630.953362
