n_threads,Time,GFLOPS
92,1.425558,1402.959008
92,1.354544,1476.511388
92,1.389832,1439.023144
92,1.351182,1480.185146
92,1.338677,1494.012152
