n_threads,Time,GFLOPS
110,1.427314,1401.233535
110,1.432188,1396.464665
110,1.433169,1395.508354
110,1.431351,1397.280841
110,1.372648,1457.038240
