n_threads,Time,GFLOPS
24,2.360269,847.361123
24,2.314366,864.167496
24,2.307023,866.918006
24,2.395324,834.960042
24,2.325816,859.913332
