n_threads,Time,GFLOPS
100,,
100,1.313318,1522.860731
100,1.385735,1443.277334
100,1.393272,1435.470336
100,,
