n_threads,Time,GFLOPS
62,1.177658,1698.286092
62,1.173532,1704.257205
62,1.185760,1686.681625
62,1.186300,1685.914730
62,1.180075,1694.807974
