n_threads,Time,GFLOPS
58,1.107392,1806.045995
58,1.104551,1810.690667
58,1.150913,1737.750172
58,1.142101,1751.159213
58,1.150230,1738.782250
