n_threads,Time,GFLOPS
116,2.933870,681.693567
116,2.976053,672.031010
116,2.954584,676.914139
116,3.025672,661.010266
116,3.096664,645.856263
