n_threads,Time,GFLOPS
28,,
28,2.420493,826.278069
28,2.451159,815.940538
28,2.437416,820.541211
28,2.426004,824.401022
