n_threads,Time,GFLOPS
18,2.766572,722.916372
18,2.786389,717.774882
18,2.795654,715.396028
18,2.791612,716.431874
18,2.770433,721.908919
