n_threads,Time,GFLOPS
36,1.189057,1682.005531
36,1.182508,1691.320168
36,1.171845,1706.710015
36,1.198926,1668.159875
36,1.195767,1672.567058
