n_threads,Time,GFLOPS
6,7.338661,272.529275
6,7.312587,273.501001
6,7.314269,273.438123
6,7.327382,272.948788
6,7.314388,273.433659
