n_threads,Time,GFLOPS
112,1.362421,1467.974725
112,1.464248,1365.888809
112,1.421546,1406.918930
112,1.389901,1438.951177
112,1.381417,1447.789099
