n_threads,Time,GFLOPS
114,1.382112,1447.060988
114,1.397971,1430.645219
114,1.395216,1433.469613
114,1.377007,1452.425505
114,1.432665,1395.999483
