n_threads,Time,GFLOPS
84,3.189216,627.113409
84,3.148204,635.282828
84,3.116672,641.710121
84,3.164932,631.925202
84,3.196053,625.771923
