Size,Time,GFLOPS
18000,27.313503,427.041527
18000,27.296100,427.313793
18000,27.437626,425.109666
18000,27.305870,427.160907
18000,27.463656,424.706749
