Size,Time,GFLOPS
5000,0.255733,977.583032
5000,0.259158,964.661416
5000,0.255903,976.932036
5000,0.256073,976.284999
5000,0.257417,971.188395
