Size,Time,GFLOPS
9000,1.482657,983.369611
9000,1.482449,983.507498
9000,1.468972,992.530920
9000,1.478037,986.443500
9000,1.470818,991.285025
