Size,Time,GFLOPS
19000,32.984556,415.891605
19000,32.757416,418.775402
19000,32.598438,420.817713
19000,32.984685,415.889979
19000,32.852583,417.562292
