Size,Time,GFLOPS
14000,13.380721,410.142324
14000,13.412866,409.159377
14000,13.352853,410.998316
14000,13.352902,410.996802
14000,13.328451,411.750762
