Size,Time,GFLOPS
5000,0.255600,978.091578
5000,0.256051,976.366376
5000,0.257353,971.428927
5000,0.260031,961.424156
5000,0.257614,970.445833
