Size,Time,GFLOPS
8000,1.035540,988.856378
8000,1.034060,990.271774
8000,1.043877,980.958113
8000,1.038050,986.464537
8000,1.034960,989.409970
