Size,Time,GFLOPS
18000,12.083926,965.249229
18000,12.149511,960.038609
18000,12.090444,964.728831
18000,12.085760,965.102709
18000,12.021222,970.284023
