Size,Time,GFLOPS
4000,0.134878,949.003116
4000,0.134273,953.283167
4000,0.134610,950.895885
4000,0.134692,950.315826
4000,0.134110,954.437680
