Size,Time,GFLOPS
18000,27.424203,425.317740
18000,27.642792,421.954476
18000,27.582166,422.881942
18000,27.520300,423.832582
18000,27.656371,421.747311
