Size,Time,GFLOPS
12000,3.566176,969.105254
12000,3.566781,968.940927
12000,3.567699,968.691611
12000,3.558173,971.284925
12000,3.573843,967.026258
