Size,Time,GFLOPS
7000,1.494161,459.120661
7000,1.519602,451.434022
7000,1.511733,453.783962
7000,1.504091,456.089375
7000,1.537336,446.226315
