Size,Time,GFLOPS
13000,4.602849,954.626082
13000,4.653456,944.244423
13000,4.613415,952.439889
13000,4.604886,954.203780
13000,4.606408,953.888577
