Size,Time,GFLOPS
6000,0.910050,474.699203
6000,0.914756,472.256923
6000,0.913221,473.050917
6000,0.919378,469.882703
6000,0.932671,463.185702
