Size,Time,GFLOPS
20000,16.417176,974.589063
20000,16.486484,970.491948
20000,16.449315,972.684865
20000,16.442897,973.064538
20000,16.421616,974.325524
