Size,Time,GFLOPS
3000,0.059735,903.985688
3000,0.059866,902.014092
3000,0.060219,896.724802
3000,0.059902,901.475219
3000,0.059843,902.364194
