Size,Time,GFLOPS
12000,8.496922,406.735498
12000,8.456157,408.696292
12000,8.493802,406.884902
12000,8.478470,407.620699
12000,8.479184,407.586389
