Size,Time,GFLOPS
17000,10.148823,968.191078
17000,10.243607,959.232456
17000,10.231270,960.389064
17000,10.196985,963.618138
17000,10.199514,963.379275
