Size,Time,GFLOPS
20000,37.991190,421.150273
20000,37.967437,421.413749
20000,38.179858,419.069139
20000,38.266695,418.118156
20000,38.176758,419.103160
