Size,Time,GFLOPS
11000,2.778339,958.126265
11000,2.784670,955.947989
11000,2.775113,959.240334
11000,2.777227,958.510122
11000,2.815167,945.592082
