Size,Time,GFLOPS
16000,8.501430,963.602580
16000,8.480592,965.970283
16000,8.536590,959.633813
16000,8.498562,963.927834
16000,8.550072,958.120639
