Size,Time,GFLOPS
10000,2.025379,987.469695
10000,2.037036,981.818888
10000,2.055525,972.987564
10000,2.043083,978.912912
10000,2.049882,975.666001
