Size,Time,GFLOPS
15000,6.975975,967.606690
15000,7.077091,953.781655
15000,6.964042,969.264683
15000,7.049762,957.479123
15000,7.063474,955.620396
