Size,Time,GFLOPS
9000,3.409958,427.571228
9000,3.402979,428.448102
9000,3.396738,429.235320
9000,3.404052,428.313074
9000,3.400013,428.821849
