Size,Time,GFLOPS
13000,10.760298,408.352990
13000,10.650382,412.567354
13000,10.655127,412.383650
13000,10.712532,410.173800
13000,10.637437,413.069410
