Size,Time,GFLOPS
10000,4.699406,425.585716
10000,4.705667,425.019424
10000,4.714060,424.262730
10000,4.696101,425.885252
10000,4.722899,423.468728
