Size,Time,GFLOPS
3000,0.117982,457.696735
3000,0.117691,458.827797
3000,0.117974,457.726290
3000,0.118076,457.333143
3000,0.117423,459.875450
