Size,Time,GFLOPS
9000,3.466043,420.652559
9000,3.362144,433.651801
9000,3.382656,431.022293
9000,3.376878,431.759758
9000,3.364421,433.358314
