Size,Time,GFLOPS
2000,0.020421,783.519375
2000,0.020995,762.099932
2000,0.020992,762.198789
2000,0.020885,766.111810
2000,0.051632,309.883200
