Size,Time,GFLOPS
2000,0.038233,418.490172
2000,0.038596,414.551515
2000,0.038746,412.945437
2000,0.038407,416.596051
2000,0.038644,414.038032
