Size,Time,GFLOPS
16000,19.429619,421.624322
16000,19.420417,421.824110
16000,19.380574,422.691296
16000,19.337066,423.642343
16000,19.397906,422.313630
