Size,Time,GFLOPS
4000,0.274301,466.641083
4000,0.272327,470.022962
4000,0.272550,469.637851
4000,0.272168,470.298540
4000,0.273144,468.617293
