Size,Time,GFLOPS
7000,1.537257,446.249257
7000,1.550069,442.560983
7000,1.533617,447.308552
7000,1.529977,448.372809
7000,1.524104,450.100461
