Size,Time,GFLOPS
4000,0.134179,953.949433
4000,0.135932,941.648416
4000,0.134936,948.594367
4000,0.135159,947.031107
4000,0.134762,949.820733
