Size,Time,GFLOPS
11000,2.762485,963.625007
11000,2.765754,962.486260
11000,2.763317,963.335002
11000,2.768835,961.415167
11000,2.806716,948.439314
