Size,Time,GFLOPS
13000,10.706311,410.412155
13000,10.724754,409.706380
13000,10.687710,411.126426
13000,10.688391,411.100249
13000,10.733031,409.390405
