Size,Time,GFLOPS
6000,0.438479,985.223477
6000,0.436990,988.579900
6000,0.437002,988.552987
6000,0.438013,986.271133
6000,0.437691,986.996869
