Size,Time,GFLOPS
5000,0.526552,474.786867
5000,0.526132,475.166003
5000,0.528686,472.870625
5000,0.528081,473.411864
5000,0.527218,474.186856
