Size,Time,GFLOPS
13000,4.584413,958.465144
13000,4.625049,950.044017
13000,4.663198,942.271842
13000,4.678480,939.193948
13000,4.610279,953.087627
