Size,Time,GFLOPS
19000,14.326382,957.534119
19000,14.305820,958.910403
19000,14.340944,956.561871
19000,14.328128,957.417459
19000,14.293784,959.717846
