Size,Time,GFLOPS
11000,6.469345,411.479069
11000,6.498720,409.619153
11000,6.504602,409.248710
11000,6.473384,411.222290
11000,6.509644,408.931739
