Size,Time,GFLOPS
8000,2.367500,432.523774
8000,2.365768,432.840402
8000,2.343304,436.989849
8000,2.339341,437.730192
8000,2.340668,437.481931
