Size,Time,GFLOPS
16000,19.449135,421.201254
16000,19.508488,419.919777
16000,19.328170,423.837341
16000,19.420554,421.821122
16000,19.529719,419.463288
