Size,Time,GFLOPS
2000,0.038624,414.247794
2000,0.038599,414.520004
2000,0.038935,410.939972
2000,0.038124,419.684691
2000,0.038359,417.111423
