Size,Time,GFLOPS
7000,0.692211,991.027477
7000,0.691745,991.694458
7000,0.693469,989.230012
7000,0.690033,994.155212
7000,0.692056,991.249148
