Size,Time,GFLOPS
3000,0.117659,458.951684
3000,0.117278,460.443020
3000,0.118302,456.459761
3000,0.117739,458.643231
3000,0.117696,458.809315
