Size,Time,GFLOPS
20000,38.013072,420.907844
20000,38.170722,419.169439
20000,38.157608,419.313499
20000,38.334383,417.379877
20000,38.019481,420.836884
