Size,Time,GFLOPS
15000,16.450430,410.323619
15000,16.358310,412.634311
15000,16.410695,411.317124
15000,16.424917,410.960984
15000,16.481980,409.538182
