Size,Time,GFLOPS
5000,0.522390,478.569542
5000,0.524890,476.290202
5000,0.523617,477.447893
5000,0.553093,452.003753
5000,0.525675,475.579117
