Size,Time,GFLOPS
4000,0.271150,472.063884
4000,0.271671,471.158607
4000,0.272672,469.428986
4000,0.272691,469.396006
4000,0.273214,468.497544
