Size,Time,GFLOPS
2000,0.021121,757.533792
2000,0.020892,765.839903
2000,0.020723,772.105750
2000,0.021123,757.483654
2000,0.020751,771.062748
