Size,Time,GFLOPS
14000,13.269425,413.582350
14000,13.275864,413.381761
14000,13.270407,413.551735
14000,13.327368,411.784240
14000,13.324507,411.872642
