Size,Time,GFLOPS
18000,11.997410,972.209819
18000,11.974588,974.062728
18000,11.975075,974.023089
18000,12.056843,967.417392
18000,12.039290,968.827930
