Size,Time,GFLOPS
6000,0.927792,465.621427
6000,0.925901,466.572686
6000,0.922072,468.510170
6000,0.928913,465.059706
6000,0.918914,470.120101
