Size,Time,GFLOPS
14000,5.753780,953.807759
14000,5.779571,949.551524
14000,5.745957,955.106290
14000,5.737358,956.537854
14000,5.766905,951.636909
