Size,Time,GFLOPS
9000,1.470439,991.540956
9000,1.485421,981.539708
9000,1.470562,991.457902
9000,1.471786,990.632839
9000,1.476702,987.335355
