Size,Time,GFLOPS
17000,23.024371,426.765184
17000,22.947011,428.203914
17000,22.881757,429.425063
17000,22.853054,429.964416
17000,22.992831,427.350592
