Size,Time,GFLOPS
16000,8.481888,965.822703
16000,8.491532,964.725807
16000,8.525978,960.828184
16000,8.451375,969.309710
16000,8.475857,966.509949
