Size,Time,GFLOPS
10000,4.671653,428.114025
10000,4.674017,427.897472
10000,4.682826,427.092490
10000,4.693892,426.085633
10000,4.691303,426.320832
