Size,Time,GFLOPS
11000,3.241426,821.243446
11000,3.241745,821.162724
11000,3.245310,820.260731
11000,3.242433,820.988318
11000,3.240336,821.519721
