Size,Time,GFLOPS
15000,8.195828,823.589724
15000,8.195215,823.651392
15000,8.198784,823.292870
15000,8.201793,822.990749
15000,8.194077,823.765800
