Size,Time,GFLOPS
9000,0.906366,1608.621045
9000,0.907844,1606.003421
9000,0.905540,1610.089029
9000,0.906945,1607.594321
9000,0.908215,1605.346729
