Size,Time,GFLOPS
13000,2.719128,1615.959324
13000,2.714943,1618.450163
13000,2.712833,1619.709050
13000,2.714153,1618.921142
13000,2.714491,1618.719579
