Size,Time,GFLOPS
3000,0.042571,1268.464438
3000,0.043217,1249.500489
3000,0.044846,1204.116473
3000,0.048868,1105.009006
3000,0.042154,1281.016068
