Size,Time,GFLOPS
3000,0.077928,692.946429
3000,0.077661,695.328583
3000,0.077629,695.617530
3000,0.077855,693.595406
3000,0.077986,692.428699
