Size,Time,GFLOPS
4000,0.165263,774.522124
4000,0.166604,768.288213
4000,0.170364,751.331070
4000,0.165309,774.309664
4000,0.166849,767.162717
