Size,Time,GFLOPS
2000,0.017616,908.251860
2000,0.017473,915.675815
2000,0.017794,899.187180
2000,0.018001,888.833436
2000,0.018081,884.923546
