Size,Time,GFLOPS
19000,8.469776,1619.641407
19000,8.467581,1620.061204
19000,8.469383,1619.716623
19000,8.463749,1620.794726
19000,8.455533,1622.369650
