Size,Time,GFLOPS
6000,0.532786,810.831967
6000,0.534032,808.940449
6000,0.532960,810.567469
6000,0.532559,811.177767
6000,0.533866,809.191744
