Size,Time,GFLOPS
2000,0.029545,541.543054
2000,0.030713,520.953923
2000,0.028858,554.441494
2000,0.029105,549.739578
2000,0.034290,466.612491
