Size,Time,GFLOPS
7000,0.850921,806.185087
7000,0.850664,806.428573
7000,0.849139,807.877599
7000,0.850222,806.848459
7000,0.849699,807.345176
