Size,Time,GFLOPS
15000,8.194241,823.749225
15000,8.192347,823.939664
15000,8.198425,823.328889
15000,8.199954,823.175343
15000,8.196519,823.520326
