Size,Time,GFLOPS
19000,16.712837,820.806204
19000,16.647241,824.040463
19000,16.623609,825.211922
19000,16.705271,821.177921
19000,16.672619,822.786174
