Size,Time,GFLOPS
19000,8.446909,1624.025972
19000,8.448156,1623.786261
19000,8.449279,1623.570391
19000,8.441923,1624.985233
19000,8.410862,1630.986201
