Size,Time,GFLOPS
13000,2.714287,1618.841249
13000,2.711927,1620.249866
13000,2.735268,1606.424159
13000,2.713199,1619.490207
13000,2.709164,1621.902648
