Size,Time,GFLOPS
19000,16.616354,825.572188
19000,16.582037,827.280752
19000,16.650239,823.892095
19000,16.565204,828.121395
19000,16.600269,826.372167
