Size,Time,GFLOPS
12000,4.202995,822.270700
12000,4.199909,822.874883
12000,4.200715,822.717111
12000,4.203571,822.158175
12000,4.205173,821.844951
