Size,Time,GFLOPS
8000,1.252876,817.319456
8000,1.250615,818.797424
8000,1.264491,809.812307
8000,1.251348,818.317634
8000,1.250584,818.817553
