Size,Time,GFLOPS
4000,0.087509,1462.707261
4000,0.089079,1436.921417
4000,0.087812,1457.663164
4000,0.088046,1453.780601
4000,0.089761,1426.006971
