Size,Time,GFLOPS
13000,5.331828,824.107675
13000,5.330184,824.361792
13000,5.330345,824.336836
13000,5.329894,824.406605
13000,5.335045,823.610599
