Size,Time,GFLOPS
2000,0.021790,734.294822
2000,0.029821,536.541404
2000,0.018799,851.114580
2000,0.018761,852.834641
2000,0.020470,781.616115
