Size,Time,GFLOPS
8000,1.248336,820.292104
8000,1.248342,820.288227
8000,1.249159,819.751512
8000,1.256892,814.708344
8000,1.248158,820.409026
