Size,Time,GFLOPS
20000,9.858814,1622.913256
20000,9.859198,1622.850057
20000,9.863043,1622.217432
20000,9.860290,1622.670248
20000,9.850278,1624.319719
