Size,Time,GFLOPS
16000,5.037148,1626.317083
16000,5.035246,1626.931567
16000,5.040659,1625.184222
16000,5.035208,1626.943627
16000,5.035005,1627.009340
