Size,Time,GFLOPS
11000,1.640878,1622.302401
11000,1.643076,1620.132424
11000,1.642593,1620.608198
11000,1.638613,1624.544758
11000,1.646911,1616.359799
