Size,Time,GFLOPS
18000,7.143221,1632.876923
18000,7.143448,1632.824963
18000,7.143622,1632.785219
18000,7.147161,1631.976576
18000,7.143450,1632.824430
