Size,Time,GFLOPS
11000,1.641521,1621.667182
11000,1.642154,1621.041926
11000,1.645015,1618.222468
11000,1.639535,1623.631150
11000,1.643764,1619.453442
