Size,Time,GFLOPS
6000,0.279787,1544.029679
6000,0.281512,1534.567753
6000,0.279946,1543.152442
6000,0.279839,1543.743301
6000,0.282026,1531.772053
