Size,Time,GFLOPS
8000,0.635537,1611.234641
8000,0.637743,1605.663640
8000,0.635582,1611.121106
8000,0.635283,1611.878981
8000,0.635448,1611.461206
