Size,Time,GFLOPS
7000,0.433316,1583.139207
7000,0.434712,1578.056004
7000,0.433833,1581.252778
7000,0.433550,1582.287353
7000,0.433773,1581.470638
