Size,Time,GFLOPS
13000,5.324868,825.184832
13000,5.325141,825.142427
13000,5.330044,824.383447
13000,5.327240,824.817388
13000,5.327191,824.825018
