Size,Time,GFLOPS
5000,0.169497,1474.952707
5000,0.169679,1473.370748
5000,0.169049,1478.860922
5000,0.169387,1475.907528
5000,0.169211,1477.448219
