Size,Time,GFLOPS
20000,19.394559,824.973656
20000,19.353783,826.711749
20000,19.409143,824.353740
20000,19.402906,824.618740
20000,19.353427,826.726975
