Size,Time,GFLOPS
17000,11.928216,823.761052
17000,11.921856,824.200529
17000,12.000664,818.788030
17000,11.921207,824.245397
17000,11.996637,819.062893
