Size,Time,GFLOPS
3000,0.077458,697.154318
3000,0.080582,670.121524
3000,0.077951,692.743712
3000,0.079901,675.834005
3000,0.079860,676.185700
