Size,Time,GFLOPS
16000,9.932449,824.771447
16000,9.938083,824.303851
16000,9.938657,824.256198
16000,9.922506,825.597881
16000,9.951201,823.217201
