Size,Time,GFLOPS
14000,3.361690,1632.512138
14000,3.398205,1614.970221
14000,3.364227,1631.280898
14000,3.362601,1632.069806
14000,3.362765,1631.990513
