Size,Time,GFLOPS
2000,0.029178,548.355947
2000,0.028505,561.302435
2000,0.030928,517.335893
2000,0.030792,519.613476
2000,0.030011,533.136233
