Size,Time,GFLOPS
9000,0.902988,1614.639814
9000,0.902122,1616.189107
9000,0.903347,1613.997132
9000,0.904984,1611.078237
9000,0.903009,1614.601855
