Size,Time,GFLOPS
12000,2.152196,1605.802027
12000,2.142895,1612.771844
12000,2.147433,1609.363597
12000,2.143715,1612.154301
12000,2.147953,1608.973701
