Size,Time,GFLOPS
5000,0.316663,789.481734
5000,0.317239,788.048306
5000,0.317919,786.364906
5000,0.316642,789.534576
5000,0.317256,788.007397
