Size,Time,GFLOPS
10000,2.446901,817.360509
10000,2.445200,817.929049
10000,2.443380,818.538385
10000,2.445864,817.707091
10000,2.446386,817.532406
