Size,Time,GFLOPS
16000,5.034295,1627.238892
16000,5.044524,1623.939223
16000,5.045797,1623.529497
16000,5.043488,1624.272638
16000,5.048150,1622.772776
