Size,Time,GFLOPS
6000,0.279420,1546.058450
6000,0.279846,1543.706589
6000,0.281875,1532.596046
6000,0.280081,1542.411045
6000,0.279527,1545.467432
