Size,Time,GFLOPS
15000,4.170751,1618.413616
15000,4.172602,1617.695478
15000,4.173962,1617.168600
15000,4.173096,1617.504201
15000,4.170975,1618.326664
