Size,Time,GFLOPS
17000,6.041608,1626.388086
17000,6.030205,1629.463742
17000,6.040836,1626.596098
17000,6.045930,1625.225685
17000,6.041558,1626.401697
