Size,Time,GFLOPS
17000,12.022068,817.330290
17000,11.916789,824.550990
17000,11.899379,825.757392
17000,11.894441,826.100164
17000,11.896020,825.990540
