Size,Time,GFLOPS
9000,1.769994,823.731505
9000,1.777573,820.219699
9000,1.771699,822.938839
9000,1.773280,822.205134
9000,1.770481,823.505141
