Size,Time,GFLOPS
12000,4.197947,823.259549
12000,4.200143,822.829155
12000,4.194900,823.857635
12000,4.195303,823.778343
12000,4.193338,824.164340
