Size,Time,GFLOPS
10000,1.247910,1602.679400
10000,1.246998,1603.851952
10000,1.248541,1601.869488
10000,1.250593,1599.240907
10000,1.248366,1602.094700
