Size,Time,GFLOPS
16000,9.942693,823.921617
16000,9.940154,824.132124
16000,9.935484,824.519430
16000,9.938961,824.230986
16000,9.943757,823.833512
