Size,Time,GFLOPS
14000,3.363602,1631.584004
14000,3.366310,1630.271963
14000,3.365399,1630.712992
14000,3.362928,1631.911298
14000,3.365026,1630.893716
