Size,Time,GFLOPS
6000,0.531636,812.586226
6000,0.534790,807.793209
6000,0.533050,810.430774
6000,0.532185,811.747264
6000,0.533390,809.914387
