Size,Time,GFLOPS
7000,0.433750,1581.557472
7000,0.432984,1584.354504
7000,0.433759,1581.524522
7000,0.433137,1583.794434
7000,0.433941,1580.859360
