Size,Time,GFLOPS
3000,0.041880,1289.406470
3000,0.043552,1239.893490
3000,0.043649,1237.155633
3000,0.041354,1305.784283
3000,0.043606,1238.372741
