Size,Time,GFLOPS
18000,14.087012,827.996755
18000,14.092735,827.660507
18000,14.085300,828.097400
18000,14.092632,827.666556
18000,14.084666,828.134627
