Size,Time,GFLOPS
14000,6.659873,824.039711
14000,6.667196,823.134650
14000,6.665218,823.378889
14000,6.684354,821.021719
14000,6.705863,818.388369
