Size,Time,GFLOPS
4000,0.165349,774.121978
4000,0.165512,773.357860
4000,0.165165,774.981866
4000,0.165577,773.053608
4000,0.165107,775.253576
