Size,Time,GFLOPS
18000,14.091565,827.729217
18000,14.083615,828.196429
18000,14.100423,827.209239
18000,14.102687,827.076407
18000,14.108467,826.737583
