Size,Time,GFLOPS
12000,4.317064,800.544097
12000,4.291967,805.225226
12000,4.316899,800.574741
12000,4.307547,802.312862
12000,4.302184,803.312969
