Size,Time,GFLOPS
10000,2.517267,794.512565
10000,2.480018,806.445737
10000,2.479420,806.640178
10000,2.478150,807.053509
10000,2.476796,807.494788
