Size,Time,GFLOPS
6000,0.276642,1561.584693
6000,0.277279,1557.996242
6000,0.276621,1561.704925
6000,0.285233,1514.549440
6000,0.277493,1556.797026
