Size,Time,GFLOPS
3000,0.039151,1379.266166
3000,0.037475,1440.950528
3000,0.038927,1387.212887
3000,0.039119,1380.404902
3000,0.039051,1382.800441
