Size,Time,GFLOPS
9000,1.805191,807.670724
9000,1.802714,808.780646
9000,1.797824,810.980187
9000,1.795974,811.815649
9000,1.802099,809.056535
