Size,Time,GFLOPS
11000,3.326232,800.304887
11000,3.317695,802.364389
11000,3.336251,797.901520
11000,3.315461,802.904966
11000,3.312063,803.728576
