Size,Time,GFLOPS
4000,0.164202,779.528676
4000,0.163145,784.577112
4000,0.163545,782.657996
4000,0.163189,784.368405
4000,0.162240,788.956678
