Size,Time,GFLOPS
16000,10.221759,801.427630
16000,10.221264,801.466433
16000,10.221998,801.408916
16000,10.223701,801.275380
16000,10.217341,801.774176
