Size,Time,GFLOPS
9000,0.892023,1634.486930
9000,0.894972,1629.100490
9000,0.897203,1625.051116
9000,0.901478,1617.343782
9000,0.899046,1621.718640
