Size,Time,GFLOPS
18000,14.468940,806.140585
18000,14.482872,805.365107
18000,14.465467,806.334154
18000,14.470693,806.042952
18000,14.457137,806.798769
