Size,Time,GFLOPS
19000,8.360551,1640.800960
19000,8.342063,1644.437313
19000,8.375071,1637.956284
19000,8.369487,1639.049116
19000,8.368330,1639.275757
