Size,Time,GFLOPS
3000,0.073269,737.008727
3000,0.073279,736.906623
3000,0.073202,737.680369
3000,0.073245,737.251992
3000,0.073065,739.069450
