Size,Time,GFLOPS
10000,1.259903,1587.424058
10000,1.262740,1583.856972
10000,1.257839,1590.028085
10000,1.261509,1585.402251
10000,1.257812,1590.062133
