Size,Time,GFLOPS
8000,1.274903,803.198253
8000,1.309122,782.203693
8000,1.278620,800.863677
8000,1.276175,802.397703
8000,1.286172,796.160924
