Size,Time,GFLOPS
14000,3.379628,1623.847262
14000,3.405349,1611.582221
14000,3.377935,1624.661252
14000,3.386217,1620.687827
14000,3.384652,1621.436899
