Size,Time,GFLOPS
5000,0.325100,768.993157
5000,0.323814,772.048852
5000,0.324893,769.483141
5000,0.325019,769.184928
5000,0.325062,769.084113
