Size,Time,GFLOPS
9000,0.892110,1634.327856
9000,0.897216,1625.027329
9000,0.891895,1634.721129
9000,0.891923,1634.670032
9000,0.898011,1623.587513
