Size,Time,GFLOPS
4000,0.082619,1549.287858
4000,0.082602,1549.596207
4000,0.082560,1550.394564
4000,0.083940,1524.901698
4000,0.082934,1543.404942
