Size,Time,GFLOPS
6000,0.554589,778.955875
6000,0.540386,799.428564
6000,0.540154,799.772608
6000,0.540464,799.313819
6000,0.539988,800.018272
