Size,Time,GFLOPS
4000,0.083086,1540.575553
4000,0.082350,1554.342227
4000,0.082922,1543.617071
4000,0.083219,1538.118531
4000,0.083019,1541.806684
