Size,Time,GFLOPS
20000,9.832951,1627.181948
20000,9.831411,1627.436837
20000,9.812789,1630.525155
20000,9.820782,1629.198226
20000,9.850054,1624.356575
