Size,Time,GFLOPS
16000,5.103534,1605.162333
16000,5.055913,1620.281018
16000,5.055790,1620.320568
16000,5.053543,1621.041006
16000,5.062514,1618.168442
