Size,Time,GFLOPS
20000,19.994170,800.233265
20000,19.954074,801.841272
20000,19.988375,800.465280
20000,19.850212,806.036747
20000,19.981886,800.725203
