Size,Time,GFLOPS
16000,5.048925,1622.523541
16000,5.069406,1615.968410
16000,5.067987,1616.421005
16000,5.058523,1619.445164
16000,5.073272,1614.737059
