Size,Time,GFLOPS
5000,0.324052,771.479985
5000,0.324302,770.887059
5000,0.323687,772.352001
5000,0.323517,772.756856
5000,0.324503,770.408591
