Size,Time,GFLOPS
18000,7.226746,1614.004373
18000,7.186695,1622.999185
18000,7.195101,1621.102944
18000,7.191381,1621.941710
18000,7.197468,1620.569981
