Size,Time,GFLOPS
19000,8.420953,1629.031847
19000,8.399941,1633.106772
19000,8.414977,1630.188606
19000,8.391925,1634.666578
19000,8.412382,1630.691468
