Size,Time,GFLOPS
19000,17.064642,803.884428
19000,17.064633,803.884839
19000,17.097356,802.346267
19000,17.064165,803.906923
19000,17.068110,803.721069
