Size,Time,GFLOPS
13000,2.704540,1624.675774
13000,2.699433,1627.749248
13000,2.720615,1615.076131
13000,2.697200,1629.096992
13000,2.697959,1628.638442
