Size,Time,GFLOPS
7000,0.429422,1597.494376
7000,0.430038,1595.206493
7000,0.429040,1598.917823
7000,0.429622,1596.753312
7000,0.428831,1599.695944
