Size,Time,GFLOPS
2000,0.014359,1114.292494
2000,0.013234,1209.039627
2000,0.014143,1131.285786
2000,0.013328,1200.499918
2000,0.013088,1222.477075
