Size,Time,GFLOPS
9000,1.811102,805.034740
9000,1.808380,806.246662
9000,1.808090,806.375704
9000,1.801700,809.235579
9000,1.808522,806.182957
