Size,Time,GFLOPS
14000,6.885281,797.062595
14000,6.870150,798.818057
14000,6.888058,796.741244
14000,6.857204,800.326191
14000,6.892468,796.231509
