Size,Time,GFLOPS
12000,2.130978,1621.790653
12000,2.129248,1623.108062
12000,2.129050,1623.259037
12000,2.141811,1613.587447
12000,2.131420,1621.454574
