Size,Time,GFLOPS
15000,4.138494,1631.028291
15000,4.150629,1626.259418
15000,4.137003,1631.615747
15000,4.149136,1626.844575
15000,4.141051,1630.020905
