Size,Time,GFLOPS
13000,2.696067,1629.781707
13000,2.693991,1631.037204
13000,2.703312,1625.413297
13000,2.699587,1627.656314
13000,2.699376,1627.783794
