Size,Time,GFLOPS
16000,10.220395,801.534597
16000,10.271242,797.566658
16000,10.229069,800.854864
16000,10.235361,800.362571
16000,10.226729,801.038149
