Size,Time,GFLOPS
11000,3.328054,799.866872
11000,3.330990,799.161806
11000,3.316403,802.676950
11000,3.317078,802.513453
11000,3.323994,800.843904
