Size,Time,GFLOPS
12000,4.341484,796.041156
12000,4.379797,789.077737
12000,4.343286,795.710907
12000,4.342198,795.910255
12000,4.337261,796.816313
