Size,Time,GFLOPS
13000,5.493319,799.880776
13000,5.485134,801.074388
13000,5.480239,801.789878
13000,5.477560,802.181989
13000,5.492003,800.072362
