Size,Time,GFLOPS
7000,0.867403,790.866442
7000,0.867645,790.645581
7000,0.869648,788.824900
7000,0.865807,792.324171
7000,0.867094,791.148183
