Size,Time,GFLOPS
20000,20.024149,799.035201
20000,20.021040,799.159291
20000,20.008166,799.673491
20000,20.018066,799.278001
20000,20.067437,797.311589
