Size,Time,GFLOPS
7000,0.869894,788.601879
7000,0.868857,789.542624
7000,0.867604,790.683388
7000,0.865216,792.865733
7000,0.864644,793.390217
