Size,Time,GFLOPS
2000,0.013710,1167.032641
2000,0.013986,1143.981022
2000,0.013334,1199.980410
2000,0.013364,1197.264251
2000,0.013217,1210.558125
