Size,Time,GFLOPS
17000,12.289013,799.575995
17000,12.224767,803.778096
17000,12.234108,803.164384
17000,12.232214,803.288760
17000,12.271201,800.736593
