Size,Time,GFLOPS
2000,0.024025,665.968399
2000,0.024034,665.717409
2000,0.023651,676.508255
2000,0.024749,646.494189
2000,0.024271,659.214684
