Size,Time,GFLOPS
6000,0.277424,1557.183650
6000,0.276742,1561.020074
6000,0.279737,1544.308462
6000,0.276516,1562.295192
6000,0.276588,1561.887295
