Size,Time,GFLOPS
20000,9.863407,1622.157465
20000,9.872923,1620.594092
20000,9.893718,1617.187792
20000,9.871565,1620.816943
20000,9.880017,1619.430413
