Size,Time,GFLOPS
6000,0.540830,798.772943
6000,0.537909,803.110462
6000,0.538836,801.727787
6000,0.540491,799.273348
6000,0.540272,799.597910
