Size,Time,GFLOPS
8000,0.630712,1623.562602
8000,0.630212,1624.850192
8000,0.639430,1601.425857
8000,0.629279,1627.259490
8000,0.628452,1629.399608
