Size,Time,GFLOPS
11000,1.656874,1606.639632
11000,1.655261,1608.205994
11000,1.654443,1609.000984
11000,1.652510,1610.882804
11000,1.654239,1609.199582
