Size,Time,GFLOPS
17000,6.053608,1623.164319
17000,6.025320,1630.784668
17000,6.050054,1624.117722
17000,6.026645,1630.426279
17000,6.046063,1625.189925
