Size,Time,GFLOPS
8000,0.628868,1628.322655
8000,0.628871,1628.315819
8000,0.630666,1623.681571
8000,0.630697,1623.599982
8000,0.629346,1627.084973
