Size,Time,GFLOPS
15000,8.448615,798.947487
15000,8.441607,799.610797
15000,8.411385,802.483732
15000,8.383288,805.173362
15000,8.439381,799.821696
