Size,Time,GFLOPS
17000,12.279870,800.171313
17000,12.288343,799.619588
17000,12.280851,800.107401
17000,12.298503,798.959045
17000,12.297757,799.007498
