Size,Time,GFLOPS
13000,5.473950,802.711042
13000,5.512959,797.031212
13000,5.476594,802.323533
13000,5.482351,801.480936
13000,5.471705,803.040423
