Size,Time,GFLOPS
12000,2.129847,1622.651651
12000,2.130198,1622.384730
12000,2.133212,1620.091894
12000,2.131244,1621.588502
12000,2.134541,1619.083562
