Size,Time,GFLOPS
5000,0.164462,1520.108672
5000,0.165734,1508.438033
5000,0.163543,1528.649013
5000,0.164390,1520.771855
5000,0.163832,1525.949942
