Size,Time,GFLOPS
18000,14.487831,805.089433
18000,14.534013,802.531298
18000,14.507557,803.994777
18000,14.527894,802.869272
18000,14.522407,803.172634
