Size,Time,GFLOPS
10000,1.198162,1669.223611
10000,1.217561,1642.628791
10000,1.214205,1647.168449
10000,1.204853,1659.952947
10000,1.191466,1678.603685
