Size,Time,GFLOPS
4000,0.141669,903.514339
4000,0.147220,869.448179
4000,0.149245,857.650241
4000,0.151255,846.253777
4000,0.145674,878.674535
