Size,Time,GFLOPS
16000,8.546201,958.554526
16000,9.116009,898.638829
16000,8.367927,978.976050
16000,9.148747,895.423143
16000,7.932981,1032.650929
