Size,Time,GFLOPS
11000,1.531675,1737.966230
11000,1.522338,1748.626107
11000,1.533597,1735.788989
11000,1.536382,1732.642120
11000,1.523407,1747.398956
