Size,Time,GFLOPS
11000,2.974198,895.031243
11000,3.930898,677.199007
11000,3.982644,668.400261
11000,4.154416,640.763915
11000,3.886241,684.980654
