Size,Time,GFLOPS
5000,0.106431,2348.937636
5000,0.108975,2294.113836
5000,0.109118,2291.090446
5000,0.108879,2296.129276
5000,0.106381,2350.045832
