Size,Time,GFLOPS
7000,0.463245,1480.856870
7000,0.431986,1588.015445
7000,0.414126,1656.500623
7000,0.446531,1536.285918
7000,0.440638,1556.833059
