Size,Time,GFLOPS
5000,0.337656,740.398012
5000,0.350420,713.430254
5000,0.340134,735.003396
5000,0.348879,716.580642
5000,0.324810,769.680196
