Size,Time,GFLOPS
8000,1.223147,837.184630
8000,1.235214,829.006042
8000,1.225112,835.842004
8000,1.225112,835.841922
8000,1.240350,825.573345
