Size,Time,GFLOPS
7000,0.848804,808.195651
7000,0.856072,801.334507
7000,0.847131,809.792068
7000,0.841782,814.937554
7000,0.852616,804.582425
