Size,Time,GFLOPS
14000,3.000650,1828.936971
14000,3.020555,1816.884822
14000,3.058146,1794.551063
14000,3.035983,1807.651570
14000,3.044965,1802.319633
