Size,Time,GFLOPS
10000,2.298774,870.029123
10000,2.264657,883.135758
10000,2.268175,881.766012
10000,2.278663,877.707610
10000,2.250280,888.778278
