Size,Time,GFLOPS
3000,0.064742,834.079100
3000,0.281050,192.136326
3000,0.067775,796.757857
3000,0.066902,807.150022
3000,0.064654,835.214383
