Size,Time,GFLOPS
9000,1.692521,861.436915
9000,1.711912,851.679487
9000,1.671139,872.458615
9000,1.685781,864.880983
9000,1.686404,864.561664
