Size,Time,GFLOPS
5000,0.338931,737.613422
5000,0.400188,624.706780
5000,0.354170,705.876226
5000,0.347276,719.887766
5000,0.335400,745.377910
