Size,Time,GFLOPS
20000,15.312507,1044.897501
20000,16.743425,955.599003
20000,15.622692,1024.151302
20000,16.107255,993.341212
20000,14.745777,1085.056386
