Size,Time,GFLOPS
8000,0.692194,1479.354090
8000,0.703120,1456.365485
8000,0.708227,1445.863455
8000,0.706865,1448.650097
8000,0.706043,1450.335914
