Size,Time,GFLOPS
15000,3.648834,1849.906051
15000,3.702674,1823.006927
15000,3.698626,1825.001964
15000,3.724167,1812.485732
15000,3.722084,1813.499993
