Size,Time,GFLOPS
15000,7.646616,882.743455
15000,7.856684,859.141039
15000,7.904738,853.918263
15000,7.806105,864.707804
15000,7.686298,878.186077
