Size,Time,GFLOPS
13000,2.488887,1765.447659
13000,2.466271,1781.637079
13000,2.464682,1782.785610
13000,2.472042,1777.477869
13000,2.237273,1963.997743
