Size,Time,GFLOPS
19000,14.690899,933.775411
19000,13.395829,1024.050086
19000,14.476631,947.596183
19000,14.703403,932.981291
19000,13.012660,1054.204115
