Size,Time,GFLOPS
12000,1.939652,1781.762611
12000,1.965817,1758.047852
12000,1.958646,1764.484474
12000,1.957295,1765.702251
12000,1.945095,1776.777254
