Size,Time,GFLOPS
3000,0.036776,1468.339021
3000,0.040004,1349.878848
3000,0.037004,1459.299489
3000,0.039740,1358.817161
3000,0.051462,1049.325121
