Size,Time,GFLOPS
6000,0.218265,1979.243001
6000,0.218858,1973.882248
6000,0.211129,2046.138132
6000,0.189803,2276.040463
6000,0.209509,2061.965126
