Size,Time,GFLOPS
14000,6.066052,904.706989
14000,6.008189,913.419927
14000,6.078432,902.864489
14000,6.071419,903.907288
14000,6.002837,914.234398
