Size,Time,GFLOPS
12000,3.808050,907.551103
12000,3.853486,896.850364
12000,3.772652,916.066490
12000,3.927843,879.872288
12000,3.757053,919.869944
