Size,Time,GFLOPS
10000,2.264740,883.103490
10000,2.264779,883.088295
10000,2.299410,869.788158
10000,2.261703,884.289457
10000,2.240032,892.844389
