Size,Time,GFLOPS
7000,0.852792,804.416378
7000,0.864462,793.557571
7000,0.840396,816.281437
7000,0.866931,791.296688
7000,0.847200,809.726425
