Size,Time,GFLOPS
6000,0.565218,764.306860
6000,0.568560,759.814791
6000,0.574666,751.741277
6000,0.557781,774.496865
6000,0.580079,744.725754
