Size,Time,GFLOPS
6000,0.541461,797.842102
6000,0.544899,792.808045
6000,0.546490,790.499589
6000,0.555167,778.144498
6000,0.549686,785.902923
