Size,Time,GFLOPS
2000,0.033468,478.063361
2000,0.032961,485.428587
2000,0.029862,535.804751
2000,0.030912,517.603769
2000,0.048619,329.086317
