Size,Time,GFLOPS
5000,0.122137,2046.879132
5000,0.108251,2309.448362
5000,0.109415,2284.878569
5000,0.106070,2356.924212
5000,0.108215,2310.219553
