Size,Time,GFLOPS
19000,6.589613,2081.761082
19000,6.610223,2075.270498
19000,7.259206,1889.738389
19000,7.319118,1874.269441
19000,6.500724,2110.226633
