Size,Time,GFLOPS
16000,4.589824,1784.817947
16000,4.614958,1775.097272
16000,4.617588,1774.086318
16000,4.569109,1792.909848
16000,4.562442,1795.529496
