Size,Time,GFLOPS
14000,3.040785,1804.796837
14000,3.022533,1815.695869
14000,3.181065,1725.208467
14000,3.051570,1798.418281
14000,3.023779,1814.947590
