Size,Time,GFLOPS
2000,0.023255,688.009436
2000,0.022436,713.140678
2000,0.024793,645.340789
2000,0.022410,713.966724
2000,0.022585,708.444714
