Size,Time,GFLOPS
18000,5.892474,1979.474120
18000,5.887844,1981.030589
18000,5.865213,1988.674750
18000,5.863741,1989.173968
18000,5.835030,1998.961569
