Size,Time,GFLOPS
17000,5.284923,1859.251235
17000,5.292709,1856.516260
17000,5.354765,1835.001087
17000,5.311273,1850.027461
17000,5.324916,1845.287185
