Size,Time,GFLOPS
9000,0.923882,1578.122920
9000,0.991434,1470.597144
9000,0.925841,1574.783613
9000,0.907886,1605.928560
9000,0.966672,1508.268168
