Size,Time,GFLOPS
17000,10.464902,938.948097
17000,10.506454,935.234705
17000,10.599843,926.994867
17000,10.520404,933.994592
17000,10.532918,932.884889
