Size,Time,GFLOPS
2000,0.030416,526.043960
2000,0.088410,180.975181
2000,0.032187,497.102576
2000,0.031454,508.672678
2000,0.031871,502.017262
