Size,Time,GFLOPS
12000,1.883714,1834.673491
12000,1.995920,1731.531956
12000,1.898167,1820.703420
12000,1.971995,1752.540038
12000,1.875129,1843.073483
