Size,Time,GFLOPS
20000,8.316160,1923.964887
20000,8.355214,1914.971822
20000,8.374536,1910.553547
20000,8.324402,1922.060045
20000,7.732808,2069.106191
