Size,Time,GFLOPS
11000,4.121032,645.954640
11000,3.795375,701.380053
11000,3.853737,690.758146
11000,3.845620,692.216139
11000,3.889680,684.375026
