Size,Time,GFLOPS
19000,6.511929,2106.595587
19000,6.613081,2074.373408
19000,6.615717,2073.547028
19000,6.687931,2051.157486
19000,6.641670,2065.444303
