Size,Time,GFLOPS
15000,7.373249,915.471537
15000,7.740252,872.064667
15000,7.615523,886.347585
15000,7.635651,884.011013
15000,7.609332,887.068644
