Size,Time,GFLOPS
13000,4.763193,922.490407
13000,4.744761,926.073967
13000,4.715681,931.784735
13000,4.806298,914.217233
13000,4.836419,908.523493
