Size,Time,GFLOPS
4000,0.068128,1878.826329
4000,0.066109,1936.189341
4000,0.069654,1837.651976
4000,0.063454,2017.223654
4000,0.069288,1847.349285
