Size,Time,GFLOPS
18000,13.861887,841.443878
18000,13.313698,876.090162
18000,11.475677,1016.410634
18000,13.193352,884.081593
18000,12.235423,953.297672
