Size,Time,GFLOPS
13000,6.439464,682.354897
13000,6.500552,675.942633
13000,6.479251,678.164777
13000,5.711333,769.347534
13000,6.407464,685.762716
