Size,Time,GFLOPS
8000,1.029190,994.957108
8000,1.017510,1006.378695
8000,1.026184,997.871817
8000,1.000276,1023.717534
8000,1.004871,1019.035927
