Size,Time,GFLOPS
16000,13.390381,611.782462
16000,10.912246,750.716240
16000,10.715046,764.532411
16000,8.941287,916.199207
16000,10.972692,746.580660
