Size,Time,GFLOPS
20000,11.823489,1353.238457
20000,11.921424,1342.121527
20000,11.716221,1365.628047
20000,11.812968,1354.443711
20000,11.845317,1350.744749
