Size,Time,GFLOPS
10000,1.811957,1103.778815
10000,1.810661,1104.568810
10000,1.819131,1099.426195
10000,1.803132,1109.181413
10000,1.813623,1102.765098
