Size,Time,GFLOPS
11000,3.951398,673.685653
11000,3.938859,675.830303
11000,3.987279,667.623268
11000,4.624361,575.647152
11000,3.963780,671.581090
