Size,Time,GFLOPS
17000,15.516434,633.264054
17000,15.554554,631.712105
17000,15.586232,630.428188
17000,14.515562,676.928666
17000,15.271872,643.405071
