Size,Time,GFLOPS
8000,1.015014,1008.852950
8000,1.007631,1016.245355
8000,1.012464,1011.393620
8000,0.999416,1024.598017
8000,0.998192,1025.854569
