Size,Time,GFLOPS
19000,9.012680,1522.077730
19000,9.069514,1512.539679
19000,10.573020,1297.453388
19000,9.056254,1514.754329
19000,9.107150,1506.288974
