Size,Time,GFLOPS
17000,15.392188,638.375774
17000,15.463024,635.451394
17000,15.500015,633.934879
17000,15.250860,644.291546
17000,15.526345,632.859841
