Size,Time,GFLOPS
6000,0.317021,1362.684291
6000,0.317163,1362.073561
6000,0.321406,1344.093570
6000,0.333772,1294.297687
6000,0.336250,1284.757898
