Size,Time,GFLOPS
10000,3.565641,560.909010
10000,3.622269,552.140034
10000,3.608568,554.236434
10000,3.632137,550.640031
10000,3.652086,547.632220
