Size,Time,GFLOPS
15000,11.212308,602.016986
15000,10.699731,630.856991
15000,11.169559,604.321088
15000,11.203183,602.507317
15000,10.393894,649.419725
