Size,Time,GFLOPS
12000,2.737194,1262.606764
12000,2.748448,1257.436790
12000,2.729725,1266.061402
12000,2.764805,1249.997923
12000,2.740327,1261.163275
