Size,Time,GFLOPS
7000,1.221954,561.395774
7000,1.205434,569.089683
7000,1.229219,558.077777
7000,1.224382,560.282617
7000,1.215614,564.323854
