Size,Time,GFLOPS
16000,6.020106,1360.773430
16000,6.546772,1251.303691
16000,6.485137,1263.196106
16000,6.633297,1234.981550
16000,6.487811,1262.675448
