Size,Time,GFLOPS
12000,5.486679,629.889276
12000,4.880700,708.095197
12000,5.670330,609.488390
12000,4.825272,716.229082
12000,5.540772,623.739787
