Size,Time,GFLOPS
3000,0.052118,1036.105494
3000,0.055681,969.803829
3000,0.055211,978.067063
3000,0.052863,1021.517587
3000,0.053518,1009.010822
