Size,Time,GFLOPS
13000,3.104316,1415.448834
13000,3.513386,1250.645395
13000,3.530721,1244.504957
13000,3.516554,1249.518690
13000,2.424110,1812.623939
