Size,Time,GFLOPS
12000,2.799285,1234.600789
12000,2.904285,1189.965999
12000,2.784813,1241.017120
12000,1.790797,1929.867372
12000,2.904915,1189.707900
