Size,Time,GFLOPS
18000,6.558668,1778.409851
18000,6.485796,1798.391437
18000,7.641057,1526.490318
18000,7.611724,1532.373042
18000,7.553751,1544.133549
