Size,Time,GFLOPS
9000,1.390318,1048.680749
9000,1.376673,1059.075235
9000,1.390953,1048.202150
9000,1.382994,1054.234527
9000,1.386981,1051.203882
