Size,Time,GFLOPS
14000,3.531202,1554.144835
14000,3.567305,1538.416258
14000,3.697881,1484.093280
14000,3.716216,1476.770841
14000,4.157953,1319.880361
