Size,Time,GFLOPS
7000,0.653216,1050.188039
7000,0.655869,1045.940063
7000,0.637052,1076.834423
7000,0.645583,1062.605290
7000,0.645481,1062.773898
