Size,Time,GFLOPS
3000,0.112756,478.910506
3000,0.101090,534.175886
3000,0.122771,439.844873
3000,0.105923,509.806501
3000,0.100512,537.249236
