Size,Time,GFLOPS
20000,21.086562,758.777089
20000,20.687422,773.416821
20000,20.357591,785.947612
20000,15.547287,1029.118458
20000,20.392750,784.592566
