Size,Time,GFLOPS
19000,17.380141,789.291656
19000,20.385445,672.931108
19000,20.569396,666.913116
19000,20.593026,666.147851
19000,20.881307,656.951209
