Size,Time,GFLOPS
5000,0.475262,526.025689
5000,0.484310,516.197981
5000,0.471744,529.948135
5000,0.465962,536.524552
5000,0.467758,534.464072
