Size,Time,GFLOPS
2000,0.064079,249.690961
2000,0.052225,306.366337
2000,0.055499,288.291467
2000,0.048651,328.874217
2000,0.047259,338.563161
