Size,Time,GFLOPS
2000,0.037264,429.367837
2000,0.029677,539.131604
2000,0.029928,534.614751
2000,0.028707,557.347330
2000,0.028578,559.880222
