Size,Time,GFLOPS
4000,0.080964,1580.941435
4000,0.082165,1557.837669
4000,0.080907,1582.068460
4000,0.083966,1524.429368
4000,0.079781,1604.391923
