Size,Time,GFLOPS
15000,5.142792,1312.516716
15000,5.160310,1308.060972
15000,4.968426,1358.579247
15000,5.114008,1319.904011
15000,5.186518,1301.451135
