Size,Time,GFLOPS
6000,0.774372,557.871478
6000,0.774462,557.806924
6000,0.761046,567.639575
6000,0.814285,530.527013
6000,0.753101,573.628168
