Size,Time,GFLOPS
15000,10.979962,614.756212
15000,11.131137,606.407030
15000,11.180443,603.732776
15000,11.182723,603.609677
15000,11.135853,606.150222
