Size,Time,GFLOPS
14000,8.450059,649.462946
14000,9.221871,595.107011
14000,9.243161,593.736277
14000,8.301585,661.078552
14000,9.220979,595.164601
