Size,Time,GFLOPS
8000,1.801580,568.389864
8000,1.792810,571.170325
8000,1.791017,571.742182
8000,1.771685,577.980758
8000,1.776675,576.357634
