Size,Time,GFLOPS
14000,9.008111,609.228760
14000,9.044635,606.768535
14000,9.045980,606.678332
14000,9.092393,603.581502
14000,9.130952,601.032637
