Size,Time,GFLOPS
11000,2.208758,1205.202359
11000,2.215898,1201.318944
11000,2.208531,1205.325932
11000,2.234261,1191.445565
11000,2.201417,1209.220906
