Size,Time,GFLOPS
4000,0.238458,536.782983
4000,0.237119,539.813857
4000,0.233372,548.480063
4000,0.237473,539.009110
4000,0.249133,513.781783
