Size,Time,GFLOPS
18000,18.419758,633.233080
18000,18.674644,624.590235
18000,15.523959,751.354742
18000,16.466241,708.358402
18000,17.818164,654.612900
