Size,Time,GFLOPS
5000,0.159300,1569.363326
5000,0.159234,1570.013801
5000,0.162107,1542.187016
5000,0.158294,1579.338313
5000,0.154716,1615.868449
