Size,Time,GFLOPS
17000,7.571861,1297.699528
17000,7.746661,1268.417498
17000,7.701537,1275.849248
17000,7.733396,1270.593140
17000,7.599492,1292.981136
