Size,Time,GFLOPS
4000,0.242172,528.550478
4000,0.238123,537.537468
4000,0.256040,499.922198
4000,0.240117,533.073380
4000,0.237457,539.045300
