Size,Time,GFLOPS
16000,5.849005,1400.580115
16000,6.537507,1253.077076
16000,6.372415,1285.540806
16000,6.674437,1227.369457
16000,6.500798,1260.152920
