Size,Time,GFLOPS
6000,0.316231,1366.090955
6000,0.302890,1426.258616
6000,0.318634,1355.786995
6000,0.314970,1371.559479
6000,0.317720,1359.689598
