Size,Time,GFLOPS
9000,2.508836,581.145991
9000,2.510817,580.687505
9000,2.522972,577.889921
9000,2.537265,574.634532
9000,2.550415,571.671767
