Size,Time,GFLOPS
11000,3.426242,776.944648
11000,3.389006,785.481122
11000,4.039998,658.911137
11000,3.290227,809.062828
11000,3.517949,756.690997
