Size,Time,GFLOPS
6000,0.472203,914.860024
6000,0.470041,919.069585
6000,0.469316,920.488449
6000,0.471587,916.056340
6000,0.476092,907.388540
