Size,Time,GFLOPS
15000,8.812341,765.971294
15000,8.791504,767.786709
15000,8.786713,768.205375
15000,8.815994,765.653922
15000,8.807949,766.353236
