Size,Time,GFLOPS
6000,0.460884,937.328893
6000,0.462140,934.780748
6000,0.458771,941.647239
6000,0.463692,931.652313
6000,0.468022,923.032864
