Size,Time,GFLOPS
13000,3.069914,1431.310236
13000,3.064894,1433.654610
13000,3.016342,1456.731575
13000,3.087227,1423.283663
13000,3.131577,1403.127111
