Size,Time,GFLOPS
7000,1.454147,471.754088
7000,1.451638,472.569571
7000,1.461200,469.477045
7000,1.492060,459.766949
7000,1.453082,472.099962
