Size,Time,GFLOPS
6000,0.997421,433.116830
6000,0.994763,434.274441
6000,0.979641,440.978044
6000,1.001470,431.365769
6000,0.985706,438.264714
