Size,Time,GFLOPS
20000,8.595562,1861.425713
20000,8.671948,1845.029418
20000,8.536917,1874.212912
20000,8.609472,1858.418310
20000,8.591986,1862.200408
