Size,Time,GFLOPS
4000,0.360115,355.442465
4000,0.355410,360.147339
4000,0.356741,358.803366
4000,0.355035,360.527903
4000,0.358775,356.769828
