Size,Time,GFLOPS
5000,0.286701,871.989390
5000,0.277895,899.619007
5000,0.280547,891.116687
5000,0.285856,874.565056
5000,0.282989,883.425824
