Size,Time,GFLOPS
10000,1.663223,1202.484900
10000,1.644572,1216.121709
10000,1.619717,1234.783812
10000,1.663258,1202.459581
10000,1.672073,1196.120137
