Size,Time,GFLOPS
17000,12.314961,797.891301
17000,11.743240,836.736723
17000,12.086742,812.956890
17000,11.729719,837.701258
17000,11.887246,826.600222
