Size,Time,GFLOPS
5000,0.625038,399.975655
5000,0.618772,404.026180
5000,0.620488,402.908545
5000,0.626245,399.204777
5000,0.635012,393.693499
