Size,Time,GFLOPS
5000,0.636822,392.574281
5000,0.626076,399.312647
5000,0.631839,395.670569
5000,0.643177,388.695567
5000,0.623028,401.266152
