Size,Time,GFLOPS
9000,1.295896,1125.090258
9000,1.296295,1124.743984
9000,1.325871,1099.654079
9000,1.299782,1121.726597
9000,1.308224,1114.487737
