Size,Time,GFLOPS
15000,3.908793,1726.875834
15000,4.188474,1611.565485
15000,4.257815,1585.320250
15000,4.143776,1628.949230
15000,4.098796,1646.825220
