Size,Time,GFLOPS
7000,0.693057,989.817863
7000,0.692747,990.261201
7000,0.703249,975.473015
7000,0.696974,984.254933
7000,0.700449,979.371465
