Size,Time,GFLOPS
2000,0.062315,256.760764
2000,0.058874,271.768638
2000,0.060493,264.493644
2000,0.060193,265.811131
2000,0.065205,245.380535
