Size,Time,GFLOPS
20000,15.185590,1053.630475
20000,15.324540,1044.077032
20000,15.269251,1047.857570
20000,15.130252,1057.484008
20000,16.897273,946.898379
