Size,Time,GFLOPS
12000,2.512414,1375.569233
12000,2.491041,1387.371557
12000,2.503621,1380.400775
12000,2.579881,1339.596691
12000,2.556355,1351.925125
