Size,Time,GFLOPS
18000,14.623611,797.614223
18000,14.357199,812.414738
18000,14.478195,805.625278
18000,14.485037,805.244758
18000,14.534768,802.489608
