Size,Time,GFLOPS
14000,3.549943,1545.940184
14000,3.560811,1541.221968
14000,3.631978,1511.022492
14000,3.654552,1501.688703
14000,3.550297,1545.786235
