Size,Time,GFLOPS
4000,0.154498,828.487614
4000,0.152299,840.453176
4000,0.156411,818.354971
4000,0.158649,806.813357
4000,0.152895,837.173868
