Size,Time,GFLOPS
16000,10.372090,789.811901
16000,8.872403,923.312454
16000,8.853302,925.304436
16000,10.373171,789.729578
16000,10.437047,784.896330
