Size,Time,GFLOPS
11000,2.179562,1221.346289
11000,2.098727,1268.387672
11000,2.053344,1296.421800
11000,2.077762,1281.186146
11000,2.096449,1269.766207
