Size,Time,GFLOPS
6000,1.008653,428.293911
6000,0.998810,432.514765
6000,0.976557,442.370630
6000,1.001897,431.181900
6000,0.969139,445.756523
