Size,Time,GFLOPS
19000,16.666128,823.106598
19000,16.794895,816.795839
19000,15.310788,895.969559
19000,16.845434,814.345280
19000,16.664232,823.200274
