Size,Time,GFLOPS
3000,0.077238,699.138644
3000,0.080387,671.746864
3000,0.078040,691.952880
3000,0.081009,666.592000
3000,0.082054,658.104740
