Size,Time,GFLOPS
2000,0.032619,490.518823
2000,0.031085,514.709447
2000,0.031334,510.620035
2000,0.031290,511.337438
2000,0.031199,512.844183
