Size,Time,GFLOPS
11000,3.938556,675.882275
11000,3.815916,697.604392
11000,3.999773,665.537751
11000,3.945274,674.731342
11000,3.943723,674.996733
