Size,Time,GFLOPS
12000,2.528514,1366.810927
12000,2.436609,1418.364627
12000,2.496796,1384.174006
12000,2.162417,1598.211577
12000,2.564960,1347.389376
