Size,Time,GFLOPS
13000,3.059491,1436.186834
13000,3.269595,1343.897405
13000,3.154930,1392.741099
13000,3.140299,1399.229662
13000,3.089174,1422.386735
