Size,Time,GFLOPS
9000,2.624606,555.512002
9000,2.581377,564.814849
9000,2.649025,550.391150
9000,2.650754,550.032176
9000,2.199435,662.897385
