Size,Time,GFLOPS
20000,7.743267,2066.311245
20000,7.574986,2112.215221
20000,7.766128,2060.228786
20000,8.567725,1867.473582
20000,8.597865,1860.927022
