Size,Time,GFLOPS
13000,5.816477,755.440120
13000,5.746015,764.703924
13000,5.779742,760.241613
13000,5.650767,777.593593
13000,5.739091,765.626457
