Size,Time,GFLOPS
17000,5.793434,1696.057985
17000,5.797399,1694.898050
17000,5.666763,1733.970624
17000,5.300635,1853.740013
17000,5.681519,1729.467004
