Size,Time,GFLOPS
10000,1.673534,1195.075880
10000,1.641056,1218.727611
10000,1.642430,1217.708066
10000,1.651115,1211.302548
10000,1.656588,1207.300673
