Size,Time,GFLOPS
10000,3.320464,602.325390
10000,3.379735,591.762293
10000,3.382577,591.265215
10000,3.263513,612.836489
10000,3.248486,615.671340
