Size,Time,GFLOPS
8000,0.950388,1077.454928
8000,0.943221,1085.641405
8000,0.949894,1078.014475
8000,0.950490,1077.339027
8000,0.937986,1091.700945
