Size,Time,GFLOPS
7000,1.445656,474.525101
7000,1.449538,473.254119
7000,1.477651,464.250324
7000,1.484937,461.972597
7000,1.466955,467.635372
