Size,Time,GFLOPS
8000,1.949708,525.206734
8000,2.012849,508.731752
8000,2.045894,500.514757
8000,1.973934,518.761010
8000,1.957776,523.042513
