Size,Time,GFLOPS
4000,0.356609,358.936041
4000,0.358044,357.498247
4000,0.361234,354.340571
4000,0.363520,352.112883
4000,0.363296,352.329610
