Size,Time,GFLOPS
14000,7.422070,739.416402
14000,7.398846,741.737306
14000,7.357132,745.942856
14000,7.661297,716.327775
14000,7.346810,746.990833
