Size,Time,GFLOPS
3000,0.163773,329.725576
3000,0.163976,329.315955
3000,0.165175,326.925156
3000,0.168290,320.875548
3000,0.164057,329.154303
