Size,Time,GFLOPS
18000,13.975218,834.620267
18000,14.405895,809.668569
18000,14.506373,804.060379
18000,14.472039,805.967991
18000,14.573035,800.382369
