Size,Time,GFLOPS
8000,1.921608,532.886979
8000,2.021135,506.645950
8000,1.948131,525.632081
8000,1.977390,517.854463
8000,1.995143,513.246402
