Size,Time,GFLOPS
12000,4.174104,827.962147
12000,4.762208,725.713716
12000,3.915031,882.751603
12000,4.842483,713.683477
12000,4.854964,711.848716
