Size,Time,GFLOPS
18000,6.094387,1913.892384
18000,6.192327,1883.621502
18000,6.721832,1735.241119
18000,5.984265,1949.111474
18000,6.257450,1864.018239
