Size,Time,GFLOPS
19000,7.693928,1782.964441
19000,6.716483,2042.438136
19000,6.854193,2001.402698
19000,6.534945,2099.175944
19000,7.804785,1757.639723
