Size,Time,GFLOPS
16000,4.687184,1747.744644
16000,4.595028,1782.796721
16000,4.696521,1744.269843
16000,4.482280,1827.641453
16000,4.684721,1748.663445
