n_threads,Time,GFLOPS
78,1.521314,1314.653273
78,1.505312,1328.628219
78,1.504478,1329.365135
78,1.508588,1325.742611
78,1.497100,1335.915871
