n_threads,Time,GFLOPS
72,1.473082,1357.697682
72,1.488046,1344.044101
72,1.514801,1320.305100
72,1.507945,1326.308471
72,1.514820,1320.289251
