n_threads,Time,GFLOPS
62,1.066374,1875.514624
62,1.030450,1940.900183
62,1.056111,1893.739872
62,1.041940,1919.495552
62,1.045523,1912.919020
