n_threads,Time,GFLOPS
10,2.370166,843.822837
10,2.371203,843.453726
10,2.354713,849.360390
10,2.359378,847.681215
10,2.362328,846.622424
