n_threads,Time,GFLOPS
18,1.408147,1420.306353
18,1.406289,1422.182691
18,1.399494,1429.088101
18,1.403641,1424.865873
18,1.409427,1419.016384
