n_threads,Time,GFLOPS
50,1.283794,1557.882881
50,1.275791,1567.655309
50,1.251158,1598.518965
50,1.258500,1589.193647
50,1.277223,1565.897582
