n_threads,Time,GFLOPS
70,1.214369,1646.945416
70,1.248616,1601.772851
70,1.226690,1630.403423
70,1.218465,1641.409507
70,1.221684,1637.084269
