n_threads,Time,GFLOPS
74,1.967279,1016.632858
74,1.994997,1002.507817
74,1.982971,1008.587448
74,1.997847,1001.077747
74,1.998847,1000.576848
