n_threads,Time,GFLOPS
70,2.393415,835.625953
70,2.381171,839.922807
70,2.370724,843.624244
70,2.315206,863.854141
70,2.327893,859.145953
