n_threads,Time,GFLOPS
112,1.739053,1150.051186
112,1.726686,1158.288464
112,1.715543,1165.811617
112,1.700023,1176.454382
112,1.719357,1163.225599
