n_threads,Time,GFLOPS
32,1.201250,1664.932941
32,1.195261,1673.274187
32,1.199740,1667.027310
32,1.195956,1672.303001
32,1.194561,1674.254744
