n_threads,Time,GFLOPS
4,5.406752,369.907868
4,5.411548,369.579994
4,5.421647,368.891623
4,5.393307,370.829964
4,5.404800,370.041422
