n_threads,Time,GFLOPS
96,1.324529,1509.970228
96,1.329089,1504.789626
96,1.327927,1506.106611
96,1.326315,1507.937803
96,1.304452,1533.211071
