n_threads,Time,GFLOPS
6,3.694485,541.347481
6,3.684568,542.804442
6,3.692386,541.655176
6,3.694486,541.347268
6,3.706531,539.588043
