n_threads,Time,GFLOPS
66,1.427644,1400.909587
66,1.440872,1388.048029
66,1.436553,1392.221218
66,1.446486,1382.661126
66,1.437290,1391.507156
