n_threads,Time,GFLOPS
62,2.026529,986.909170
62,2.047566,976.769693
62,2.064961,968.541370
62,2.016761,991.689115
62,2.065456,968.309258
