n_threads,Time,GFLOPS
64,1.323701,1510.915409
64,1.335840,1497.185792
64,1.323461,1511.189004
64,1.318867,1516.452706
64,1.317563,1517.954541
