n_threads,Time,GFLOPS
8,2.689331,743.679255
8,2.697284,741.486668
8,2.709902,738.034121
8,2.698979,741.020952
8,2.712382,737.359205
