n_threads,Time,GFLOPS
8,5.828261,343.155509
8,5.787232,345.588357
8,5.863459,341.095588
8,5.837617,342.605533
8,5.876620,340.331679
