n_threads,Time,GFLOPS
10,5.292462,377.895963
10,5.305960,376.934591
10,5.300128,377.349386
10,5.297316,377.549713
10,5.285065,378.424829
