n_threads,Time,GFLOPS
26,1.216033,1644.692111
26,1.220883,1638.158318
26,1.218936,1640.775411
26,1.222723,1635.693853
26,1.217520,1642.682870
