n_threads,Time,GFLOPS
60,1.217293,1642.989637
60,1.197992,1669.460110
60,1.188274,1683.113726
60,1.199508,1667.350946
60,1.191983,1677.876483
