n_threads,Time,GFLOPS
66,2.520178,793.594795
66,2.545186,785.797174
66,2.537592,788.148667
66,2.569269,778.431618
66,2.537162,788.282188
