n_threads,Time,GFLOPS
30,1.148591,1741.264509
30,1.140821,1753.122831
30,1.146850,1743.907089
30,1.149949,1739.208056
30,1.135713,1761.008626
