n_threads,Time,GFLOPS
28,2.273694,879.625749
28,2.275838,878.797103
28,2.281156,876.748364
28,2.277550,878.136724
28,2.277127,878.299839
