n_threads,Time,GFLOPS
6,8.166200,244.911960
6,8.209228,243.628264
6,8.123213,246.207995
6,8.223492,243.205681
6,8.206121,243.720514
