n_threads,Time,GFLOPS
94,0.699252,2860.200330
94,0.694748,2878.741678
94,0.712100,2808.594638
94,0.691734,2891.285068
94,0.704002,2840.900092
