n_threads,Time,GFLOPS
110,2.576142,776.354731
110,2.589663,772.301184
110,2.571562,777.737503
110,2.574890,776.732298
110,2.564222,779.963648
