n_threads,Time,GFLOPS
54,2.254819,886.989293
54,2.268674,881.572084
54,2.271024,880.659829
54,2.275511,878.923310
54,2.265163,882.938627
