n_threads,Time,GFLOPS
98,2.689817,743.545006
98,2.685113,744.847661
98,2.688269,743.973271
98,2.687746,744.117866
98,2.675334,747.570090
