n_threads,Time,GFLOPS
58,1.037742,1927.262032
58,1.034448,1933.397703
58,1.030502,1940.802144
58,1.043331,1916.937202
58,1.033496,1935.179395
