n_threads,Time,GFLOPS
52,1.375618,1453.892333
52,1.388470,1440.433965
52,1.363576,1466.731699
52,1.427566,1400.986423
52,1.373956,1455.650611
