n_threads,Time,GFLOPS
40,2.274916,879.153401
40,2.264672,883.129963
40,2.277303,878.231746
40,2.273156,879.833977
40,2.159867,925.982979
