n_threads,Time,GFLOPS
80,2.427240,823.981029
80,2.431343,822.590604
80,2.438535,820.164441
80,2.422053,825.745804
80,2.422739,825.511935
