n_threads,Time,GFLOPS
56,2.349236,851.340551
56,2.367060,844.930145
56,2.350516,850.876898
56,2.374166,842.401013
56,2.366538,845.116424
