n_threads,Time,GFLOPS
84,2.501715,799.451700
84,2.488823,803.592617
84,2.495764,801.357792
84,2.503517,798.876197
84,2.486540,804.330522
