n_threads,Time,GFLOPS
128,3.088325,647.600221
128,3.091677,646.898016
128,3.120716,640.878611
128,3.098037,645.570009
128,3.084259,648.454069
