n_threads,Time,GFLOPS
42,1.175052,1702.051896
42,1.182519,1691.304834
42,1.174474,1702.890112
42,1.171192,1707.662206
42,1.172687,1705.484641
