n_threads,Time,GFLOPS
2,10.546780,189.631336
2,10.500418,190.468612
2,10.494371,190.578355
2,10.543182,189.696050
2,10.554295,189.496319
