n_threads,Time,GFLOPS
16,3.110597,642.963417
16,3.113528,642.358106
16,3.121888,640.638055
16,3.067710,651.952193
16,3.104564,644.212877
