n_threads,Time,GFLOPS
58,2.130050,938.944925
58,2.166918,922.969882
58,2.160301,925.796882
58,2.099755,952.491856
58,2.139785,934.673291
