n_threads,Time,GFLOPS
124,2.778562,719.796914
124,2.724879,733.977455
124,2.752565,726.594980
124,2.733723,731.603096
124,2.729388,732.765044
