n_threads,Time,GFLOPS
82,0.783159,2553.760326
82,0.794013,2518.851957
82,0.781491,2559.212061
82,0.781635,2558.738687
82,0.787624,2539.281343
