n_threads,Time,GFLOPS
28,1.172056,1706.403100
28,1.175942,1700.763474
28,1.169003,1710.859987
28,1.177063,1699.143810
28,1.179150,1696.136401
