n_threads,Time,GFLOPS
4,11.784819,169.709855
4,11.780823,169.767429
4,11.762334,170.034279
4,11.799045,169.505238
4,11.777166,169.820138
