n_threads,Time,GFLOPS
104,1.297277,1541.690733
104,1.293637,1546.029351
104,1.289571,1550.903765
104,1.239582,1613.447638
104,1.286569,1554.522442
