n_threads,Time,GFLOPS
118,1.982737,1008.706466
118,2.010096,994.977469
118,1.973046,1013.661009
118,1.985996,1007.051537
118,2.003681,998.163015
