n_threads,Time,GFLOPS
56,1.285289,1556.069848
56,1.262212,1584.520022
56,1.270862,1573.734741
56,1.251516,1598.062377
56,1.235454,1618.837448
