n_threads,Time,GFLOPS
46,1.026361,1948.633020
46,1.034013,1934.211139
46,1.018881,1962.938512
46,1.015022,1970.400579
46,1.020752,1959.340407
