n_threads,Time,GFLOPS
50,2.374669,842.222501
50,2.383148,839.226019
50,2.375157,842.049771
50,2.367948,844.613171
50,2.397283,834.277953
