n_threads,Time,GFLOPS
76,1.738672,1150.302992
76,1.745223,1145.985331
76,1.730306,1155.865236
76,1.730673,1155.619859
76,1.738094,1150.685914
