n_threads,Time,GFLOPS
104,2.398936,833.703099
104,2.401563,832.790913
104,2.386532,838.036051
104,2.404854,831.651400
104,2.397906,834.060966
