n_threads,Time,GFLOPS
38,2.261730,884.278869
38,2.264039,883.376889
38,2.270848,880.728437
38,2.262484,883.984202
38,2.263940,883.415610
