n_threads,Time,GFLOPS
2,21.563486,92.749380
2,21.562257,92.754669
2,21.698096,92.173987
2,21.591129,92.630635
2,21.516107,92.953620
