n_threads,Time,GFLOPS
88,2.324040,860.570211
88,2.321823,861.391936
88,2.332627,857.402519
88,2.323529,860.759787
88,2.323284,860.850325
