n_threads,Time,GFLOPS
98,1.672008,1196.166704
98,1.678013,1191.885800
98,1.664938,1201.246004
98,1.653989,1209.197691
98,1.677398,1192.322662
