n_threads,Time,GFLOPS
12,1.912444,1045.782298
12,1.904646,1050.064130
12,1.923984,1039.509876
12,1.901622,1051.734006
12,1.892109,1057.021349
