n_threads,Time,GFLOPS
110,1.503115,1330.570082
110,1.511600,1323.101198
110,1.506406,1327.663662
110,1.507614,1326.599816
110,1.502514,1331.102128
