n_threads,Time,GFLOPS
108,1.364127,1466.138838
108,1.361168,1469.326661
108,1.347248,1484.507195
108,1.354820,1476.210826
108,1.351688,1479.631543
