n_threads,Time,GFLOPS
34,2.396205,834.653230
34,2.389368,837.041301
34,2.399813,833.398438
34,2.375595,841.894422
34,2.388585,837.315968
