n_threads,Time,GFLOPS
64,2.379993,840.338733
64,2.395710,834.825735
64,2.371545,843.332232
64,2.396570,834.526075
64,2.391114,836.430183
