n_threads,Time,GFLOPS
112,3.657114,546.879322
112,3.658804,546.626771
112,3.668594,545.168001
112,3.657132,546.876626
112,3.664606,545.761330
