n_threads,Time,GFLOPS
96,3.588239,557.376485
96,3.612959,553.562830
96,3.591521,556.867202
96,3.605612,554.690879
96,3.586856,557.591355
