n_threads,Time,GFLOPS
120,3.738943,534.910476
120,3.728663,536.385279
120,3.724311,537.012032
120,3.712569,538.710480
120,3.737437,535.126042
