n_threads,Time,GFLOPS
128,1.312651,1523.634663
128,1.323693,1510.924077
128,1.279252,1563.413726
128,1.267184,1578.303019
128,1.321560,1513.362644
