n_threads,Time,GFLOPS
100,1.462553,1367.471390
100,1.464904,1365.276740
100,1.469131,1361.349237
100,1.479313,1351.979363
100,1.464468,1365.683357
