n_threads,Time,GFLOPS
4,10.845627,184.406113
4,10.809612,185.020514
4,10.815938,184.912298
4,10.802036,185.150283
4,10.841045,184.484065
