n_threads,Time,GFLOPS
76,1.535424,1302.572050
76,1.505664,1328.317184
76,1.545697,1293.914784
76,1.517038,1318.358747
76,1.515712,1319.511911
