n_threads,Time,GFLOPS
46,3.195078,625.962899
46,3.179843,628.961849
46,3.182301,628.475995
46,3.194426,626.090657
46,3.174985,629.924162
