n_threads,Time,GFLOPS
116,3.725968,536.773296
116,3.717707,537.966036
116,3.698251,540.796119
116,3.697440,540.914750
116,3.699319,540.640091
