n_threads,Time,GFLOPS
108,3.657457,546.827979
108,3.655916,547.058580
108,3.677519,543.844967
108,3.636720,549.946075
108,3.670846,544.833462
