n_threads,Time,GFLOPS
102,1.481318,1350.149082
102,1.465542,1364.682651
102,1.474923,1356.003332
102,1.442505,1386.476877
102,1.482494,1349.077954
