n_threads,Time,GFLOPS
112,1.483085,1348.540395
112,1.448756,1380.494432
112,1.490319,1341.994989
112,1.451067,1378.296319
112,1.419794,1408.655084
