n_threads,Time,GFLOPS
58,1.740810,1148.890363
58,1.714040,1166.834020
58,1.703277,1174.206919
58,1.767181,1131.745731
58,1.724691,1159.628239
