n_threads,Time,GFLOPS
30,3.343599,598.157938
30,3.332346,600.177854
30,3.332653,600.122466
30,3.305727,605.010604
30,3.310930,604.059829
