n_threads,Time,GFLOPS
6,7.405588,270.066321
6,7.402285,270.186841
6,7.396430,270.400734
6,7.408524,269.959301
6,7.382263,270.919647
