n_threads,Time,GFLOPS
92,1.589635,1258.150199
92,1.549502,1290.737061
92,1.548335,1291.710204
92,1.601640,1248.719998
92,1.560766,1281.421667
