n_threads,Time,GFLOPS
2,16.153237,123.814194
2,16.208400,123.392808
2,16.131787,123.978823
2,16.212167,123.364138
2,16.315690,122.581395
