n_threads,Time,GFLOPS
56,3.549476,563.463517
56,3.579480,558.740435
56,3.660785,546.330961
56,3.592183,556.764439
56,3.642685,549.045486
