n_threads,Time,GFLOPS
40,1.533062,1304.578377
40,1.546256,1293.447090
40,1.544688,1294.759689
40,1.531435,1305.964592
40,1.544575,1294.854825
