n_threads,Time,GFLOPS
68,1.740305,1149.223961
68,1.725524,1159.068495
68,1.775801,1126.252218
68,1.780119,1123.520244
68,1.756418,1138.680894
