n_threads,Time,GFLOPS
98,1.499845,1333.471214
98,1.460546,1369.351176
98,1.460359,1369.525848
98,1.490396,1341.924902
98,1.472712,1358.038748
