n_threads,Time,GFLOPS
32,3.443126,580.867493
32,3.450767,579.581245
32,3.447971,580.051262
32,3.441823,581.087440
32,3.455181,578.840799
