n_threads,Time,GFLOPS
70,1.617366,1236.578253
70,1.613299,1239.695770
70,1.622112,1232.960859
70,1.611526,1241.060088
70,1.610108,1242.152966
