n_threads,Time,GFLOPS
78,1.542886,1296.272393
78,1.534983,1302.946319
78,1.496138,1336.775024
78,1.520104,1315.699365
78,1.494590,1338.159574
