n_threads,Time,GFLOPS
36,3.428179,583.400030
36,3.424413,584.041756
36,3.433554,582.486885
36,3.425274,583.894914
36,3.430852,582.945512
