n_threads,Time,GFLOPS
52,1.570799,1273.237618
52,1.575286,1269.611104
52,1.610217,1242.068542
52,1.579272,1266.406131
52,1.614111,1239.071918
