n_threads,Time,GFLOPS
106,1.469556,1360.955413
106,1.496649,1336.318334
106,1.506782,1327.332082
106,1.511228,1323.427175
106,1.527413,1309.403354
