n_threads,Time,GFLOPS
18,3.649850,547.967716
18,3.631570,550.725966
18,3.629619,551.022050
18,3.625054,551.715854
18,3.593392,556.577174
