n_threads,Time,GFLOPS
42,3.202237,624.563376
42,3.167500,631.412831
42,3.183737,628.192680
42,3.205782,623.872812
42,3.221333,620.861042
