n_threads,Time,GFLOPS
34,3.297583,606.504880
34,3.266195,612.333254
34,3.275908,610.517766
34,3.278566,610.022854
34,3.276731,610.364400
