n_threads,Time,GFLOPS
124,3.763288,531.450109
124,3.776700,529.562783
124,3.768559,530.706820
124,3.746630,533.813091
124,3.766806,530.953815
