n_threads,Time,GFLOPS
98,3.399403,588.338554
98,3.347813,597.404978
98,3.337960,599.168423
98,3.360979,595.064672
98,3.380307,591.662237
