n_threads,Time,GFLOPS
108,1.455988,1373.637620
108,1.420463,1407.991356
108,1.381518,1447.682667
108,1.460648,1369.255079
108,1.415901,1412.527830
