n_threads,Time,GFLOPS
94,1.805437,1107.765174
94,1.856647,1077.210773
94,1.873917,1067.283001
94,1.845997,1083.425091
94,1.804452,1108.369614
