n_threads,Time,GFLOPS
76,3.589270,557.216336
76,3.598980,555.713058
76,3.577673,559.022577
76,3.603867,554.959406
76,3.545513,564.093340
