n_threads,Time,GFLOPS
32,1.678009,1191.888626
32,1.655795,1207.879242
32,1.667718,1199.243500
32,1.646755,1214.509831
32,1.653627,1209.462840
