n_threads,Time,GFLOPS
80,1.551348,1289.201076
80,1.558733,1283.093406
80,1.562048,1280.370286
80,1.554149,1286.878286
80,1.541598,1297.355482
