n_threads,Time,GFLOPS
14,2.649397,754.888688
14,2.657155,752.684872
14,2.658137,752.406607
14,2.659440,752.038134
14,2.640769,757.355090
