n_threads,Time,GFLOPS
122,3.591324,556.897728
122,3.766959,530.932200
122,3.603226,555.058235
122,3.799377,526.402050
122,3.635472,550.134952
