n_threads,Time,GFLOPS
10,3.884446,514.873913
10,3.900310,512.779786
10,3.935135,508.241765
10,3.912822,511.140010
10,3.893910,513.622558
