n_threads,Time,GFLOPS
60,3.810292,524.894091
60,3.715082,538.346123
60,3.748244,533.583200
60,3.870018,516.793416
60,3.756805,532.367309
