n_threads,Time,GFLOPS
46,1.513583,1321.367948
46,1.510813,1323.790272
46,1.517400,1318.043895
46,1.518707,1316.909776
46,1.516036,1319.229845
