n_threads,Time,GFLOPS
104,3.637747,549.790878
104,3.629820,550.991454
104,3.623732,551.917269
104,3.627330,551.369768
104,3.636122,550.036502
