n_threads,Time,GFLOPS
66,1.671255,1196.705816
66,1.650738,1211.579315
66,1.683074,1188.301985
66,1.674271,1194.549689
66,1.702633,1174.651134
