n_threads,Time,GFLOPS
84,1.551792,1288.832717
84,1.535345,1302.639196
84,1.482799,1348.800892
84,1.519946,1315.836650
84,1.495979,1336.917417
