n_threads,Time,GFLOPS
66,3.213617,622.351770
66,3.214587,622.163978
66,3.178536,629.220567
66,3.171238,630.668527
66,3.138776,637.191126
