n_threads,Time,GFLOPS
12,3.092986,646.624394
12,3.087982,647.672235
12,3.079560,649.443505
12,3.099381,645.290087
12,3.101126,644.927113
