n_threads,Time,GFLOPS
86,3.255436,614.357100
86,3.227492,619.676156
86,3.268645,611.874303
86,3.223962,620.354795
86,3.225212,620.114348
