n_threads,Time,GFLOPS
74,1.758227,1137.509432
74,1.760395,1136.108932
74,1.758503,1137.330739
74,1.748727,1143.689028
74,1.772059,1128.630509
