n_threads,Time,GFLOPS
4,11.293311,177.095987
4,11.276809,177.355143
4,11.285501,177.218540
4,11.290812,177.135175
4,11.328315,176.548769
