n_threads,Time,GFLOPS
2,21.895409,91.343348
2,21.925966,91.216051
2,21.915515,91.259549
2,21.944195,91.140276
2,21.779796,91.828226
