n_threads,Time,GFLOPS
126,1.393810,1434.916110
126,1.417504,1410.930591
126,1.428572,1399.999227
126,1.372618,1457.069291
126,1.407224,1421.237781
