n_threads,Time,GFLOPS
38,3.222565,620.623681
38,3.240342,617.218858
38,3.212726,622.524305
38,3.226703,619.827751
38,3.252941,614.828209
