n_threads,Time,GFLOPS
86,1.622067,1232.995033
86,1.521419,1314.562375
86,1.586132,1260.929256
86,1.614950,1238.428174
86,1.552797,1287.998374
