n_threads,Time,GFLOPS
118,3.695387,541.215353
118,3.763201,531.462420
118,3.506132,570.429153
118,3.614230,553.368202
118,3.588517,557.333268
