n_threads,Time,GFLOPS
40,3.402206,587.853794
40,3.407244,586.984721
40,3.409553,586.587075
40,3.402113,587.869987
40,3.396398,588.859112
