n_threads,Time,GFLOPS
26,3.425007,583.940491
26,3.422419,584.382060
26,3.424840,583.968910
26,3.425053,583.932541
26,3.417281,585.260537
