n_threads,Time,GFLOPS
128,3.800006,526.315013
128,3.815824,524.133129
128,3.781611,528.875189
128,3.816147,524.088825
128,3.793301,527.245323
