n_threads,Time,GFLOPS
50,2.274426,879.342579
50,2.284177,875.589030
50,2.278403,877.807850
50,2.298948,869.963249
50,2.302303,868.695456
