n_threads,Time,GFLOPS
32,0.924777,2162.684288
32,0.937845,2132.548728
32,0.924720,2162.816233
32,0.915576,2184.416485
32,0.925467,2161.071209
