n_threads,Time,GFLOPS
8,5.501327,363.548620
8,5.497348,363.811771
8,5.494476,364.001949
8,5.502616,363.463472
8,5.502623,363.463050
