n_threads,Time,GFLOPS
126,3.425376,583.877518
126,3.407596,586.924044
126,3.439702,581.445799
126,3.429822,583.120569
126,3.446077,580.370023
