n_threads,Time,GFLOPS
74,2.601021,768.928809
74,2.558278,781.775750
74,2.591776,771.671489
74,2.606472,767.320834
74,2.565716,779.509457
