n_threads,Time,GFLOPS
56,1.212788,1649.092956
56,1.150422,1738.491946
56,1.217068,1643.294119
56,1.214935,1646.178144
56,1.212879,1648.969484
