n_threads,Time,GFLOPS
118,1.677881,1191.979647
118,1.662773,1202.809977
118,1.659452,1205.216912
118,1.648791,1213.009792
118,1.655904,1207.799242
