n_threads,Time,GFLOPS
8,2.685255,744.808286
8,2.694607,742.223177
8,2.688821,743.820420
8,2.712538,737.316900
8,2.693914,742.414125
