n_threads,Time,GFLOPS
22,2.415750,827.900241
22,2.399507,833.504478
22,2.400064,833.311140
22,2.400647,833.108754
22,2.393833,835.480322
