n_threads,Time,GFLOPS
30,1.282863,1559.012527
30,1.307077,1530.132090
30,1.270244,1574.500488
30,1.306278,1531.067978
30,1.291130,1549.030534
