n_threads,Time,GFLOPS
86,2.741556,729.512624
86,2.871830,696.420149
86,2.758679,724.984638
86,2.834250,705.654020
86,2.789936,716.862333
