n_threads,Time,GFLOPS
18,1.271919,1572.427346
18,1.295676,1543.595802
18,1.273848,1570.046389
18,1.300466,1537.910792
18,1.299108,1539.518430
