n_threads,Time,GFLOPS
70,1.240301,1612.511802
70,1.265725,1580.122122
70,1.245671,1605.560359
70,1.254054,1594.827440
70,1.277938,1565.020644
