n_threads,Time,GFLOPS
100,2.972464,672.842555
100,3.017226,662.860602
100,2.991599,668.538757
100,3.010684,664.300844
100,2.988430,669.247637
