n_threads,Time,GFLOPS
112,3.198372,625.318192
112,3.144364,636.058617
112,3.196951,625.596013
112,3.168977,631.118445
112,3.157933,633.325592
