n_threads,Time,GFLOPS
42,2.323582,860.740097
42,2.312281,864.946645
42,2.308068,866.525581
42,2.330669,858.122754
42,2.244079,891.234342
