n_threads,Time,GFLOPS
34,0.944727,2117.013857
34,0.947382,2111.081634
34,0.976347,2048.452357
34,0.975757,2049.689894
34,0.979808,2041.215911
