n_threads,Time,GFLOPS
62,1.198800,1668.334662
62,1.210670,1651.977560
62,1.189225,1681.767631
62,1.212051,1650.094968
62,1.210803,1651.796164
