n_threads,Time,GFLOPS
120,1.655255,1208.272955
120,1.669421,1198.020410
120,1.670551,1197.210117
120,1.671767,1196.338837
120,1.639358,1219.989771
