n_threads,Time,GFLOPS
28,2.190419,913.067122
28,2.197693,910.045141
28,2.201834,908.333609
28,2.200355,908.944056
28,2.197734,910.028266
