n_threads,Time,GFLOPS
124,3.355093,596.108683
124,3.389634,590.034187
124,3.396346,588.868095
124,3.404297,587.492843
124,3.353779,596.342179
