n_threads,Time,GFLOPS
32,2.255552,886.701003
32,2.241464,892.274072
32,2.251784,888.184803
32,2.241751,892.159588
32,2.244874,890.918510
