n_threads,Time,GFLOPS
16,1.378534,1450.816561
16,1.382165,1447.005627
16,1.380058,1449.214885
16,1.409911,1418.529126
16,1.384926,1444.120262
