n_threads,Time,GFLOPS
92,1.443495,1385.525905
92,1.455209,1374.373353
92,1.441765,1387.188645
92,1.445347,1383.751201
92,1.434439,1394.273707
