n_threads,Time,GFLOPS
6,7.255838,275.640119
6,7.276500,274.857414
6,7.271880,275.032041
6,7.283053,274.610129
6,7.276267,274.866208
