n_threads,Time,GFLOPS
120,3.304899,605.162253
120,3.327981,600.964946
120,3.284622,608.898158
120,3.362509,594.794003
120,3.269015,611.805111
