n_threads,Time,GFLOPS
90,2.921727,684.526617
90,2.869567,696.969258
90,2.887597,692.617389
90,2.910483,687.171276
90,2.872912,696.157748
