n_threads,Time,GFLOPS
108,1.538640,1299.849347
108,1.559804,1282.212605
108,1.535352,1302.632749
108,1.538069,1300.331819
108,1.536661,1301.522855
