n_threads,Time,GFLOPS
40,2.264845,883.062501
40,2.254468,887.127080
40,2.267578,881.998410
40,2.269253,881.347338
40,2.274672,879.247560
