n_threads,Time,GFLOPS
48,2.241106,892.416634
48,2.233103,895.614563
48,2.227672,897.798312
48,2.263357,883.643025
48,2.233405,895.493709
