n_threads,Time,GFLOPS
106,3.103425,644.449218
106,3.057530,654.122799
106,3.077919,649.789731
106,3.114351,642.188409
106,3.148718,635.179085
