n_threads,Time,GFLOPS
48,0.998399,2003.207646
48,0.981888,2036.891776
48,0.984982,2030.494461
48,0.992394,2015.327799
48,0.995085,2009.879068
