n_threads,Time,GFLOPS
126,1.740478,1149.109890
126,1.745042,1146.104473
126,1.769125,1130.502180
126,1.730495,1155.738435
126,1.746065,1145.432867
