n_threads,Time,GFLOPS
64,2.530591,790.329168
64,2.601082,768.910760
64,2.562417,780.513062
64,2.584455,773.857639
64,2.488588,803.668432
