n_threads,Time,GFLOPS
2,21.934561,91.180308
2,21.983524,90.977226
2,21.890604,91.363401
2,21.624327,92.488426
2,21.882958,91.395324
