n_threads,Time,GFLOPS
14,3.342882,598.286222
14,3.350905,596.853616
14,3.356196,595.912841
14,3.345260,597.860829
14,3.344243,598.042709
