n_threads,Time,GFLOPS
2,10.625489,188.226634
2,10.571321,189.191115
2,10.575024,189.124867
2,10.645701,187.869256
2,10.617125,188.374916
