n_threads,Time,GFLOPS
12,3.714393,538.446030
12,3.721290,537.447993
12,3.718223,537.891320
12,3.720669,537.537759
12,3.720956,537.496320
