n_threads,Time,GFLOPS
96,1.464701,1365.466591
96,1.466102,1364.161436
96,1.464681,1365.485197
96,1.474226,1356.644503
96,1.467291,1363.056597
