n_threads,Time,GFLOPS
72,2.541256,787.012271
72,2.561730,780.722553
72,2.527984,791.144327
72,2.566378,779.308564
72,2.607960,766.882853
