n_threads,Time,GFLOPS
78,1.296872,1542.171850
78,1.296744,1542.324649
78,1.291998,1547.989756
78,1.301112,1537.146143
78,1.305992,1531.402628
