n_threads,Time,GFLOPS
58,2.540389,787.280962
58,2.620335,763.261084
58,2.580418,775.068177
58,2.508977,797.137696
58,2.471378,809.265267
