n_threads,Time,GFLOPS
80,1.286049,1555.150679
80,1.279718,1562.844790
80,1.271089,1573.453563
80,1.289202,1551.347204
80,1.291123,1549.038502
