n_threads,Time,GFLOPS
102,3.015299,663.284061
102,3.014943,663.362480
102,3.001200,666.400058
102,3.036574,658.637007
102,3.008015,664.890410
