n_threads,Time,GFLOPS
90,1.454542,1375.002927
90,1.474775,1356.138975
90,1.483665,1348.013411
90,1.484295,1347.441162
90,1.481539,1349.947802
