n_threads,Time,GFLOPS
20,2.475894,807.789173
20,2.470974,809.397326
20,2.470457,809.566848
20,2.473439,808.590778
20,2.470789,809.458060
