n_threads,Time,GFLOPS
44,2.266951,882.242339
44,2.300884,869.231025
44,2.260390,884.803240
44,2.267291,882.110020
44,2.288427,873.962839
