n_threads,Time,GFLOPS
66,2.640156,757.530861
66,2.690344,743.399251
66,2.620761,763.137022
66,2.600970,768.943982
66,2.656142,752.971754
