n_threads,Time,GFLOPS
40,1.006009,1988.053178
40,1.005993,1988.084614
40,1.011065,1978.111545
40,1.010575,1979.071321
40,0.998779,2002.444238
