n_threads,Time,GFLOPS
54,1.224903,1632.781986
54,1.224131,1633.811750
54,1.227798,1628.932062
54,1.220125,1639.175883
54,1.209666,1653.349074
