n_threads,Time,GFLOPS
82,1.366463,1463.632881
82,1.353828,1477.292174
82,1.371218,1458.557015
82,1.364731,1465.490274
82,1.368151,1461.826821
