n_threads,Time,GFLOPS
98,1.522531,1313.602495
98,1.502087,1331.480736
98,1.512064,1322.695264
98,1.505326,1328.615898
98,1.509680,1324.783815
