n_threads,Time,GFLOPS
52,1.090352,1834.270059
52,1.073254,1863.491076
52,1.087053,1839.837182
52,1.064085,1879.548349
52,1.128802,1771.789727
