n_threads,Time,GFLOPS
12,1.815121,1101.855141
12,1.829989,1092.902695
12,1.791311,1116.500612
12,1.790399,1117.069409
12,1.807962,1106.217967
