n_threads,Time,GFLOPS
26,2.258330,885.610351
26,2.290717,873.089014
26,2.261164,884.500359
26,2.289465,873.566627
26,2.265515,882.801651
