n_threads,Time,GFLOPS
108,3.150560,634.807823
108,3.165206,631.870505
108,3.178874,629.153572
108,3.202768,624.459772
108,3.223263,620.489237
