n_threads,Time,GFLOPS
36,0.986099,2028.194518
36,1.000832,1998.338114
36,0.961581,2079.908865
36,0.969616,2062.672227
36,1.005817,1988.432315
