n_threads,Time,GFLOPS
96,2.913012,686.574499
96,2.958150,676.098294
96,2.934499,681.547283
96,2.904986,688.471580
96,2.920266,684.869080
