n_threads,Time,GFLOPS
72,1.270762,1573.858930
72,1.256168,1592.144293
72,1.275231,1568.343307
72,1.250296,1599.621843
72,1.249712,1600.368416
