size,threads,time
19999,128,857.536566
19999,128,815.056296
19999,128,850.255324
19999,128,854.394799
19999,128,822.946201
