size,threads,time
20000,1,1286.794764
20000,1,1286.936767
20000,1,1286.538446
20000,1,1286.501697
20000,1,1286.445825
20000,2,644.722909
