size,threads,time
20000,128,442.282381
20000,128,422.484852
20000,128,440.705426
20000,128,419.904637
20000,128,443.848819
