size,threads,time
19999,1,1203.170351
19999,1,1202.923791
19999,1,1202.774181
19999,1,1202.963732
19999,1,1203.027668
