Size,Time,GFLOPS
18000,12.583765,926.908574
18000,12.588416,926.566147
18000,10.961705,1064.068089
18000,11.022277,1058.220516
18000,11.020833,1058.359216
