Size,Time,GFLOPS
20000,8.902971,1797.152806
20000,9.073228,1763.429684
20000,7.789701,2053.994108
20000,9.081439,1761.835247
20000,9.190038,1741.015656
