Size,Time,GFLOPS
4000,0.064246,1992.330493
4000,0.067872,1885.911545
4000,0.069553,1840.333261
4000,0.066639,1920.783007
4000,0.063465,2016.853712
