Size,Time,GFLOPS
19000,14.770060,928.770761
19000,14.765957,929.028872
19000,15.044780,911.811278
19000,14.797237,927.064974
19000,14.768940,928.841184
