Size,Time,GFLOPS
9000,1.795722,811.929725
9000,1.804993,807.759344
9000,1.811881,804.688659
9000,1.822609,799.952126
9000,1.835071,794.519547
