Size,Time,GFLOPS
4000,0.138237,925.946429
4000,0.136988,934.385180
4000,0.134687,950.350279
4000,0.133463,959.064706
4000,0.133365,959.769758
