Size,Time,GFLOPS
17000,10.022596,980.384708
17000,8.905826,1103.322744
17000,10.100436,972.829302
17000,10.043036,978.389370
17000,10.072716,975.506461
