Size,Time,GFLOPS
5000,0.104204,2399.148667
5000,0.100682,2483.061128
5000,0.101965,2451.826609
5000,0.106704,2342.920621
5000,0.100955,2476.353057
