Size,Time,GFLOPS
14000,6.147313,892.747780
14000,6.110563,898.116865
14000,6.073340,903.621428
14000,6.153705,891.820449
14000,6.234285,880.293402
