Size,Time,GFLOPS
7000,0.433222,1583.484407
7000,0.420181,1632.628765
7000,0.429139,1598.550868
7000,0.419522,1635.192446
7000,0.434389,1579.228826
