Size,Time,GFLOPS
7000,0.917131,747.984626
7000,0.952945,719.873767
7000,0.934836,733.818307
7000,0.904221,758.663850
7000,0.902557,760.062415
