Size,Time,GFLOPS
12000,2.100460,1645.353638
12000,2.098624,1646.793447
12000,2.091340,1652.529120
12000,2.124126,1627.022365
12000,2.091899,1652.087023
