Size,Time,GFLOPS
20000,22.787573,702.137070
20000,22.564075,709.091760
20000,22.466753,712.163441
20000,17.969442,890.400508
20000,23.055144,693.988288
