Size,Time,GFLOPS
4000,0.205691,622.293863
4000,0.204938,624.578440
4000,0.201051,636.655686
4000,0.197010,649.713681
4000,0.198291,645.515563
