Size,Time,GFLOPS
14000,4.110062,1335.259769
14000,4.179461,1313.087998
14000,4.193048,1308.833246
14000,4.054338,1353.611885
14000,4.186386,1310.915824
