Size,Time,GFLOPS
19000,8.994499,1525.154474
19000,8.869824,1546.592142
19000,10.277008,1334.824336
19000,10.181843,1347.300323
19000,7.990733,1716.738531
