Size,Time,GFLOPS
3000,0.043900,1230.078340
3000,0.041783,1292.395416
3000,0.045257,1193.196394
3000,0.043179,1250.598435
3000,0.042067,1283.656401
