Size,Time,GFLOPS
3000,0.082081,657.888373
3000,0.082474,654.750665
3000,0.080242,672.961331
3000,0.076947,701.785722
3000,0.076623,704.747323
