Size,Time,GFLOPS
2000,0.042659,375.065891
2000,0.040092,399.083594
2000,0.040188,398.132757
2000,0.040842,391.753884
2000,0.039717,402.854871
