Size,Time,GFLOPS
5000,0.442368,565.139835
5000,0.428032,584.069064
5000,0.428745,583.096536
5000,0.424237,589.293117
5000,0.443817,563.295636
