Size,Time,GFLOPS
19000,16.224483,845.512280
19000,15.663319,875.804184
19000,15.499725,885.047967
19000,16.162038,848.779089
19000,15.729843,872.100274
