Size,Time,GFLOPS
18000,13.257621,879.795882
18000,13.534969,861.767797
18000,13.623801,856.148731
18000,13.745828,848.548363
18000,13.441292,867.773741
