Size,Time,GFLOPS
18000,5.491127,2124.154079
18000,5.229192,2230.554992
18000,5.389335,2164.274471
18000,5.400157,2159.937011
18000,4.846665,2406.603206
