Size,Time,GFLOPS
12000,1.804716,1914.982503
12000,1.867998,1850.109030
12000,1.854207,1863.869347
12000,1.852547,1865.539866
12000,1.874935,1843.263654
