Size,Time,GFLOPS
7000,0.417030,1644.967223
7000,0.442605,1549.913859
7000,0.439458,1561.012881
7000,0.433301,1583.194151
7000,0.442940,1548.741000
