Size,Time,GFLOPS
4000,0.075146,1703.350833
4000,0.075016,1706.291396
4000,0.076212,1679.516256
4000,0.084345,1517.577070
4000,0.074966,1707.440479
