Size,Time,GFLOPS
3000,0.071764,752.466816
3000,0.074717,722.728918
3000,0.073484,734.853856
3000,0.072442,745.423473
3000,0.074311,726.671327
