Size,Time,GFLOPS
6000,0.640796,674.161301
6000,0.619748,697.057796
6000,0.639155,675.892018
6000,0.632056,683.483976
6000,0.620954,695.704168
