Size,Time,GFLOPS
8000,1.339671,764.366620
8000,1.333182,768.087202
8000,1.330939,769.381640
8000,1.364003,750.731227
8000,1.378627,742.767910
