Size,Time,GFLOPS
13000,4.837622,908.297424
13000,4.856014,904.857436
13000,4.841064,907.651643
13000,4.750191,925.015500
13000,4.814492,912.661231
