Size,Time,GFLOPS
20000,12.634296,1266.394236
20000,13.435238,1190.898159
20000,13.430723,1191.298474
20000,13.416992,1192.517666
20000,13.375414,1196.224691
