Size,Time,GFLOPS
19000,13.860593,989.712325
19000,12.236431,1121.078529
19000,12.072007,1136.347891
19000,14.468291,948.142385
19000,14.552397,942.662563
