Size,Time,GFLOPS
18000,6.032902,1933.397850
18000,6.042949,1930.183332
18000,6.012063,1940.099423
18000,6.061017,1924.429644
18000,6.063536,1923.630151
