Size,Time,GFLOPS
19000,7.753606,1769.241331
19000,7.803720,1757.879512
19000,7.171523,1912.843283
19000,6.924479,1981.087534
19000,7.811473,1756.134852
