Size,Time,GFLOPS
3000,0.066076,817.243153
3000,0.062692,861.349139
3000,0.067730,797.279858
3000,0.060947,886.012259
3000,0.063528,850.022408
