Size,Time,GFLOPS
2000,0.027943,572.603472
2000,0.026422,605.561018
2000,0.029443,543.419415
2000,0.027437,583.146101
2000,0.030497,524.636624
