Size,Time,GFLOPS
14000,6.210032,883.731402
14000,6.175506,888.672073
14000,6.394036,858.299782
14000,6.343338,865.159583
14000,6.245976,878.645755
