Size,Time,GFLOPS
7000,0.922299,743.793746
7000,0.912803,751.531523
7000,0.918627,746.766974
7000,0.922031,744.009627
7000,0.922459,743.664275
