Size,Time,GFLOPS
8000,1.302882,785.950000
8000,1.369124,747.923699
8000,1.370755,747.033650
8000,1.369370,747.789228
8000,1.365001,750.182386
