Size,Time,GFLOPS
5000,0.374975,666.711530
5000,0.374446,667.653633
5000,0.374751,667.109134
5000,0.367773,679.767509
5000,0.365646,683.720531
