Size,Time,GFLOPS
12000,2.722934,1269.219224
12000,2.408060,1435.180289
12000,2.436480,1418.439432
12000,2.736381,1262.982213
12000,2.707681,1276.368803
