Size,Time,GFLOPS
18000,7.583998,1537.975139
18000,7.586566,1537.454481
18000,7.639267,1526.848115
18000,7.593457,1536.059222
18000,7.580161,1538.753611
