Size,Time,GFLOPS
6000,0.821830,525.656269
6000,0.834258,517.825441
6000,0.820049,526.798086
6000,0.830147,520.389787
6000,0.829557,520.759606
