Size,Time,GFLOPS
14000,9.660219,568.103087
14000,9.505897,577.325859
14000,9.350605,586.913877
14000,9.515747,576.728263
14000,9.348773,587.028888
