Size,Time,GFLOPS
5000,0.109652,2279.950280
5000,0.121512,2057.414929
5000,0.107984,2315.153706
5000,0.112748,2217.336297
5000,0.115580,2162.996700
