Size,Time,GFLOPS
2000,0.049317,324.431113
2000,0.043565,367.270320
2000,0.045904,348.551225
2000,0.049497,323.254246
2000,0.044796,357.173815
