Size,Time,GFLOPS
11000,4.770301,558.036049
11000,4.770402,558.024276
11000,4.767347,558.381872
11000,4.770126,558.056538
11000,4.758920,559.370568
