Size,Time,GFLOPS
9000,2.679623,544.106300
9000,2.680818,543.863850
9000,2.685356,542.944686
9000,2.697070,540.586624
9000,2.688034,542.403886
