Size,Time,GFLOPS
5000,0.491302,508.851840
5000,0.513270,487.073519
5000,0.494863,505.190215
5000,0.512350,487.947979
5000,0.491534,508.612106
