Size,Time,GFLOPS
7000,0.484436,1416.079625
7000,0.474798,1444.826333
7000,0.468807,1463.287835
7000,0.483457,1418.946216
7000,0.473066,1450.115792
