Size,Time,GFLOPS
13000,3.451345,1273.126912
13000,3.355929,1309.324560
13000,3.342068,1314.754914
13000,3.341132,1315.123330
13000,3.410065,1288.538593
