Size,Time,GFLOPS
20000,7.780999,2056.291109
20000,6.500640,2461.296071
20000,7.664766,2087.474169
20000,6.512681,2456.745608
20000,7.996871,2000.782477
