Size,Time,GFLOPS
10000,2.660724,751.675189
10000,2.716888,736.136265
10000,2.662660,751.128433
10000,2.719828,735.340736
10000,2.666860,749.945559
