Size,Time,GFLOPS
14000,6.912802,793.889384
14000,6.781771,809.228126
14000,6.760849,811.732361
14000,6.672644,822.462596
14000,6.802424,806.771285
