Size,Time,GFLOPS
18000,8.937557,1305.054640
18000,9.255561,1260.215279
18000,10.072689,1157.982757
18000,9.917552,1176.096634
18000,12.080327,965.536766
