Size,Time,GFLOPS
17000,10.994221,893.742232
17000,9.212186,1066.630712
17000,11.238934,874.282181
17000,8.824392,1113.504435
17000,11.222364,875.573128
