Size,Time,GFLOPS
10000,1.300796,1537.520532
10000,1.325105,1509.314595
10000,1.352402,1478.850762
10000,1.329653,1504.152185
10000,1.290746,1549.491416
