Size,Time,GFLOPS
6000,0.322276,1340.467758
6000,0.306265,1410.543742
6000,0.322771,1338.411477
6000,0.315443,1369.504670
6000,0.313439,1378.259708
