Size,Time,GFLOPS
20000,15.148675,1056.197962
20000,15.258597,1048.589210
20000,15.385641,1039.930703
20000,15.311922,1044.937405
20000,18.798329,851.139471
