Size,Time,GFLOPS
3000,0.091357,591.084890
3000,0.090671,595.559929
3000,0.089961,600.261974
3000,0.093294,578.814582
3000,0.089667,602.229655
