Size,Time,GFLOPS
17000,5.906117,1663.698733
17000,5.916494,1660.780747
17000,5.861226,1676.441026
17000,5.891006,1667.966273
17000,5.916537,1660.768665
