Size,Time,GFLOPS
19000,7.753418,1769.284109
19000,7.719888,1776.968859
19000,7.716722,1777.697943
19000,7.538297,1819.774370
19000,7.739839,1772.388323
