Size,Time,GFLOPS
5000,0.333903,748.720091
5000,0.325760,767.437318
5000,0.331296,754.611659
5000,0.325100,768.994804
5000,0.324656,770.045214
