Size,Time,GFLOPS
15000,3.842199,1756.806297
15000,3.890321,1735.075174
15000,3.850931,1752.822694
15000,3.843000,1756.440105
15000,3.852667,1752.033028
