Size,Time,GFLOPS
4000,0.053525,2391.387344
4000,0.055987,2286.230280
4000,0.053549,2390.317169
4000,0.053314,2400.879637
4000,0.054922,2330.587840
