Size,Time,GFLOPS
7000,0.871499,787.149728
7000,0.875890,783.203571
7000,0.874040,784.860692
7000,0.878433,780.936057
7000,0.877378,781.875046
