Size,Time,GFLOPS
6000,0.585920,737.301544
6000,0.582117,742.119376
6000,0.587129,735.783272
6000,0.586264,736.869907
6000,0.588084,734.589027
