Size,Time,GFLOPS
12000,2.094946,1649.684535
12000,2.064942,1673.654726
12000,2.093837,1650.558429
12000,2.098810,1646.647022
12000,2.075288,1665.311000
