Size,Time,GFLOPS
16000,8.023069,1021.055685
16000,7.978663,1026.738459
16000,8.021992,1021.192720
16000,7.939235,1031.837510
16000,8.017931,1021.709980
