Size,Time,GFLOPS
10000,1.307337,1529.827650
10000,1.307855,1529.221901
10000,1.325718,1508.616857
10000,1.324864,1509.588721
10000,1.324339,1510.187839
