Size,Time,GFLOPS
3000,0.032205,1676.752540
3000,0.032130,1680.658198
3000,0.032670,1652.887857
3000,0.033345,1619.434558
3000,0.033011,1635.825598
