Size,Time,GFLOPS
11000,1.619880,1643.331867
11000,1.630160,1632.968788
11000,1.626188,1636.956742
11000,1.639964,1623.206545
11000,1.623097,1640.074636
