Size,Time,GFLOPS
19000,14.906275,920.283541
19000,14.739786,930.678399
19000,14.686530,934.053153
19000,14.759128,929.458721
19000,14.867979,922.653958
