Size,Time,GFLOPS
5000,0.093558,2672.136009
5000,0.097713,2558.524980
5000,0.096592,2588.202151
5000,0.098260,2544.271339
5000,0.098479,2538.603657
