Size,Time,GFLOPS
9000,0.990698,1471.689140
9000,0.983048,1483.142915
9000,0.992953,1468.347853
9000,0.965508,1510.086361
9000,0.976043,1493.786233
