Size,Time,GFLOPS
4000,0.166519,768.682242
4000,0.166502,768.759530
4000,0.162370,788.323180
4000,0.161944,790.395402
4000,0.163286,783.901245
