Size,Time,GFLOPS
3000,0.053955,1000.826442
3000,0.054817,985.098758
3000,0.056360,958.119038
3000,0.055349,975.628969
3000,0.055284,976.772212
