Size,Time,GFLOPS
8000,0.692199,1479.343368
8000,0.694110,1475.271039
8000,0.689978,1484.104959
8000,0.686081,1492.535534
8000,0.693447,1476.681231
