Size,Time,GFLOPS
13000,4.953035,887.132898
13000,4.780029,919.241194
13000,4.835287,908.736107
13000,4.742885,926.440337
13000,4.766352,921.879005
