Size,Time,GFLOPS
4000,0.130088,983.948948
4000,0.133572,958.283042
4000,0.134141,954.220838
4000,0.134885,948.953514
4000,0.134090,954.580607
