Size,Time,GFLOPS
7000,0.425069,1613.854118
7000,0.418224,1640.270078
7000,0.422360,1624.205803
7000,0.428741,1600.034964
7000,0.420417,1631.713454
