Size,Time,GFLOPS
10000,2.348895,851.464266
10000,2.362708,846.486359
10000,2.351785,850.417758
10000,2.349245,851.337259
10000,2.391035,836.457708
