Size,Time,GFLOPS
20000,17.205644,929.927398
20000,17.345842,922.411258
20000,17.417021,918.641607
20000,16.613307,963.083395
20000,16.423332,974.223737
