Size,Time,GFLOPS
17000,9.968097,985.744798
17000,10.396494,945.126322
17000,11.265442,872.224985
17000,10.464329,938.999499
17000,10.067906,975.972566
