Size,Time,GFLOPS
6000,0.196294,2200.781852
6000,0.195459,2210.183487
6000,0.196111,2202.839366
6000,0.194706,2218.727487
6000,0.195846,2205.820021
