Size,Time,GFLOPS
2000,0.023815,671.843219
2000,0.025323,631.833152
2000,0.025305,632.275141
2000,0.025292,632.604224
2000,0.024854,643.753780
