Size,Time,GFLOPS
2000,0.019085,838.333293
2000,0.017844,896.660796
2000,0.018080,884.949977
2000,0.018305,874.064225
2000,0.018758,852.975720
