Size,Time,GFLOPS
9000,1.736854,839.448861
9000,1.748502,833.856766
9000,1.750357,832.972960
9000,1.752511,831.949026
9000,1.752669,831.873914
