Size,Time,GFLOPS
18000,5.045123,2311.935505
18000,6.070617,1921.386166
18000,5.033761,2317.154157
18000,6.055632,1926.140820
18000,6.047807,1928.633089
