Size,Time,GFLOPS
14000,3.205839,1711.876345
14000,3.218157,1705.324113
14000,3.220633,1704.012718
14000,3.253519,1686.788973
14000,3.235759,1696.047232
