Size,Time,GFLOPS
2000,0.018690,856.051056
2000,0.015998,1000.133705
2000,0.016003,999.783672
2000,0.015839,1010.137742
2000,0.015884,1007.326665
