Size,Time,GFLOPS
15000,7.534804,895.842831
15000,7.520383,897.560717
15000,6.891039,979.532976
15000,7.515911,898.094747
15000,7.587763,889.590235
