Size,Time,GFLOPS
9000,1.827031,798.016016
9000,1.814756,803.413690
9000,1.889057,771.813718
9000,1.877429,776.593924
9000,1.844625,790.404594
