Size,Time,GFLOPS
15000,7.963459,847.621621
15000,7.898242,854.620522
15000,7.029997,960.171121
15000,8.055025,837.986202
15000,8.004976,843.225557
