Size,Time,GFLOPS
8000,1.271256,805.502752
8000,1.266570,808.482742
8000,1.291474,792.892216
8000,1.281993,798.756427
8000,1.277107,801.812042
