Size,Time,GFLOPS
20000,7.647194,2092.270719
20000,7.477749,2139.681286
20000,7.566960,2114.455602
20000,7.432214,2152.790500
20000,7.682433,2082.673672
