Size,Time,GFLOPS
3000,0.031089,1736.958928
3000,0.031432,1718.000140
3000,0.031480,1715.369774
3000,0.030513,1769.709128
3000,0.031644,1706.497530
