Size,Time,GFLOPS
12000,3.845169,898.790075
12000,3.885495,889.462005
12000,3.851574,897.295441
12000,3.902804,885.517243
12000,3.892743,887.805928
