Size,Time,GFLOPS
13000,2.441640,1799.609766
13000,2.606906,1685.523092
13000,2.438535,1801.901747
13000,2.431955,1806.776809
13000,2.444536,1797.478015
