Size,Time,GFLOPS
18000,11.110878,1049.782070
18000,11.075096,1053.173733
18000,12.712907,917.492733
18000,11.091362,1051.629145
18000,11.071291,1053.535697
