Size,Time,GFLOPS
20000,7.759001,2062.121176
20000,7.668432,2086.476222
20000,7.809386,2048.816697
20000,7.743111,2066.352943
20000,7.764734,2060.598690
