Size,Time,GFLOPS
11000,3.741799,711.422557
11000,3.763581,707.304998
11000,3.756946,708.554294
11000,3.855727,690.401663
11000,3.746156,710.595045
