Size,Time,GFLOPS
17000,9.381928,1047.332719
17000,9.397950,1045.547198
17000,8.032628,1223.260950
17000,10.061807,976.564168
17000,7.855131,1250.902188
