Size,Time,GFLOPS
14000,5.993983,915.584810
14000,6.022752,911.211321
14000,6.012709,912.733359
14000,5.959632,920.862303
14000,6.043765,908.043210
