Size,Time,GFLOPS
16000,4.971527,1647.783372
16000,4.978105,1645.605959
16000,4.980382,1644.853671
16000,5.009557,1635.274407
16000,4.994013,1640.364148
