Size,Time,GFLOPS
20000,10.103395,1583.626157
20000,11.147291,1435.326305
20000,11.544055,1385.994796
20000,11.566510,1383.303990
20000,11.518219,1389.103610
