Size,Time,GFLOPS
4000,0.061040,2097.002176
4000,0.060397,2119.304632
4000,0.061714,2074.097220
4000,0.060209,2125.938434
4000,0.062154,2059.412042
