Size,Time,GFLOPS
5000,0.106169,2354.731792
5000,0.106149,2355.183888
5000,0.104963,2381.786006
5000,0.103551,2414.263212
5000,0.105493,2369.826182
