Size,Time,GFLOPS
9000,2.582784,564.507209
9000,2.586366,563.725332
9000,2.568264,567.698751
9000,2.585757,563.858016
9000,2.583302,564.393937
