Size,Time,GFLOPS
10000,3.690366,541.951623
10000,2.929793,682.642134
10000,3.678268,543.734132
10000,3.691009,541.857251
10000,3.671971,544.666625
