Size,Time,GFLOPS
18000,6.218971,1875.551425
18000,6.327813,1843.290952
18000,7.777922,1499.629262
18000,8.548459,1364.456387
18000,7.808425,1493.771072
