Size,Time,GFLOPS
8000,1.790930,571.770052
8000,1.795632,570.272733
8000,1.811464,565.288768
8000,1.798725,569.292006
8000,1.787721,572.796362
