Size,Time,GFLOPS
15000,5.003290,1349.112260
15000,4.979927,1355.441457
15000,5.036991,1340.085739
15000,5.019252,1344.821840
15000,4.962461,1360.212097
