Size,Time,GFLOPS
12000,5.640933,612.664576
12000,4.823256,716.528462
12000,5.101252,677.480806
12000,5.492349,629.238986
12000,4.839575,714.112273
