Size,Time,GFLOPS
2000,0.021188,755.158179
2000,0.019288,829.529379
2000,0.019597,816.437583
2000,0.019785,808.673631
2000,0.019219,832.498883
