Size,Time,GFLOPS
11000,2.126836,1251.624754
11000,2.106159,1263.911953
11000,2.124376,1253.073969
11000,2.132878,1248.079049
11000,2.117203,1257.319201
