Size,Time,GFLOPS
17000,15.607508,629.568813
17000,15.663903,627.302155
17000,15.566602,631.223190
17000,15.615789,629.234948
17000,15.627810,628.750918
