Size,Time,GFLOPS
18000,18.659906,625.083539
18000,18.516078,629.939035
18000,16.254079,717.604494
18000,18.258396,638.829393
18000,18.629737,626.095794
