Size,Time,GFLOPS
20000,18.537646,863.108501
20000,19.691307,812.541290
20000,19.084567,838.373749
20000,19.187807,833.862888
20000,19.105247,837.466256
