Size,Time,GFLOPS
9000,1.125983,1294.868497
9000,1.121259,1300.323709
9000,1.164235,1252.323982
9000,1.139482,1279.529273
9000,1.119047,1302.894041
