Size,Time,GFLOPS
19000,19.263246,712.133361
19000,20.325805,674.905619
19000,20.018239,685.275054
19000,18.255120,751.460394
19000,20.746029,661.234961
