Size,Time,GFLOPS
17000,7.467275,1315.874881
17000,7.385957,1330.362400
17000,7.410158,1326.017626
17000,7.439596,1320.770720
17000,7.396348,1328.493383
