Size,Time,GFLOPS
13000,6.845931,641.841157
13000,6.843953,642.026642
13000,6.870709,639.526401
13000,7.473750,587.924381
13000,6.867978,639.780762
