Size,Time,GFLOPS
6000,0.219586,1967.338797
6000,0.223532,1932.606487
6000,0.219044,1972.206416
6000,0.210696,2050.345892
6000,0.219783,1965.572104
