Size,Time,GFLOPS
11000,3.974712,669.734064
11000,4.709845,565.199114
11000,4.003796,664.869041
11000,4.733838,562.334415
11000,4.710324,565.141639
