Size,Time,GFLOPS
7000,1.223047,560.894322
7000,1.226367,559.375699
7000,1.233137,556.304791
7000,1.226289,559.411277
7000,1.231109,557.221053
