Size,Time,GFLOPS
3000,0.034442,1567.850244
3000,0.035744,1510.744414
3000,0.035662,1514.231547
3000,0.035392,1525.752110
3000,0.036316,1486.934431
