Size,Time,GFLOPS
3000,0.109541,492.966041
3000,0.124663,433.166983
3000,0.121210,445.507322
3000,0.121894,443.007841
3000,0.124778,432.769825
