Size,Time,GFLOPS
16000,11.920614,687.212899
16000,10.036958,816.183512
16000,11.883159,689.378953
16000,11.948903,685.585942
16000,8.769227,934.175891
