Size,Time,GFLOPS
2000,0.037646,425.013624
2000,0.036472,438.691421
2000,0.036603,437.122031
2000,0.037585,425.697224
2000,0.037148,430.712852
