Size,Time,GFLOPS
10000,3.677463,543.853151
10000,3.676447,544.003444
10000,3.669501,545.033277
10000,3.676866,543.941570
10000,3.669502,545.033139
