Size,Time,GFLOPS
4000,0.186446,686.525721
4000,0.210805,607.195852
4000,0.217989,587.185231
4000,0.204538,625.801842
4000,0.218845,584.889615
