Size,Time,GFLOPS
14000,9.269707,592.035973
14000,9.223025,595.032563
14000,9.232549,594.418754
14000,9.191699,597.060442
14000,9.236081,594.191403
