Size,Time,GFLOPS
13000,3.292477,1334.557719
13000,3.289551,1335.744493
13000,3.300503,1331.312153
13000,3.290544,1335.341654
13000,3.314956,1325.507965
