Size,Time,GFLOPS
19000,8.965600,1530.070568
19000,9.100891,1507.324985
19000,8.744611,1568.737644
19000,9.091219,1508.928639
19000,7.381763,1858.363647
