Size,Time,GFLOPS
6000,0.756046,571.394018
6000,0.766291,563.754158
6000,0.760358,568.153792
6000,0.764792,564.859500
6000,0.760823,567.805964
