Size,Time,GFLOPS
15000,9.220015,732.102960
15000,10.964515,615.622307
15000,10.069917,670.313396
15000,10.954107,616.207253
15000,10.995685,613.877174
