Size,Time,GFLOPS
4000,0.060579,2112.928013
4000,0.062018,2063.911436
4000,0.059137,2164.473249
4000,0.057182,2238.478590
4000,0.061683,2075.129546
