Size,Time,GFLOPS
8000,0.798449,1282.486441
8000,0.786717,1301.611141
8000,0.793082,1291.164716
8000,0.795742,1286.848734
8000,0.805421,1271.384102
