Size,Time,GFLOPS
10000,1.556095,1285.268580
10000,1.582728,1263.641237
10000,1.567562,1275.866315
10000,1.575317,1269.585602
10000,1.574212,1270.477286
