Size,Time,GFLOPS
7000,1.307765,524.559135
7000,1.308673,524.195051
7000,1.304113,526.027906
7000,1.309876,523.713578
7000,1.314422,521.902484
