Size,Time,GFLOPS
11000,2.051335,1297.691527
11000,2.048387,1299.559415
11000,2.045744,1301.238196
11000,2.047006,1300.435625
11000,2.043577,1302.617634
