Size,Time,GFLOPS
16000,6.101103,1342.708034
16000,6.059016,1352.034667
16000,6.116319,1339.367591
16000,6.105184,1341.810455
16000,6.057063,1352.470647
