Size,Time,GFLOPS
5000,0.423202,590.734714
5000,0.434862,574.895501
5000,0.423590,590.193449
5000,0.419128,596.476608
5000,0.432004,578.698720
