Size,Time,GFLOPS
12000,2.600741,1328.852027
12000,2.599969,1329.246755
12000,2.616992,1320.600147
12000,2.615691,1321.257164
12000,2.606054,1326.143012
