Size,Time,GFLOPS
14000,3.345265,1640.527696
14000,3.296236,1664.929122
14000,3.307123,1659.448311
14000,3.309497,1658.257957
14000,3.300444,1662.806380
