Size,Time,GFLOPS
3000,0.072624,743.558972
3000,0.075200,718.082232
3000,0.079091,682.760529
3000,0.078916,684.268710
3000,0.075386,716.309896
