Size,Time,GFLOPS
7000,0.463168,1481.103300
7000,0.454035,1510.895719
7000,0.454142,1510.539243
7000,0.449476,1526.222921
7000,0.465509,1473.656706
