Size,Time,GFLOPS
19000,6.276791,2185.511564
19000,6.251338,2194.410275
19000,6.268870,2188.272997
19000,6.277740,2185.181445
19000,6.367071,2154.522715
