Size,Time,GFLOPS
15000,8.444179,799.367207
15000,8.510863,793.104092
15000,7.787757,866.745094
15000,8.688535,776.885888
15000,7.844293,860.498180
