Size,Time,GFLOPS
18000,4.414316,2642.311927
18000,5.481311,2127.957926
18000,5.734694,2033.935832
18000,5.307240,2197.752523
18000,5.612831,2078.095694
