Size,Time,GFLOPS
18000,12.895114,904.528678
18000,12.859730,907.017459
18000,12.880101,905.582961
18000,11.695510,997.305793
18000,12.264370,951.047662
