Size,Time,GFLOPS
10000,2.532918,789.603249
10000,2.542799,786.534747
10000,2.518681,794.066341
10000,2.693357,742.567865
10000,2.581501,774.743162
