Size,Time,GFLOPS
6000,0.638619,676.460154
6000,0.635577,679.697415
6000,0.630050,685.659500
6000,0.630805,684.839713
6000,0.632324,683.194058
