Size,Time,GFLOPS
3000,0.042487,1270.977424
3000,0.042118,1282.108052
3000,0.044189,1222.020815
3000,0.042658,1265.871894
3000,0.041677,1295.691729
