Size,Time,GFLOPS
9000,1.020410,1428.836955
9000,1.019403,1430.248358
9000,1.005018,1450.720369
9000,1.062940,1371.667512
9000,1.021829,1426.852967
