Size,Time,GFLOPS
9000,0.897424,1624.650899
9000,0.861941,1691.530649
9000,0.838623,1738.564907
9000,0.876986,1662.512664
9000,0.833539,1749.168219
