Size,Time,GFLOPS
20000,7.168183,2232.085717
20000,7.297948,2192.397151
20000,7.445499,2148.949403
20000,7.316854,2186.732309
20000,7.253897,2205.711033
