Size,Time,GFLOPS
20000,16.778903,953.578426
20000,17.215381,929.401435
20000,17.129770,934.046406
20000,17.727250,902.565279
20000,19.071143,838.963878
