Size,Time,GFLOPS
12000,1.834528,1883.863723
12000,1.798425,1921.681648
12000,1.857098,1860.967610
12000,1.911919,1807.608034
12000,1.921129,1798.941987
