Size,Time,GFLOPS
8000,0.600095,1706.395210
8000,0.634082,1614.933339
8000,0.634092,1614.908130
8000,0.636319,1609.256484
8000,0.632089,1620.026207
