Size,Time,GFLOPS
10000,1.124931,1777.886689
10000,1.083517,1845.840415
10000,1.131542,1767.500121
10000,1.082802,1847.059502
10000,1.093899,1828.322808
