Size,Time,GFLOPS
3000,0.077864,693.520963
3000,0.079408,680.028428
3000,0.077906,693.145029
3000,0.075998,710.540386
3000,0.074046,729.277981
