Size,Time,GFLOPS
16000,8.180495,1001.406434
16000,8.442783,970.296134
16000,8.447752,969.725424
16000,8.453996,969.009182
16000,8.317277,984.937739
