Size,Time,GFLOPS
6000,0.748420,577.216085
6000,0.755515,571.795304
6000,0.760937,567.720999
6000,0.772888,558.942639
6000,0.796117,542.634019
