Size,Time,GFLOPS
8000,1.508105,678.997795
8000,1.514826,675.985261
8000,1.564878,654.364120
8000,1.521655,672.951702
8000,1.515782,675.558669
