Size,Time,GFLOPS
17000,4.729860,2077.439728
17000,4.691080,2094.613565
17000,4.894712,2007.472564
17000,4.689895,2095.143041
17000,4.727065,2078.668140
