Size,Time,GFLOPS
2000,0.036965,432.841842
2000,0.035420,451.717970
2000,0.036295,440.835860
2000,0.036655,436.506215
2000,0.034431,464.698456
