Size,Time,GFLOPS
19000,16.186968,847.471882
19000,16.424315,835.225086
19000,14.405633,952.266395
19000,16.419418,835.474215
19000,16.144110,849.721679
