Size,Time,GFLOPS
16000,3.968912,2064.041761
16000,3.910567,2094.836676
16000,4.049875,2022.778567
16000,4.404861,1859.763658
16000,4.338106,1888.381576
