Size,Time,GFLOPS
13000,4.958216,886.205930
13000,4.918242,893.408587
13000,4.913055,894.351941
13000,4.849540,906.065227
13000,4.789159,917.488916
