Size,Time,GFLOPS
14000,6.267153,875.676696
14000,6.532847,840.062524
14000,6.256513,877.165987
14000,6.484335,846.347335
14000,6.542293,838.849559
