Size,Time,GFLOPS
7000,0.434153,1580.086866
7000,0.422054,1625.384037
7000,0.409859,1673.746999
7000,0.426148,1609.771110
7000,0.409797,1673.998577
