Size,Time,GFLOPS
18000,5.397446,2161.022229
18000,5.625032,2073.588147
18000,5.643167,2066.924574
18000,5.550844,2101.301957
18000,5.692573,2048.985454
