Size,Time,GFLOPS
13000,2.278514,1928.450279
13000,2.306672,1904.908890
13000,2.211985,1986.451501
13000,2.247557,1955.011678
13000,2.214864,1983.868885
