Size,Time,GFLOPS
15000,3.446775,1958.352223
15000,3.573718,1888.789288
15000,3.457719,1952.154073
15000,3.494277,1931.730335
15000,3.405316,1982.194786
