Size,Time,GFLOPS
6000,0.232515,1857.947965
6000,0.251889,1715.044424
6000,0.247417,1746.038576
6000,0.236759,1824.639506
6000,0.237265,1820.748967
