Size,Time,GFLOPS
2000,0.021726,736.449389
2000,0.020096,796.193597
2000,0.020101,795.980893
2000,0.020346,786.388635
2000,0.020554,778.437552
