Size,Time,GFLOPS
13000,2.609277,1683.991546
13000,2.558628,1717.326487
13000,2.571224,1708.913991
13000,2.581055,1702.404741
13000,2.564070,1713.682037
