Size,Time,GFLOPS
4000,0.163787,781.504261
4000,0.165478,773.515772
4000,0.167904,762.339786
4000,0.168915,757.776495
4000,0.170807,749.382206
