Size,Time,GFLOPS
5000,0.377595,662.085675
5000,0.408128,612.552254
5000,0.401041,623.377276
5000,0.363097,688.521300
5000,0.396136,631.096235
