Size,Time,GFLOPS
8000,1.412085,725.169067
8000,1.408524,727.002411
8000,1.489322,687.560971
8000,1.457786,702.435088
8000,1.494100,685.362460
