Size,Time,GFLOPS
9000,2.036654,715.880186
9000,2.075156,702.597814
9000,2.075414,702.510487
9000,2.095900,695.643833
9000,2.146737,679.170441
