Size,Time,GFLOPS
5000,0.131936,1894.863183
5000,0.127065,1967.504089
5000,0.135559,1844.209598
5000,0.124751,2003.991952
5000,0.124640,2005.770103
