Size,Time,GFLOPS
11000,1.711349,1555.497700
11000,1.539036,1729.654497
11000,1.511002,1761.745288
11000,1.543141,1725.052871
11000,1.471541,1808.987844
