Size,Time,GFLOPS
14000,2.681032,2046.972809
14000,2.743262,2000.538388
14000,2.819825,1946.219817
14000,2.851579,1924.547906
14000,2.795184,1963.377007
