Size,Time,GFLOPS
12000,4.186704,825.470257
12000,4.035751,856.346128
12000,3.960016,872.723807
12000,3.988615,866.466105
12000,3.991094,865.927898
