Size,Time,GFLOPS
11000,3.234327,823.046035
11000,3.362402,791.695874
11000,3.291827,808.669371
11000,3.277023,812.322642
11000,3.272445,813.459168
