Size,Time,GFLOPS
7000,0.971566,706.076843
7000,0.975392,703.307130
7000,0.994814,689.576262
7000,0.991938,691.575337
7000,1.003623,683.523629
