Size,Time,GFLOPS
17000,9.833312,999.256448
17000,9.711285,1011.812526
17000,9.773913,1005.329183
17000,9.838631,998.716212
17000,11.648618,843.533535
