Size,Time,GFLOPS
9000,1.906486,764.757716
9000,1.955944,745.419963
9000,1.899610,767.525795
9000,1.979266,736.636727
9000,1.919818,759.447068
