Size,Time,GFLOPS
4000,0.073985,1730.083462
4000,0.073716,1736.388757
4000,0.078803,1624.300016
4000,0.073765,1735.244007
4000,0.077667,1648.058795
