Size,Time,GFLOPS
2000,Time: 2.166847,120000
2000,Time: 2.166847,120000
2000,Time: 2.166847,120000
2000,Time: 2.166847,120000
2000,Time: 2.166847,120000
