Size,Time,GFLOPS
3000,0.003343,462
3000,0.003343,462
3000,0.003343,462
3000,0.003343,462
3000,0.003343,462
