Size,Time,GFLOPS
1000,0.001114,154
1000,0.001114,154
1000,0.001114,154
1000,0.001114,154
1000,0.001114,154
