Size,Time,GFLOPS
4000,0.147795,866.067323
4000,0.158719,806.455556
4000,0.148867,859.827669
4000,0.140510,910.969246
4000,0.176138,726.702522
