Size,Time,GFLOPS
17000,10.946846,897.610148
17000,11.174327,879.337107
17000,11.275109,871.477181
17000,10.984049,894.569911
17000,10.869217,904.020967
