Size,Time,GFLOPS
2000,0.160190,99.881328
2000,0.354556,45.126919
2000,0.139719,114.515352
2000,0.274920,58.198774
2000,0.163572,97.816142
