Size,Time,GFLOPS
6000,0.225141,1918.799710
6000,0.216162,1998.503889
6000,0.206580,2091.196883
6000,0.226026,1911.287265
6000,0.221566,1949.754326
