Size,Time,GFLOPS
17000,5.323797,1845.675243
17000,5.376891,1827.450142
17000,5.424830,1811.301053
17000,5.177697,1897.755054
17000,5.488878,1790.165550
