Size,Time,GFLOPS
14000,6.266037,875.832632
14000,5.901299,929.964742
14000,6.094606,900.468348
14000,5.976515,918.260900
14000,5.969325,919.366884
