Size,Time,GFLOPS
20000,7.161412,2234.196208
20000,9.115543,1755.243852
20000,9.078944,1762.319412
20000,8.907245,1796.290624
20000,9.065507,1764.931667
