Size,Time,GFLOPS
14000,3.525760,1556.543919
14000,3.269108,1678.745240
14000,3.435926,1597.240596
14000,3.390537,1618.622789
14000,3.460760,1585.778865
