Size,Time,GFLOPS
12000,3.749912,921.621585
12000,3.848840,897.932789
12000,3.803920,908.536375
12000,3.802842,908.793902
12000,3.860049,895.325483
