Size,Time,GFLOPS
20000,15.443709,1036.020535
20000,17.167231,932.008221
20000,15.888699,1007.005031
20000,15.042411,1063.659243
20000,14.947426,1070.418427
