Size,Time,GFLOPS
6000,0.552483,781.924933
6000,0.414045,1043.365774
6000,0.496255,870.520444
6000,0.614833,702.629664
6000,0.498717,866.223467
