Size,Time,GFLOPS
4000,0.265243,482.577071
4000,0.610738,209.582385
4000,0.404592,316.368408
4000,0.178829,715.767265
4000,0.257283,497.505828
