Size,Time,GFLOPS
3000,0.473466,114.052640
3000,0.304187,177.522657
3000,0.264403,204.233395
3000,0.427439,126.333702
3000,0.291812,185.050469
