Size,Time,GFLOPS
13000,4.859700,904.171129
13000,4.688530,937.180688
13000,4.880164,900.379654
13000,4.826645,910.363193
13000,4.899986,896.737257
