Size,Time,GFLOPS
20000,8.458192,1891.657245
20000,8.323032,1922.376408
20000,8.423695,1899.404061
20000,8.361421,1913.550295
20000,8.306429,1926.218794
