Size,Time,GFLOPS
6000,0.789838,546.947279
6000,0.835489,517.062663
6000,0.771780,559.744833
6000,0.845657,510.845305
6000,0.778005,555.266090
