Size,Time,GFLOPS
16000,8.943144,916.008940
16000,7.937910,1032.009659
16000,8.053166,1017.239641
16000,9.021709,908.031939
16000,7.986392,1025.744848
