Size,Time,GFLOPS
18000,13.551216,860.734570
18000,13.258745,879.721274
18000,13.434326,868.223676
18000,10.516440,1109.120534
18000,13.332553,874.851178
