Size,Time,GFLOPS
4000,0.315488,405.720813
4000,0.322067,397.433189
4000,0.337570,379.181040
4000,0.342939,373.243774
4000,0.325034,393.805489
