Size,Time,GFLOPS
17000,10.433427,941.780653
17000,10.549153,931.449152
17000,10.366296,947.879532
17000,10.460635,939.331078
17000,10.481478,937.463200
