Size,Time,GFLOPS
19000,13.024694,1053.230091
19000,13.786587,995.025117
19000,11.332131,1210.540212
19000,14.127117,971.040288
19000,13.797158,994.262704
