Size,Time,GFLOPS
10000,2.584707,773.782133
10000,2.609692,766.373873
10000,2.621878,762.812092
10000,2.618988,763.653820
10000,2.586374,773.283228
