Size,Time,GFLOPS
8000,0.749562,1366.131132
8000,0.694304,1474.857604
8000,0.697332,1468.454682
8000,0.716081,1430.005739
8000,0.692955,1477.730366
