Size,Time,GFLOPS
19000,14.882352,921.762915
19000,12.794212,1072.203614
19000,12.919723,1061.787440
19000,12.194188,1124.962178
19000,12.182865,1126.007705
