Size,Time,GFLOPS
7000,0.462567,1483.027189
7000,0.445492,1539.869239
7000,0.462681,1482.662101
7000,0.428464,1601.067123
7000,0.437494,1568.022017
