Size,Time,GFLOPS
5000,0.242381,1031.435042
5000,0.315401,792.640954
5000,0.356914,700.448363
5000,0.237105,1054.386580
5000,0.375039,666.597508
