Size,Time,GFLOPS
7000,0.671944,1020.918735
7000,0.732598,936.393269
7000,0.788338,870.184636
7000,0.708789,967.847546
7000,0.766986,894.409907
