Size,Time,GFLOPS
14000,6.663013,823.651438
14000,6.569143,835.420957
14000,6.710475,817.825869
14000,6.741412,814.072834
14000,6.877256,797.992703
