Size,Time,GFLOPS
19000,6.824300,2010.169523
19000,6.814137,2013.167666
19000,7.041904,1948.052593
19000,6.784964,2021.823581
19000,6.798119,2017.911025
