Size,Time,GFLOPS
3000,0.038007,1420.801337
3000,0.037281,1448.441167
3000,0.039581,1364.281021
3000,0.038563,1400.303959
3000,0.039661,1361.547042
