Size,Time,GFLOPS
8000,0.917810,1115.699397
8000,1.018968,1004.938702
8000,1.037983,986.528755
8000,0.982156,1042.603760
8000,1.011940,1011.917893
