Size,Time,GFLOPS
10000,1.583160,1263.296443
10000,1.578547,1266.988167
10000,1.533910,1303.857125
10000,1.503945,1329.835727
10000,1.621201,1233.653548
