Size,Time,GFLOPS
15000,3.719246,1814.883885
15000,3.732889,1808.250757
15000,3.742088,1803.805708
15000,3.801354,1775.683086
15000,3.791713,1780.198248
