Size,Time,GFLOPS
12000,3.702964,933.306348
12000,3.165142,1091.894200
12000,4.428245,780.444541
12000,2.884895,1197.963809
12000,4.145043,833.766947
