Size,Time,GFLOPS
2000,0.020010,799.600759
2000,0.022836,700.636932
2000,0.023204,689.549243
2000,0.022574,708.774643
2000,0.023002,695.597917
