Size,Time,GFLOPS
20000,16.691308,958.582771
20000,13.171678,1214.727508
20000,14.297322,1119.090732
20000,16.192691,988.100121
20000,14.682593,1089.725749
