Size,Time,GFLOPS
3000,0.066136,816.496224
3000,0.064684,834.821648
3000,0.071478,755.481184
3000,0.067853,795.832936
3000,0.063872,845.444469
