Size,Time,GFLOPS
12000,2.335859,1479.541318
12000,2.291295,1508.317115
12000,2.378778,1452.846543
12000,2.150282,1607.230879
12000,2.408844,1434.713257
