Size,Time,GFLOPS
13000,2.730240,1609.382297
13000,2.827564,1553.988045
13000,2.867683,1532.247387
13000,2.404955,1827.061585
13000,2.858806,1537.005296
