Size,Time,GFLOPS
4000,0.068182,1877.324555
4000,0.068008,1882.121551
4000,0.070698,1810.517927
4000,0.069693,1836.633357
4000,0.068205,1876.689176
