Size,Time,GFLOPS
18000,5.960064,1957.025955
18000,5.907234,1974.528208
18000,5.844825,1995.611463
18000,6.320101,1845.540153
18000,5.847993,1994.530529
