Size,Time,GFLOPS
8000,1.513889,676.403818
8000,1.523837,671.987734
8000,1.517580,674.758361
8000,1.599441,640.223737
8000,1.506725,679.619843
