Size,Time,GFLOPS
17000,7.735007,1270.328572
17000,7.746844,1268.387497
17000,7.896495,1244.349510
17000,7.846685,1252.248630
17000,7.850607,1251.622953
