Size,Time,GFLOPS
13000,6.341182,692.930798
13000,7.721332,569.072827
13000,5.844568,751.809214
13000,7.782086,564.630083
13000,6.395435,687.052535
