Size,Time,GFLOPS
15000,5.127233,1316.499497
15000,5.164825,1306.917389
15000,5.148216,1311.133920
15000,5.137409,1313.891796
15000,5.044598,1338.064966
