Size,Time,GFLOPS
10000,3.434777,582.279492
10000,3.413257,585.950518
10000,3.637589,549.814685
10000,2.845135,702.954437
10000,3.410388,586.443557
