Size,Time,GFLOPS
14000,4.269221,1285.480512
14000,4.318459,1270.823819
14000,4.387162,1250.922664
14000,4.277337,1283.041200
14000,4.191385,1309.352412
