Size,Time,GFLOPS
10000,1.814549,1102.202228
10000,1.817273,1100.550286
10000,1.816877,1100.789947
10000,1.838908,1087.602075
10000,1.832345,1091.497271
