Size,Time,GFLOPS
18000,15.392716,757.760999
18000,15.698793,742.987061
18000,13.719778,850.159513
18000,14.170512,823.117737
18000,15.615208,746.964133
