Size,Time,GFLOPS
4000,0.109791,1165.850494
4000,0.113024,1132.502360
4000,0.113340,1129.341925
4000,0.114755,1115.424104
4000,0.111236,1150.708913
