Size,Time,GFLOPS
11000,3.491465,762.430662
11000,4.448620,598.387839
11000,4.467777,595.822066
11000,4.471232,595.361644
11000,4.517694,589.238610
