Size,Time,GFLOPS
16000,10.443599,784.403887
16000,8.838075,926.898710
16000,7.514477,1090.162340
16000,13.619874,601.473975
16000,10.504648,779.845293
