Size,Time,GFLOPS
8000,1.798831,569.258584
8000,1.885695,543.035982
8000,1.758708,582.245636
8000,1.863391,549.535744
8000,1.794665,570.580106
