Size,Time,GFLOPS
2000,0.039981,400.193073
2000,0.042439,377.010929
2000,0.041639,384.255930
2000,0.040224,397.771703
2000,0.039787,402.137977
