Size,Time,GFLOPS
18000,7.399621,1576.296978
18000,7.381156,1580.240224
18000,7.352409,1586.418854
18000,7.428181,1570.236411
18000,7.212057,1617.291782
