Size,Time,GFLOPS
11000,2.229772,1193.844194
11000,2.157584,1233.787240
11000,2.275124,1170.046090
11000,2.154326,1235.653322
11000,2.137328,1245.480370
