Size,Time,GFLOPS
20000,19.799929,808.083693
20000,20.723793,772.059425
20000,20.560112,778.205883
20000,19.955964,801.765334
20000,16.372677,977.237893
