Size,Time,GFLOPS
10000,3.564739,561.050967
10000,3.502565,571.010041
10000,3.624417,551.812941
10000,3.059412,653.720389
10000,3.526689,567.104240
