Size,Time,GFLOPS
17000,7.071508,1389.519673
17000,7.916640,1241.183080
17000,7.643151,1285.595386
17000,7.959643,1234.477502
17000,8.002936,1227.799350
