Size,Time,GFLOPS
7000,0.629932,1089.007159
7000,0.632103,1085.266361
7000,0.647089,1060.132392
7000,0.611164,1122.449078
7000,0.620519,1105.525318
