Size,Time,GFLOPS
11000,2.302277,1156.246631
11000,2.392192,1112.786794
11000,2.416966,1101.381006
11000,2.304699,1155.031353
11000,2.436022,1092.765003
