Size,Time,GFLOPS
20000,9.622763,1662.724062
20000,11.868980,1348.051836
20000,11.742155,1362.611844
20000,11.768090,1359.608953
20000,11.834179,1352.016018
