Size,Time,GFLOPS
19000,8.715202,1574.031288
19000,6.912709,1984.460834
19000,6.847937,2003.230926
19000,6.593409,2080.562509
19000,6.907070,1986.080796
