Size,Time,GFLOPS
7000,1.301873,526.933039
7000,1.226687,559.229996
7000,1.313890,522.113627
7000,1.255519,546.387708
7000,1.301244,527.187870
