Size,Time,GFLOPS
8000,1.878167,545.212297
8000,1.865875,548.804221
8000,1.893531,540.788562
8000,1.936129,528.890268
8000,1.917206,534.110633
