Size,Time,GFLOPS
16000,13.128892,623.967368
16000,8.702935,941.291671
16000,10.422718,785.975418
16000,8.978764,912.375016
16000,10.940470,748.779498
