Size,Time,GFLOPS
10000,1.940582,1030.618430
10000,1.955996,1022.496758
10000,1.949561,1025.872092
10000,1.935225,1033.471717
10000,1.937696,1032.153791
