Size,Time,GFLOPS
12000,5.367659,643.856089
12000,4.252027,812.788741
12000,5.534240,624.475934
12000,5.330114,648.391326
12000,5.549149,622.798241
