Size,Time,GFLOPS
5000,0.489783,510.429742
5000,0.490727,509.448182
5000,0.488923,511.328415
5000,0.496090,503.940734
5000,0.502976,497.041241
