Size,Time,GFLOPS
4000,0.096553,1325.702109
4000,0.097474,1313.164737
4000,0.097132,1317.789729
4000,0.097783,1309.021504
4000,0.096463,1326.930906
