Size,Time,GFLOPS
9000,1.577107,924.477359
9000,1.581508,921.905130
9000,1.583222,920.907101
9000,1.538929,947.412225
9000,1.590567,916.654065
