Size,Time,GFLOPS
9000,2.505321,581.961271
9000,2.470024,590.277568
9000,2.572933,566.668576
9000,2.538124,574.439953
9000,2.538690,574.311934
