Size,Time,GFLOPS
2000,0.087559,182.732924
2000,0.066871,239.265979
2000,0.066344,241.167697
2000,0.067347,237.575291
2000,0.067598,236.691667
