Size,Time,GFLOPS
5000,0.552596,452.409708
5000,0.521501,479.385214
5000,0.538447,464.298665
5000,0.518771,481.908131
5000,0.533256,468.817749
