Size,Time,GFLOPS
10000,3.302940,605.521079
10000,3.332461,600.157046
10000,3.324126,601.661928
10000,3.270890,611.454335
10000,3.267813,612.030158
