Size,Time,GFLOPS
2000,0.063026,253.862067
2000,0.061328,260.894055
2000,0.061050,262.081486
2000,0.061440,260.414560
2000,0.060535,264.309820
