Size,Time,GFLOPS
15000,8.647117,780.606984
15000,8.685235,777.181084
15000,8.554036,789.101188
15000,10.274368,656.974737
15000,8.465207,797.381557
