Size,Time,GFLOPS
4000,0.286182,447.267832
4000,0.245241,521.936589
4000,0.273487,468.029100
4000,0.275562,464.505598
4000,0.277333,461.538234
