Size,Time,GFLOPS
14000,7.420517,739.571129
14000,7.416044,740.017195
14000,7.506052,731.143348
14000,7.503268,731.414630
14000,7.314186,750.322738
