Size,Time,GFLOPS
3000,0.312485,172.808244
3000,0.313033,172.506006
3000,0.310502,173.911791
3000,0.235589,229.212966
3000,0.321366,168.032474
