Size,Time,GFLOPS
11000,2.092683,1272.051521
11000,2.110240,1261.467790
11000,2.109578,1261.864015
11000,2.149847,1238.227481
11000,2.107728,1262.971562
