Size,Time,GFLOPS
2000,0.043909,364.388105
2000,0.043640,366.637365
2000,0.044730,357.698815
2000,0.050333,317.883809
2000,0.043472,368.053965
