Size,Time,GFLOPS
10000,4.107119,486.959310
10000,4.105676,487.130500
10000,4.013751,498.287062
10000,4.025690,496.809276
10000,4.217955,474.163434
