Size,Time,GFLOPS
9000,2.070360,704.225280
9000,1.837107,793.638979
9000,1.847957,788.979413
9000,1.846739,789.499797
9000,1.862038,783.013065
