Size,Time,GFLOPS
4000,0.615932,207.815295
4000,0.621378,205.993757
4000,0.626686,204.248869
4000,0.621363,205.998745
4000,0.639237,200.238581
