Size,Time,GFLOPS
2000,0.109521,146.091314
2000,0.105941,151.027918
2000,0.112210,142.589757
2000,0.103632,154.391910
2000,0.103334,154.838007
