Size,Time,GFLOPS
3000,0.080366,671.929191
3000,0.079973,675.224208
3000,0.079279,681.141590
3000,0.080581,670.133358
3000,0.080100,674.156184
