Size,Time,GFLOPS
20000,14.871551,1075.879691
20000,16.732681,956.212580
20000,15.020117,1065.238065
20000,16.655256,960.657680
20000,15.053618,1062.867408
