Size,Time,GFLOPS
17000,11.769168,834.893352
17000,11.722490,838.217794
17000,11.923533,824.084604
17000,11.800839,832.652642
17000,12.070642,814.041215
