Size,Time,GFLOPS
2000,0.033051,484.105134
2000,0.032784,488.050257
2000,0.032560,491.399133
2000,0.033055,484.043945
2000,0.033353,479.710337
