Size,Time,GFLOPS
9000,2.557126,570.171267
9000,2.538614,574.329172
9000,2.641185,552.025027
9000,2.579667,565.189129
9000,2.580797,564.941806
