Size,Time,GFLOPS
20000,10.014300,1597.715248
20000,9.751851,1640.714220
20000,9.832207,1627.304964
20000,9.833554,1627.082169
20000,10.854701,1474.015757
