Size,Time,GFLOPS
14000,3.599321,1524.731867
14000,3.535023,1552.464986
14000,3.617688,1516.991044
14000,3.515585,1561.048907
14000,3.545751,1547.768099
