Size,Time,GFLOPS
9000,1.305974,1116.407768
9000,1.325757,1099.749178
9000,1.314110,1109.495884
9000,1.307823,1114.829714
9000,1.284678,1134.914790
