Size,Time,GFLOPS
3000,0.165145,326.985351
3000,0.165185,326.905369
3000,0.167465,322.455660
3000,0.165202,326.871644
3000,0.166177,324.954523
