Size,Time,GFLOPS
7000,0.691025,992.727477
7000,0.691473,992.084696
7000,0.685805,1000.284680
7000,0.691990,991.344083
7000,0.697425,983.617626
