Size,Time,GFLOPS
16000,11.994204,682.996556
16000,12.168901,673.191447
16000,12.074423,678.458946
16000,12.043223,680.216568
16000,12.751495,642.434476
