Size,Time,GFLOPS
14000,4.419311,1241.822607
14000,4.528758,1211.811262
14000,4.413333,1243.504641
14000,4.426223,1239.883255
14000,4.362030,1258.129871
