Size,Time,GFLOPS
9000,3.375586,431.924976
9000,3.365559,433.211867
9000,3.339549,436.585933
9000,3.348029,435.480064
9000,3.358350,434.141717
