Size,Time,GFLOPS
6000,0.792662,544.998804
6000,0.667528,647.163522
6000,0.702389,615.043562
6000,0.769110,561.688029
6000,0.776224,556.540417
