Size,Time,GFLOPS
12000,4.784900,722.272163
12000,4.755156,726.790053
12000,4.693454,736.344752
12000,4.713349,733.236550
12000,4.711357,733.546563
