Size,Time,GFLOPS
18000,6.131295,1902.371264
18000,6.014677,1939.256210
18000,5.982677,1949.628996
18000,6.155158,1894.996041
18000,5.914474,1972.111274
