Size,Time,GFLOPS
11000,4.837218,550.316297
11000,4.707770,565.448190
11000,4.697867,566.640083
11000,4.709291,565.265525
11000,4.646570,572.895701
