Size,Time,GFLOPS
10000,2.165670,923.501733
10000,2.202925,907.883934
10000,2.264880,883.049059
10000,2.212481,903.962406
10000,2.246828,890.143878
