Size,Time,GFLOPS
19000,16.711437,820.874965
19000,13.800784,994.001523
19000,14.972725,916.199259
19000,14.822539,925.482466
19000,14.659006,935.806971
