Size,Time,GFLOPS
15000,3.795027,1778.643593
15000,3.898213,1731.562766
15000,4.269906,1580.830906
15000,4.188522,1611.546884
15000,4.007572,1684.311774
