Size,Time,GFLOPS
20000,18.699675,855.629822
20000,21.619887,740.059381
20000,18.298057,874.409764
20000,18.241247,877.133017
20000,19.727962,811.031585
