Size,Time,GFLOPS
16000,4.952097,1654.248591
16000,5.131680,1596.358182
16000,4.861848,1684.956149
16000,5.016216,1633.103665
16000,4.912202,1667.683963
