Size,Time,GFLOPS
5000,0.483226,517.355982
5000,0.510870,489.361312
5000,0.518671,482.001318
5000,0.514714,485.706388
5000,0.514216,486.176818
