Size,Time,GFLOPS
4000,0.156268,819.107841
4000,0.158606,807.032527
4000,0.160093,799.536649
4000,0.157809,811.105011
4000,0.159232,803.858284
