Size,Time,GFLOPS
16000,10.314153,794.248409
16000,10.390232,788.432807
16000,8.887120,921.783394
16000,10.406011,787.237323
16000,9.015536,908.653714
