Size,Time,GFLOPS
13000,6.524331,673.479019
13000,6.467761,679.369545
13000,7.162692,613.456526
13000,7.260829,605.165047
13000,5.234970,839.355332
