Size,Time,GFLOPS
13000,5.498150,799.177836
13000,5.608939,783.392411
13000,5.665492,775.572541
13000,5.674847,774.293938
13000,5.710807,769.418392
