Size,Time,GFLOPS
15000,167.762868,40.235364
15000,167.406729,40.320960
15000,168.671650,40.018581
15000,167.301682,40.346277
15000,167.058547,40.404997
