Size,Time,GFLOPS
7000,30.647999,22.383190
7000,30.275662,22.658464
7000,30.883682,22.212378
7000,30.670839,22.366522
7000,30.825261,22.254475
