Size,Time,GFLOPS
9000,47.952800,30.404898
9000,47.449792,30.727216
9000,47.436802,30.735630
9000,47.205923,30.885955
9000,47.257421,30.852297
