Size,Time,GFLOPS
6000,20.826530,20.742774
6000,20.811819,20.757436
6000,20.823256,20.746036
6000,21.073249,20.499924
6000,20.845762,20.723637
