Size,Time,GFLOPS
3000,9.318848,5.794708
3000,9.316396,5.796233
3000,9.572163,5.641358
3000,9.323441,5.791853
3000,9.315043,5.797075
