Size,Time,GFLOPS
12000,97.105324,35.590222
12000,97.363324,35.495912
12000,97.135146,35.579295
12000,97.208309,35.552516
12000,97.352027,35.500031
