Size,Time,GFLOPS
13000,118.825552,36.978578
13000,118.509234,37.077280
13000,118.333927,37.132208
13000,118.716460,37.012559
13000,118.617808,37.043342
