Size,Time,GFLOPS
11000,79.025595,33.685289
11000,78.733097,33.810432
11000,78.789374,33.786282
11000,78.934859,33.724010
11000,78.659197,33.842196
