Size,Time,GFLOPS
10000,62.252542,32.127202
10000,62.261052,32.122811
10000,62.362933,32.070332
10000,62.662533,31.916999
10000,62.290245,32.107756
