Size,Time,GFLOPS
18000,288.406707,40.442887
