Size,Time,GFLOPS
17000,241.917038,40.617230
17000,242.594090,40.503872
17000,241.775025,40.641088
17000,242.035184,40.597403
17000,239.977755,40.945462
