Size,Time,GFLOPS
16000,207.572516,39.465726
16000,207.843105,39.414346
16000,207.758086,39.430475
16000,208.304107,39.327117
16000,207.751540,39.431717
