Size,Time,GFLOPS
2000,7.530513,2.124689
2000,7.536540,2.122990
2000,7.525715,2.126044
2000,7.522030,2.127085
2000,7.526169,2.125915
