Size,Time,GFLOPS
14000,141.216502,38.862314
14000,141.790490,38.704993
14000,141.600884,38.756820
14000,141.439609,38.801012
14000,141.275302,38.846139
