Size,Time,GFLOPS
8000,34.863247,29.371906
8000,34.392109,29.774272
8000,34.676694,29.529920
8000,34.481384,29.697184
8000,34.406941,29.761437
