Size,Time,GFLOPS
4000,11.103274,11.528132
4000,11.366569,11.261094
4000,11.123402,11.507271
4000,11.113598,11.517422
4000,11.118913,11.511917
