Size,Time,GFLOPS
5000,17.763539,14.073772
5000,17.750885,14.083805
5000,17.768851,14.069564
5000,18.010750,13.880599
5000,17.766944,14.071075
