Size,Time,GFLOPS
4000,4.322167,29.614772
4000,4.326628,29.584242
4000,4.326869,29.582590
4000,4.321391,29.620091
4000,4.334237,29.532303
