Size,Time,GFLOPS
7000,16.961541,40.444440
7000,17.003168,40.345423
7000,17.026613,40.289868
7000,16.994493,40.366017
7000,17.088876,40.143074
