Size,Time,GFLOPS
9000,33.829539,43.098429
9000,34.050978,42.818154
9000,33.825089,43.104100
9000,34.070940,42.793067
9000,33.896710,43.013023
