Size,Time,GFLOPS
3000,2.785276,19.387664
3000,2.785875,19.383498
3000,2.521410,21.416590
3000,2.524631,21.389268
3000,2.522512,21.407236
