Size,Time,GFLOPS
19000,302.374850,45.367530
