Size,Time,GFLOPS
6000,11.192970,38.595655
6000,11.257283,38.375158
6000,11.218014,38.509488
6000,11.211109,38.533208
6000,11.220941,38.499444
