Size,Time,GFLOPS
16000,181.992600,45.012819
16000,182.165294,44.970147
16000,182.093219,44.987946
16000,182.135221,44.977572
16000,182.193720,44.963130
