Size,Time,GFLOPS
11000,60.772382,43.802792
11000,60.805838,43.778691
11000,60.836372,43.756718
11000,60.783972,43.794440
11000,60.758906,43.812507
