Size,Time,GFLOPS
13000,98.709533,44.514444
13000,98.789308,44.478498
13000,98.700933,44.518323
13000,98.717219,44.510978
13000,98.644782,44.543664
