Size,Time,GFLOPS
8000,24.539665,41.728360
8000,24.356670,42.041872
8000,24.456353,41.870512
8000,24.375211,42.009893
8000,24.476034,41.836844
