Size,Time,GFLOPS
10000,46.163643,43.324137
10000,46.068046,43.414041
10000,46.221408,43.269993
10000,46.176612,43.311969
10000,46.209490,43.281153
