Size,Time,GFLOPS
2000,1.581987,10.113860
2000,1.758896,9.096615
2000,1.761713,9.082071
2000,1.758607,9.098112
2000,1.756214,9.110506
