Size,Time,GFLOPS
15000,150.104950,44.968537
15000,150.126377,44.962119
15000,150.163175,44.951101
15000,150.055567,44.983336
15000,150.024979,44.992508
