Size,Time,GFLOPS
12000,78.013144,44.300227
12000,77.893960,44.368010
12000,78.049008,44.279871
12000,78.081107,44.261668
12000,78.071135,44.267321
