Size,Time,GFLOPS
18000,256.284753,45.511876
18000,256.385505,45.493992
18000,256.433299,45.485512
18000,256.425766,45.486849
18000,256.146767,45.536394
