Size,Time,GFLOPS
14000,123.301490,44.508789
14000,123.224695,44.536527
14000,123.346421,44.492576
14000,123.284208,44.515028
14000,123.197571,44.546333
