Size,Time,GFLOPS
5000,7.124977,35.087831
5000,7.117905,35.122695
5000,7.117356,35.125404
5000,7.107820,35.172530
5000,7.105810,35.182476
