Size,Time,GFLOPS
17000,217.681609,45.139321
17000,217.479105,45.181352
17000,217.722303,45.130884
17000,217.458944,45.185541
17000,217.760152,45.123040
