Size,Time,GFLOPS
17000,228.913145,42.924577
17000,228.993147,42.909581
17000,228.980823,42.911891
17000,229.161521,42.878054
17000,229.335790,42.845471
