Size,Time,GFLOPS
11000,69.917246,38.073582
11000,69.804143,38.135272
11000,69.970506,38.044601
11000,69.789410,38.143323
11000,69.767614,38.155239
