Size,Time,GFLOPS
2000,1.665392,9.607345
2000,1.647741,9.710266
2000,1.666263,9.602323
2000,1.754950,9.117071
2000,1.816408,8.808593
