Size,Time,GFLOPS
10000,53.801379,37.173768
10000,53.718088,37.231407
10000,53.661776,37.270477
10000,53.829265,37.154511
10000,53.988489,37.044934
