Size,Time,GFLOPS
16000,189.706851,43.182415
16000,189.908126,43.136648
16000,189.942291,43.128889
16000,189.826936,43.155098
16000,189.216832,43.294246
