Size,Time,GFLOPS
14000,135.794157,40.414110
14000,135.278726,40.568093
14000,135.703995,40.440961
14000,135.687387,40.445911
14000,135.439123,40.520050
