Size,Time,GFLOPS
3000,3.108289,17.372903
3000,3.139046,17.202678
3000,3.118916,17.313708
3000,3.165887,17.056831
3000,3.207619,16.834917
