Size,Time,GFLOPS
12000,89.706007,38.525848
12000,89.594895,38.573626
12000,89.906047,38.440128
12000,89.881137,38.450782
12000,90.203170,38.313510
