Size,Time,GFLOPS
18000,272.555622,42.794935
18000,273.233338,42.688788
18000,271.761108,42.920049
18000,273.634479,42.626207
18000,,
