Size,Time,GFLOPS
15000,165.811787,40.708807
15000,165.644050,40.750030
15000,166.293366,40.590916
15000,165.685535,40.739827
15000,165.425046,40.803978
