Size,Time,GFLOPS
8000,29.979373,34.156818
8000,30.028633,34.100786
8000,30.188331,33.920391
8000,29.905938,34.240691
8000,29.808762,34.352315
