Size,Time,GFLOPS
4000,5.485407,23.334640
4000,5.428424,23.579590
4000,5.598156,22.864674
4000,5.596691,22.870655
4000,5.470327,23.398966
