Size,Time,GFLOPS
6000,14.410264,29.978633
6000,14.807980,29.173459
6000,14.706200,29.375365
6000,14.703132,29.381495
6000,14.752065,29.284036
