Size,Time,GFLOPS
9000,42.373926,34.407951
9000,42.365893,34.414476
9000,42.333122,34.441117
9000,42.242143,34.515295
9000,42.217633,34.535333
