Size,Time,GFLOPS
5000,9.557802,26.156642
5000,9.681058,25.823623
5000,9.478455,26.375607
5000,9.377316,26.660079
5000,9.459100,26.429577
