Size,Time,GFLOPS
13000,108.419574,40.527737
13000,108.417472,40.528523
13000,108.248283,40.591868
13000,108.532000,40.485755
13000,108.204511,40.608288
