Size,Time,GFLOPS
7000,20.653830,33.214179
7000,20.614158,33.278100
7000,20.726188,33.098223
7000,20.735855,33.082794
7000,20.700049,33.140018
