Size,Time,GFLOPS
15000,202.938866,33.261248
15000,200.528661,33.661024
15000,200.560768,33.655635
15000,200.748393,33.624180
15000,201.623378,33.478261
