Size,Time,GFLOPS
5000,7.854517,31.828818
5000,7.853546,31.832756
5000,7.849781,31.848023
5000,7.835820,31.904765
5000,7.824668,31.950236
