Size,Time,GFLOPS
14000,164.051224,33.452966
14000,164.684361,33.324354
14000,164.954917,33.269696
14000,163.961767,33.471218
14000,165.587808,33.142537
