Size,Time,GFLOPS
3000,2.625471,20.567741
3000,2.622569,20.590499
3000,2.672179,20.208227
3000,2.635648,20.488318
3000,2.676148,20.178254
