Size,Time,GFLOPS
10000,58.603948,34.127394
10000,58.348750,34.276656
10000,58.318476,34.294449
10000,58.664069,34.092418
10000,58.236820,34.342534
