Size,Time,GFLOPS
12000,103.325547,33.447682
12000,103.020662,33.546669
12000,102.778960,33.625559
12000,103.145894,33.505939
12000,102.817573,33.612931
