Size,Time,GFLOPS
11000,80.078559,33.242356
11000,79.673651,33.411297
11000,79.220946,33.602224
11000,79.671950,33.412010
11000,79.448825,33.505845
