Size,Time,GFLOPS
7000,20.338951,33.728386
7000,21.075526,32.549603
7000,20.624051,33.262136
7000,20.830468,32.932529
7000,20.330040,33.743170
