Size,Time,GFLOPS
6000,13.167349,32.808426
6000,12.879146,33.542597
6000,13.080381,33.026562
6000,12.947627,33.365188
6000,12.925361,33.422663
