Size,Time,GFLOPS
4000,4.786180,26.743668
4000,4.790454,26.719806
4000,4.876846,26.246472
4000,4.786257,26.743235
4000,4.819584,26.558306
