Size,Time,GFLOPS
8000,29.915288,34.229990
8000,30.288449,33.808268
8000,29.883887,34.265957
8000,30.221534,33.883124
8000,30.181532,33.928032
