Size,Time,GFLOPS
2000,1.566233,10.215593
2000,1.565506,10.220340
2000,1.570381,10.188608
2000,1.568106,10.203391
2000,1.572353,10.175829
