Size,Time,GFLOPS
9000,43.466229,33.543282
9000,43.118120,33.814090
9000,43.122702,33.810497
9000,43.273112,33.692978
9000,42.943436,33.951638
