Size,Time,GFLOPS
16000,238.556688,34.339846
16000,240.345866,34.084214
16000,238.685965,34.321247
16000,237.729152,34.459383
16000,239.036037,34.270983
