Size,Time,GFLOPS
13000,134.346880,32.706379
13000,133.614205,32.885725
13000,133.101578,33.012381
13000,133.132846,33.004627
13000,133.061459,33.022334
