Size,Time,GFLOPS
7000,10.855324,63.194798
7000,10.835399,63.311003
7000,11.363402,60.369247
7000,11.932244,57.491280
7000,11.577419,59.253276
