Size,Time,GFLOPS
11000,40.227337,66.173905
11000,40.237101,66.157848
11000,40.195026,66.227100
11000,40.201515,66.216411
11000,40.245122,66.144663
