Size,Time,GFLOPS
9000,22.192676,65.697349
9000,22.053891,66.110783
9000,22.046854,66.131884
9000,22.045588,66.135682
9000,22.040837,66.149939
