Size,Time,GFLOPS
3000,18.601717,2.902958
3000,18.829011,2.867915
3000,18.733905,2.882474
3000,18.843957,2.865640
3000,18.572608,2.907508
