Size,Time,GFLOPS
16000,124.061069,66.031996
16000,124.033287,66.046786
16000,124.089026,66.017119
16000,123.952563,66.089799
16000,124.114404,66.003621
