Size,Time,GFLOPS
18000,175.252659,66.555338
18000,175.289023,66.541531
18000,175.134545,66.600225
18000,175.312800,66.532507
18000,175.330574,66.525762
