Size,Time,GFLOPS
14000,81.616486,67.241317
14000,81.941479,66.974627
14000,81.649328,67.214271
14000,81.894335,67.013183
14000,81.911825,66.998873
