Size,Time,GFLOPS
15000,101.860152,66.267327
15000,101.802908,66.304589
15000,101.920333,66.228198
15000,102.134540,66.089298
15000,102.160552,66.072470
