Size,Time,GFLOPS
19000,206.954959,66.284954
19000,206.590424,66.401916
19000,206.409077,66.460255
19000,206.472944,66.439698
19000,206.949878,66.286582
