Size,Time,GFLOPS
10000,30.670157,65.209970
10000,30.266750,66.079114
10000,30.751500,65.037477
10000,30.779722,64.977846
10000,31.103385,64.301682
