Size,Time,GFLOPS
6000,6.697545,64.501244
6000,6.683370,64.638045
6000,6.685389,64.618528
6000,6.685250,64.619871
6000,6.686393,64.608826
