Size,Time,GFLOPS
4000,4.588901,27.893386
4000,3.583598,35.718290
4000,3.415803,37.472886
4000,4.191957,30.534662
4000,3.323662,38.511743
