Size,Time,GFLOPS
8000,15.743124,65.044270
8000,15.610066,65.598697
8000,15.733543,65.083877
8000,15.704844,65.202811
8000,15.735498,65.075792
