Size,Time,GFLOPS
12000,51.854046,66.648608
12000,51.777284,66.747417
12000,51.806813,66.709373
12000,51.836395,66.671303
12000,52.042220,66.407621
