Size,Time,GFLOPS
17000,148.561222,66.141082
17000,148.661257,66.096576
17000,148.780944,66.043404
17000,148.791649,66.038652
17000,148.600878,66.123432
