Size,Time,GFLOPS
13000,66.292408,66.282100
13000,66.326834,66.247696
13000,66.229412,66.345146
13000,66.244982,66.329552
13000,66.323658,66.250869
