Size,Time,GFLOPS
5000,4.445646,56.234800
5000,4.911352,50.902476
5000,4.639065,53.890168
5000,3.995417,62.571693
5000,4.544235,55.014760
