Size,Time,GFLOPS
20000,241.987170,66.119208
20000,241.503191,66.251713
20000,240.679842,66.478355
20000,241.534829,66.243034
