Size,Time,GFLOPS
2000,9.932967,1.610798
2000,9.745938,1.641710
2000,9.858523,1.622961
2000,9.969053,1.604967
2000,9.747367,1.641469
