Size,Time,GFLOPS
11000,42.844061,62.132299
11000,42.247802,63.009195
11000,42.599204,62.489430
11000,42.761088,62.252860
11000,42.832204,62.149499
