Size,Time,GFLOPS
14000,86.570391,63.393499
14000,86.509008,63.438480
14000,87.991463,62.369687
14000,85.500483,64.186772
14000,85.584525,64.123742
