Size,Time,GFLOPS
6000,6.993616,61.770624
6000,6.910902,62.509926
6000,6.996649,61.743844
6000,6.891379,62.687019
6000,6.889255,62.706342
