Size,Time,GFLOPS
4000,2.186683,58.536152
4000,2.184468,58.595498
4000,2.135844,59.929466
4000,2.227539,57.462507
4000,2.124062,60.261889
