Size,Time,GFLOPS
19000,211.176778,64.959794
19000,211.118084,64.977854
19000,211.105990,64.981576
19000,210.995432,65.015626
19000,210.844052,65.062305
