Size,Time,GFLOPS
16000,142.014970,57.684059
16000,128.159658,63.920271
16000,135.209707,60.587366
16000,137.255321,59.684389
16000,148.962980,54.993529
