Size,Time,GFLOPS
10000,31.431082,63.631281
10000,31.523560,63.444611
10000,31.495697,63.500738
10000,32.432779,61.666009
10000,32.173831,62.162321
