Size,Time,GFLOPS
5000,4.155796,60.156941
5000,4.120264,60.675726
5000,4.139308,60.396564
5000,4.133254,60.485025
5000,4.166242,60.006111
