Size,Time,GFLOPS
20000,246.117717,65.009542
20000,246.167315,64.996444
20000,246.186432,64.991396
