Size,Time,GFLOPS
3000,1.076245,50.174441
3000,1.089865,49.547407
3000,1.056992,51.088394
3000,1.059045,50.989325
3000,1.045034,51.672947
