Size,Time,GFLOPS
7000,11.321561,60.592351
7000,11.388072,60.238468
7000,11.151318,61.517394
7000,11.289775,60.762948
7000,11.520206,59.547547
