Size,Time,GFLOPS
13000,69.089423,63.598737
13000,75.444585,58.241423
13000,69.368969,63.342444
13000,71.034260,61.857476
13000,69.029979,63.653503
