Size,Time,GFLOPS
2000,0.499675,32.020840
2000,0.498681,32.084627
2000,0.498866,32.072726
2000,0.477448,33.511494
2000,0.496660,32.215192
