Size,Time,GFLOPS
15000,108.978122,61.939037
15000,108.443193,62.244571
15000,110.399597,61.141527
15000,107.440536,62.825450
15000,118.303270,57.056749
