Size,Time,GFLOPS
9000,23.444595,62.189175
9000,23.231355,62.760007
9000,23.149539,62.981815
9000,23.042359,63.274771
9000,23.875650,61.066399
