Size,Time,GFLOPS
12000,58.175564,59.406386
12000,54.833156,63.027559
12000,54.201192,63.762435
12000,54.207579,63.754922
12000,56.092300,61.612734
