Size,Time,GFLOPS
8000,16.263193,62.964265
8000,16.431744,62.318401
8000,16.322136,62.736888
8000,16.394977,62.458154
8000,16.359433,62.593857
