Size,Time,GFLOPS
18000,177.831074,65.590337
18000,179.587476,64.948850
18000,177.783086,65.608041
18000,185.278094,62.954015
18000,178.695918,65.272896
