Size,Time,GFLOPS
17000,155.031325,63.380739
17000,162.122867,60.608353
17000,154.525818,63.588079
17000,155.749322,63.088557
17000,164.515187,59.727009
