n_threads,Time,GFLOPS
24,2.458231,813.593281
24,2.419998,826.446970
24,2.451478,815.834440
24,2.474795,808.147699
24,2.452752,815.410504
