n_threads,Time,GFLOPS
56,1.253808,1595.140519
56,1.237036,1616.767672
56,1.238884,1614.356350
56,1.253129,1596.004346
56,1.247675,1602.981972
