n_threads,Time,GFLOPS
18,1.406075,1422.399723
18,1.416021,1412.408863
18,1.409899,1418.541405
18,1.408529,1419.920738
18,1.404527,1423.967020
