n_threads,Time,GFLOPS
6,8.031228,249.027931
6,7.963996,251.130208
6,8.050237,248.439880
6,7.996055,250.123352
6,8.039847,248.760957
