n_threads,Time,GFLOPS
114,2.028449,985.975188
114,1.996978,1001.513421
114,2.017447,991.352172
114,1.989563,1005.245807
114,2.033366,983.590841
