n_threads,Time,GFLOPS
76,2.801636,713.868582
76,2.840912,703.999340
76,2.789049,717.090320
76,2.814631,710.572603
76,2.815958,710.237805
