n_threads,Time,GFLOPS
58,2.177965,918.288428
58,2.183832,915.821197
58,2.197641,910.066649
58,2.208142,905.739007
58,2.208746,905.491350
