n_threads,Time,GFLOPS
90,2.236402,894.293458
90,2.237343,893.917553
90,2.250397,888.732204
90,2.242776,891.751826
90,2.246727,890.183621
