n_threads,Time,GFLOPS
96,1.320014,1515.135690
96,1.313498,1522.651756
96,1.337150,1495.718765
96,1.312838,1523.416977
96,1.333487,1499.827570
