n_threads,Time,GFLOPS
1,45.080215,44.365361
1,47.549337,42.061575
1,44.910082,44.533431
1,44.931806,44.511898
1,44.766157,44.676607
