n_threads,Time,GFLOPS
74,2.012605,993.736896
74,2.035832,982.399125
74,2.011774,994.147221
74,2.016810,991.665044
74,2.033196,983.672822
