n_threads,Time,GFLOPS
24,2.572932,777.323427
24,2.553225,783.323067
24,2.512747,795.941593
24,2.543000,786.472659
24,2.576535,776.236241
