n_threads,Time,GFLOPS
4,11.690716,171.075922
4,11.721510,170.626482
4,11.658848,171.543532
4,11.693112,171.040863
4,11.710481,170.787183
