n_threads,Time,GFLOPS
42,2.242543,891.844679
42,2.240260,892.753675
42,2.253571,887.480361
42,2.229002,897.262613
42,2.247008,890.072549
