n_threads,Time,GFLOPS
66,1.483224,1348.413724
66,1.442781,1386.212195
66,1.421713,1406.753787
66,1.445555,1383.551988
66,1.455384,1374.207298
