n_threads,Time,GFLOPS
62,2.028379,986.009203
62,2.043057,978.925042
62,2.013125,993.480529
62,2.048763,976.198959
62,2.058322,971.665357
