n_threads,Time,GFLOPS
86,0.749735,2667.607802
86,0.754707,2650.035795
86,0.749066,2669.991304
86,0.759108,2634.670473
86,0.746957,2677.528676
