n_threads,Time,GFLOPS
20,2.559982,781.255573
20,2.563980,780.037175
20,2.617436,764.106582
20,2.580459,775.055841
20,2.570648,778.013922
