n_threads,Time,GFLOPS
74,0.871361,2295.259641
74,0.873499,2289.640779
74,0.877283,2279.765380
74,0.874556,2286.874620
74,0.876009,2283.081694
