n_threads,Time,GFLOPS
32,1.191450,1678.627445
32,1.182578,1691.220994
32,1.181647,1692.552700
32,1.184309,1688.748086
32,1.188096,1683.365182
