n_threads,Time,GFLOPS
22,2.853066,701.000237
22,2.857395,699.938156
22,2.860544,699.167746
22,2.855821,700.324023
22,2.816945,709.989034
