n_threads,Time,GFLOPS
90,1.140491,1753.631411
90,1.146006,1745.191192
90,1.148590,1741.264747
90,1.150948,1737.698010
90,1.152093,1735.971414
