n_threads,Time,GFLOPS
58,1.042279,1918.872811
58,1.060867,1885.251143
58,1.052988,1899.357536
58,1.042917,1917.697733
58,1.051949,1901.232189
