n_threads,Time,GFLOPS
2,10.479286,190.852701
2,10.528787,189.955398
2,10.558107,189.427895
2,10.529883,189.935634
2,10.520454,190.105858
