n_threads,Time,GFLOPS
86,1.964235,1018.207848
86,1.966430,1017.071331
86,1.970617,1014.910596
86,1.967399,1016.570435
86,1.958924,1020.968847
