n_threads,Time,GFLOPS
94,0.704618,2838.416208
94,0.687677,2908.343146
94,0.697023,2869.346771
94,0.707713,2826.002725
94,0.700771,2853.999169
