n_threads,Time,GFLOPS
112,2.915242,686.049485
112,2.905588,688.328896
112,2.906794,688.043296
112,2.903410,688.845176
112,2.857149,699.998449
