n_threads,Time,GFLOPS
62,0.984062,2032.392557
62,0.993934,2012.206710
62,1.015123,1970.205533
62,0.972550,2056.448637
62,1.045638,1912.708030
