n_threads,Time,GFLOPS
112,2.769825,722.067362
112,2.771270,721.690886
112,2.763248,723.786009
112,2.751636,726.840259
112,2.752145,726.705980
