n_threads,Time,GFLOPS
36,2.192188,912.330543
36,2.190909,912.862925
36,2.209102,905.345070
36,2.176561,918.880909
36,2.181991,916.593877
