n_threads,Time,GFLOPS
34,2.342672,853.726044
34,2.382028,839.620835
34,2.394474,835.256662
34,2.380108,840.298048
34,2.389659,836.939647
