n_threads,Time,GFLOPS
4,5.380514,371.711714
4,5.389210,371.111898
4,5.417433,369.178535
4,5.381908,371.615388
4,5.388817,371.138981
