n_threads,Time,GFLOPS
56,2.364845,845.721533
56,2.376904,841.430545
56,2.370391,843.742546
56,2.369808,843.950275
56,2.372309,843.060601
