n_threads,Time,GFLOPS
122,2.817516,709.845089
122,2.800093,714.262031
122,2.757351,725.333806
122,2.780570,719.276905
122,2.807939,712.266174
