n_threads,Time,GFLOPS
98,1.677415,1192.310697
98,1.673396,1195.174546
98,1.684504,1187.293367
98,1.676868,1192.699817
98,1.684405,1187.363218
