n_threads,Time,GFLOPS
34,2.342307,853.858960
34,2.366939,844.973297
34,2.361785,846.817094
34,2.363597,846.168065
34,2.357358,848.407481
