n_threads,Time,GFLOPS
30,1.121953,1782.605334
30,1.125225,1777.422999
30,1.129831,1770.176537
30,1.124067,1779.252688
30,1.119637,1786.293445
