n_threads,Time,GFLOPS
46,1.019807,1961.155597
46,1.024424,1952.315948
46,1.019299,1962.133117
46,1.008893,1982.371162
46,1.011128,1977.988239
