n_threads,Time,GFLOPS
120,1.396716,1431.930693
120,1.376394,1453.072474
120,1.393631,1435.100131
120,1.380982,1448.245244
120,1.377497,1451.908922
