n_threads,Time,GFLOPS
76,1.813715,1102.709000
76,1.834282,1090.344902
76,1.785046,1120.419545
76,1.747934,1144.208066
76,1.741072,1148.717675
