n_threads,Time,GFLOPS
68,2.793485,715.951590
68,2.792887,716.104924
68,2.810739,711.556681
68,2.876373,695.320140
68,2.838910,704.495748
