n_threads,Time,GFLOPS
102,2.899684,689.730366
102,2.885647,693.085510
102,2.874400,695.797421
102,2.870175,696.821518
102,2.907401,687.899659
