n_threads,Time,GFLOPS
98,2.977020,671.812823
98,2.919130,685.135650
98,2.938432,680.635068
98,2.929850,682.628762
98,2.963650,674.843576
