n_threads,Time,GFLOPS
10,5.250462,380.918895
10,5.238413,381.795028
10,5.262043,380.080546
10,5.230421,382.378428
10,5.292903,377.864453
