n_threads,Time,GFLOPS
40,2.286855,874.563713
40,2.294664,871.587447
40,2.296999,870.701302
40,2.266767,882.314012
40,2.262999,883.783037
