n_threads,Time,GFLOPS
76,1.718028,1164.125441
76,1.761902,1135.137028
76,1.725449,1159.118588
76,1.733678,1153.616452
76,1.730775,1155.551562
