n_threads,Time,GFLOPS
98,2.682618,745.540267
98,2.693247,742.598177
98,2.682527,745.565589
98,2.689690,743.580044
98,2.691979,742.947752
