n_threads,Time,GFLOPS
20,1.254656,1594.062852
20,1.251589,1597.968504
20,1.250083,1599.893590
20,1.261943,1584.857377
20,1.248409,1602.038670
