n_threads,Time,GFLOPS
70,1.217208,1643.105056
70,1.225778,1631.616540
70,1.219790,1639.626250
70,1.220172,1639.112869
70,1.248791,1601.549422
