n_threads,Time,GFLOPS
94,1.989671,1005.191118
94,1.977900,1011.173277
94,1.986368,1006.863008
94,1.982886,1008.631052
94,1.989434,1005.311024
