n_threads,Time,GFLOPS
102,1.885621,1060.658410
102,1.868767,1070.224349
102,1.861460,1074.425505
102,1.819180,1099.396280
102,1.867192,1071.127063
