n_threads,Time,GFLOPS
126,2.345541,852.681809
126,2.389629,836.950154
126,2.431221,822.631899
126,2.389566,836.971906
126,2.350803,850.773210
