n_threads,Time,GFLOPS
16,3.042032,657.455343
16,3.097962,645.585727
16,3.051474,655.420993
16,3.096903,645.806486
16,3.051613,655.391135
