n_threads,Time,GFLOPS
2,10.455746,191.282373
2,10.455905,191.279474
2,10.461022,191.185913
2,10.447495,191.433452
2,10.464596,191.120605
