n_threads,Time,GFLOPS
26,1.224727,1633.017020
26,1.225041,1632.598091
26,1.224224,1633.688372
26,1.222193,1636.402564
26,1.227725,1629.029836
