n_threads,Time,GFLOPS
12,1.840339,1086.756018
12,1.836809,1088.844648
12,1.831892,1091.767178
12,1.843333,1084.990876
12,1.836173,1089.222214
