n_threads,Time,GFLOPS
50,1.276123,1567.246822
50,1.271985,1572.345125
50,1.269773,1575.085015
50,1.271591,1572.832404
50,1.270520,1574.158340
