n_threads,Time,GFLOPS
108,1.371324,1458.444036
108,1.354665,1476.380007
108,1.360385,1470.172395
108,1.366326,1463.779134
108,1.355591,1475.370740
