n_threads,Time,GFLOPS
30,1.117625,1789.508578
30,1.113621,1795.943050
30,1.114534,1794.471236
30,1.116152,1791.871288
30,1.114906,1793.873802
