n_threads,Time,GFLOPS
74,2.015725,992.198970
74,1.991074,1004.482816
74,1.992149,1003.941077
74,1.986142,1006.977446
74,1.993904,1003.057091
