n_threads,Time,GFLOPS
38,2.252751,887.803537
38,2.247460,889.893387
38,2.235565,894.628296
38,2.251244,888.397562
38,2.241982,892.067882
