n_threads,Time,GFLOPS
6,3.694917,541.284210
6,3.722553,537.265743
6,3.721048,537.483004
6,3.688910,542.165600
6,3.681802,543.212270
