n_threads,Time,GFLOPS
102,3.115831,641.883274
102,3.170087,630.897529
102,3.104312,644.265052
102,3.125971,639.801115
102,3.046851,656.415415
