n_threads,Time,GFLOPS
106,2.059340,971.185048
106,2.053742,973.832164
106,1.971375,1014.520469
106,2.007984,996.023773
106,1.977170,1011.546685
