n_threads,Time,GFLOPS
88,1.309034,1527.844471
88,1.327546,1506.539220
88,1.314125,1521.924942
88,1.313435,1522.724330
88,1.306208,1531.150068
