n_threads,Time,GFLOPS
14,3.767354,530.876511
14,3.750972,533.195149
14,3.765337,531.161009
14,3.763651,531.398964
14,3.755844,532.503524
