n_threads,Time,GFLOPS
74,0.886291,2256.595212
74,0.897933,2227.337059
74,0.891978,2242.208670
74,0.899448,2223.587161
74,0.888157,2251.854447
