n_threads,Time,GFLOPS
50,1.261930,1584.873840
50,1.278581,1564.233755
50,1.278562,1564.257719
50,1.305878,1531.537144
50,1.277752,1565.248932
