n_threads,Time,GFLOPS
22,1.264241,1581.976934
22,1.266583,1579.052274
22,1.257823,1590.048272
22,1.265840,1579.979015
22,1.260579,1586.573149
