n_threads,Time,GFLOPS
26,1.210244,1652.559265
26,1.209663,1653.352536
26,1.216572,1643.963333
26,1.211377,1651.013712
26,1.218335,1641.585022
