n_threads,Time,GFLOPS
50,2.366130,845.262110
50,2.376088,841.719761
50,2.367656,844.717314
50,2.394105,835.385371
50,2.383549,839.084787
