n_threads,Time,GFLOPS
36,1.164332,1717.723535
36,1.158550,1726.295424
36,1.162944,1719.773212
36,1.156254,1729.723334
36,1.160352,1723.614919
