n_threads,Time,GFLOPS
120,2.557334,782.064370
120,2.575831,776.448556
120,2.559874,781.288482
120,2.605655,767.561386
120,2.572635,777.413021
