n_threads,Time,GFLOPS
44,2.401023,832.978255
44,2.396453,834.566804
44,2.390587,836.614435
44,2.380607,840.121977
44,2.411898,829.222380
