n_threads,Time,GFLOPS
126,0.883602,2263.463121
126,0.907634,2203.531683
126,0.927794,2155.650453
126,0.926213,2159.330234
126,0.901928,2217.473063
