n_threads,Time,GFLOPS
78,1.510650,1323.933331
78,1.503456,1330.268199
78,1.490673,1341.676086
78,1.522359,1313.750326
78,1.492304,1340.209773
