n_threads,Time,GFLOPS
22,1.267691,1577.670916
22,1.268945,1576.111909
22,1.270926,1573.655812
22,1.267839,1577.487375
22,1.278778,1563.993260
