n_threads,Time,GFLOPS
126,2.196070,910.717728
126,2.134772,936.868412
126,1.783526,1121.374057
126,2.036829,981.918504
126,2.049763,975.722393
