n_threads,Time,GFLOPS
88,1.833934,1090.551613
88,1.766010,1132.496477
88,1.649274,1212.654854
88,1.722728,1160.949547
88,1.686429,1185.938076
