n_threads,Time,GFLOPS
36,2.232295,895.938778
36,2.219228,901.214341
36,2.221814,900.165524
36,2.230539,896.644187
36,2.203557,907.623509
