n_threads,Time,GFLOPS
54,1.185875,1686.518533
54,1.182494,1691.340769
54,1.178464,1697.123963
54,1.181412,1692.889664
54,1.179664,1695.397694
