n_threads,Time,GFLOPS
34,2.401976,832.647646
34,2.377127,841.351841
34,2.392636,835.898163
34,2.375261,842.012728
34,2.366595,845.096102
