n_threads,Time,GFLOPS
114,3.268235,611.951131
114,3.277059,610.303283
114,3.183957,628.149193
114,3.156171,633.679137
114,3.242431,616.821177
