n_threads,Time,GFLOPS
122,2.030717,984.873967
122,2.010436,994.809108
122,2.012685,993.697551
122,1.997384,1001.309588
122,2.011363,994.350625
