n_threads,Time,GFLOPS
126,2.863528,698.439020
126,3.047433,656.289994
126,3.106314,643.850009
126,3.171272,630.661814
126,3.038543,658.210148
