n_threads,Time,GFLOPS
100,2.866288,697.766558
100,2.828484,707.092490
100,2.883507,693.599817
100,2.790313,716.765575
100,2.830739,706.529161
