n_threads,Time,GFLOPS
104,2.849302,701.926332
104,2.869028,697.100187
104,2.837442,704.860243
104,2.803361,713.429242
104,2.859567,699.406618
