n_threads,Time,GFLOPS
112,1.863483,1073.259292
112,1.871915,1068.424377
112,1.741521,1148.421300
112,1.635056,1223.199648
112,1.808323,1105.996861
