n_threads,Time,GFLOPS
118,2.819252,709.407983
118,2.842816,703.527812
118,2.704490,739.511014
118,2.835772,705.275352
118,2.864351,698.238375
