n_threads,Time,GFLOPS
72,1.467437,1362.920607
72,1.468086,1362.317581
72,1.482080,1349.454752
72,1.474956,1355.972624
72,1.480828,1350.595793
