n_threads,Time,GFLOPS
1,22.114252,90.439416
1,22.221430,90.003207
1,22.302956,89.674211
1,22.147253,90.304653
1,22.226659,89.982033
