n_threads,Time,GFLOPS
124,2.346628,852.286659
124,2.254072,887.283280
124,2.386919,837.900088
124,2.347285,852.048384
124,2.350632,850.835038
