n_threads,Time,GFLOPS
54,2.257257,886.031054
54,2.263839,883.455122
54,2.275955,878.751883
54,2.294823,871.526885
54,2.270690,880.789665
