n_threads,Time,GFLOPS
46,2.076246,963.277033
46,2.063462,969.245061
46,2.170874,921.288063
46,2.172966,920.400846
46,2.177802,918.357103
