n_threads,Time,GFLOPS
10,2.367105,844.913794
10,2.370802,843.596508
10,2.365063,845.643480
10,2.367356,844.824215
10,2.369348,844.113927
