n_threads,Time,GFLOPS
120,3.079320,649.494147
120,3.134252,638.110881
120,3.192431,626.481802
120,3.153622,634.191468
120,3.261927,613.134425
