n_threads,Time,GFLOPS
64,1.326431,1507.804979
64,1.315045,1520.860025
64,1.323863,1510.730398
64,1.324581,1509.911273
64,1.302837,1535.111363
