n_threads,Time,GFLOPS
106,0.577431,3463.614845
106,0.593816,3368.048761
106,0.602327,3320.457556
106,0.564229,3544.660919
106,0.587514,3404.171423
