n_threads,Time,GFLOPS
126,0.889791,2247.718462
126,0.894128,2236.815502
126,0.906003,2207.498053
126,0.905841,2207.893874
126,0.891928,2242.333738
