n_threads,Time,GFLOPS
124,3.997296,500.338187
124,4.147634,482.202602
124,4.166760,479.989218
124,4.204068,475.729664
124,4.200813,476.098356
