n_threads,Time,GFLOPS
54,2.274357,879.369317
54,2.273086,879.860998
54,2.288353,873.991097
54,2.255528,886.710215
54,2.269556,881.229444
