n_threads,Time,GFLOPS
42,2.231432,896.285605
42,2.230164,896.795230
42,2.236127,894.403535
42,2.243016,891.656746
42,2.237984,893.661430
