n_threads,Time,GFLOPS
110,2.792265,716.264499
110,3.004780,665.606195
110,2.958862,675.935648
110,2.897463,690.259048
110,3.004459,665.677146
