n_threads,Time,GFLOPS
98,1.680843,1189.879243
98,1.665008,1201.195632
98,1.660256,1204.633695
98,1.680997,1189.769933
98,1.663874,1202.014428
