n_threads,Time,GFLOPS
64,1.306170,1531.194179
64,1.314529,1521.457087
64,1.351095,1480.280771
64,1.300917,1537.376937
64,1.309229,1527.617145
