n_threads,Time,GFLOPS
114,3.157091,633.494659
114,3.163710,632.169166
114,3.132881,638.389935
114,3.175366,629.848685
114,3.188533,627.247620
