n_threads,Time,GFLOPS
124,2.777995,719.943572
124,2.673300,748.138873
124,2.749695,727.353442
124,2.723320,734.397591
124,2.832458,706.100398
