n_threads,Time,GFLOPS
78,2.573472,777.160195
78,2.561359,780.835560
78,2.536208,788.578881
78,2.554872,782.818033
78,2.527595,791.265920
