n_threads,Time,GFLOPS
60,1.189289,1681.677085
60,1.194033,1674.995905
60,1.202282,1663.502714
60,1.194029,1675.000923
60,1.193937,1675.130932
