n_threads,Time,GFLOPS
8,5.728286,349.144597
8,5.800552,344.794782
8,5.717607,349.796697
8,5.759490,347.252969
8,5.771133,346.552375
