n_threads,Time,GFLOPS
128,3.092254,646.777389
128,3.107559,643.591972
128,3.109063,643.280614
128,3.091894,646.852681
128,3.121121,640.795410
