n_threads,Time,GFLOPS
32,1.183016,1690.594151
32,1.185875,1686.518338
32,1.182850,1690.831892
32,1.177775,1698.116650
32,1.177324,1698.767710
