n_threads,Time,GFLOPS
64,2.362564,846.537984
64,2.395775,834.802978
64,2.364397,845.881526
64,2.417750,827.215252
64,2.375098,842.070689
