n_threads,Time,GFLOPS
12,4.049104,493.936432
12,4.137386,483.397043
12,4.039205,495.146984
12,4.075014,490.795869
12,4.072715,491.072891
