n_threads,Time,GFLOPS
48,1.142331,1750.805457
48,1.147453,1742.990468
48,1.154558,1732.264152
48,1.152372,1735.551316
48,1.145143,1746.506635
