n_threads,Time,GFLOPS
30,1.143102,1749.624775
30,1.149760,1739.493449
30,1.137770,1757.824419
30,1.135289,1761.665862
30,1.144444,1747.572751
