n_threads,Time,GFLOPS
34,1.115113,1793.540845
34,1.107988,1805.074084
34,1.111648,1799.131157
34,1.111336,1799.635054
34,1.111064,1800.076970
