n_threads,Time,GFLOPS
22,2.775077,720.700594
22,2.762550,723.968872
22,2.777006,720.200044
22,2.776296,720.384380
22,2.773178,721.194222
