n_threads,Time,GFLOPS
40,2.180510,917.216728
40,2.189354,913.511654
40,2.301680,868.930502
40,2.297454,870.528961
40,2.303653,868.186280
