n_threads,Time,GFLOPS
80,2.443987,818.335061
80,2.441079,819.309909
80,2.449770,816.403053
80,2.422027,825.754586
80,2.443253,818.580762
