n_threads,Time,GFLOPS
76,2.753833,726.260498
76,2.854253,700.708730
76,2.808663,712.082558
76,2.841908,703.752654
76,2.883850,693.517415
