n_threads,Time,GFLOPS
2,21.421091,93.365925
2,21.339284,93.723857
2,21.259108,94.077323
2,21.296267,93.913171
2,21.276105,94.002169
