n_threads,Time,GFLOPS
100,1.496733,1336.243447
100,1.505613,1328.362578
100,1.495224,1337.592003
100,1.481229,1350.229870
100,1.479605,1351.712299
