n_threads,Time,GFLOPS
48,1.148425,1741.515157
48,1.160964,1722.705770
48,1.141484,1752.105874
48,1.150954,1737.688841
48,1.151739,1736.503805
