n_threads,Time,GFLOPS
22,2.777618,720.041460
22,2.763137,723.815047
22,2.772597,721.345348
22,2.767236,722.742732
22,2.773748,721.045924
