n_threads,Time,GFLOPS
60,1.222422,1636.095540
60,1.205394,1659.209127
60,1.204269,1660.758433
60,1.217177,1643.146574
60,1.210290,1652.497139
