n_threads,Time,GFLOPS
84,3.042171,657.425222
84,3.099538,645.257429
84,3.117944,641.448271
84,3.102055,644.733864
84,3.098439,645.486237
