n_threads,Time,GFLOPS
110,2.546742,785.317234
110,2.557623,781.975933
110,2.561605,780.760623
110,2.571289,777.820009
110,2.575615,776.513469
