n_threads,Time,GFLOPS
66,1.793152,1115.354213
66,1.776895,1125.558735
66,1.694863,1180.036293
66,1.626717,1229.470400
66,1.713894,1166.933263
