n_threads,Time,GFLOPS
72,2.523773,792.464438
72,2.605788,767.522129
72,2.594297,770.921699
72,2.351573,850.494362
72,2.522960,792.719644
