n_threads,Time,GFLOPS
96,2.366183,845.243231
96,2.378576,840.839114
96,2.351769,850.423781
96,2.364320,845.909053
96,2.359355,847.689461
