n_threads,Time,GFLOPS
78,2.572378,777.490839
78,2.583951,774.008367
78,2.552526,783.537488
78,2.574352,776.894566
78,2.560781,781.011730
