n_threads,Time,GFLOPS
104,1.788507,1118.251005
104,1.688682,1184.355681
104,1.756202,1138.821204
104,1.721577,1161.725891
104,1.714806,1166.312708
