n_threads,Time,GFLOPS
48,2.197418,910.159195
48,2.201291,908.557660
48,2.194814,911.238951
48,2.184483,915.548544
48,2.193835,911.645405
