n_threads,Time,GFLOPS
38,1.044309,1915.141820
38,1.043389,1916.829851
38,1.044995,1913.885158
38,1.040821,1921.559342
38,1.040966,1921.291530
