n_threads,Time,GFLOPS
88,2.331264,857.903759
88,2.325932,859.870374
88,2.323783,860.665402
88,2.320527,861.873061
88,2.322842,861.014312
