n_threads,Time,GFLOPS
112,1.702404,1174.809299
112,1.712009,1168.218279
112,1.717794,1164.284055
112,1.700970,1175.799362
112,1.721004,1162.112323
