n_threads,Time,GFLOPS
60,2.118223,944.187540
60,2.263583,883.554923
60,2.249050,889.264336
60,2.277743,878.062056
60,2.244899,890.908670
