n_threads,Time,GFLOPS
108,2.443651,818.447622
108,2.451689,815.764016
108,2.444720,818.089720
108,2.445168,817.939694
108,2.482407,805.669757
