n_threads,Time,GFLOPS
50,2.226876,898.119142
50,2.395905,834.757525
50,2.382630,839.408399
50,2.402943,832.312589
50,2.396714,834.475992
