n_threads,Time,GFLOPS
8,2.714286,736.842046
8,2.711381,737.631599
8,2.727417,733.294484
8,2.709029,738.271961
8,2.705951,739.111763
