n_threads,Time,GFLOPS
8,5.806297,344.453644
8,5.871275,340.641491
8,5.830922,342.998927
8,5.874106,340.477342
8,5.801783,344.721643
