n_threads,Time,GFLOPS
92,3.200789,624.845903
92,3.113085,642.449618
92,3.205146,623.996468
92,3.128524,639.279097
92,3.135949,637.765532
