n_threads,Time,GFLOPS
20,2.470558,809.533727
20,2.453515,815.157100
20,2.470117,809.678366
20,2.455063,814.643100
20,2.446546,817.478925
