n_threads,Time,GFLOPS
94,1.978892,1010.666563
94,1.992264,1003.883254
94,1.963317,1018.683996
94,1.963703,1018.483775
94,1.979807,1010.199377
