n_threads,Time,GFLOPS
128,1.869447,1069.834943
128,1.815770,1101.460849
128,1.814557,1102.197163
128,1.815375,1101.700902
128,1.801493,1110.190330
