n_threads,Time,GFLOPS
40,1.208037,1655.578913
40,1.209556,1653.499646
40,1.199272,1667.678789
40,1.185426,1687.156614
40,1.211536,1650.797420
