n_threads,Time,GFLOPS
4,11.862952,168.592096
4,11.636194,171.877512
4,11.723957,170.590870
4,11.729711,170.507190
4,11.646762,171.721545
