n_threads,Time,GFLOPS
64,2.398265,833.936048
64,2.389832,836.878994
64,2.384527,838.740895
64,2.413045,828.828310
64,2.401666,832.755193
