n_threads,Time,GFLOPS
56,1.246244,1604.821962
56,1.257867,1589.992800
56,1.266560,1579.079910
56,1.244568,1606.982799
56,1.266896,1578.661650
