n_threads,Time,GFLOPS
118,0.500581,3995.355583
118,0.501478,3988.214404
118,0.497788,4017.773101
118,0.499496,4004.036894
118,0.507081,3944.144438
