n_threads,Time,GFLOPS
16,1.512802,1322.049953
16,1.507271,1326.901492
16,1.505510,1328.453351
16,1.505336,1328.607210
16,1.503639,1330.106787
