n_threads,Time,GFLOPS
82,1.952184,1024.493473
82,1.941234,1030.272336
82,1.979936,1010.133487
82,1.971276,1014.571174
82,1.947742,1026.830067
