n_threads,Time,GFLOPS
92,2.062211,969.832798
92,2.036134,982.253392
92,2.011721,994.173832
92,2.052233,974.548089
92,2.042149,979.360416
