n_threads,Time,GFLOPS
30,2.196857,910.391329
30,2.282933,876.065979
30,2.202264,908.156520
30,2.269898,881.096763
30,2.211718,904.274475
