n_threads,Time,GFLOPS
86,3.733271,535.723189
86,3.867624,517.113382
86,3.879155,515.576148
86,3.754630,532.675644
86,3.910184,511.484831
