n_threads,Time,GFLOPS
118,3.965090,504.402131
118,3.955055,505.682026
118,3.953194,505.919973
118,3.940061,507.606331
118,4.060526,492.546995
