n_threads,Time,GFLOPS
38,2.271913,880.315431
38,2.266035,882.598893
38,2.262318,884.049205
38,2.262680,883.907425
38,2.267708,881.947904
