n_threads,Time,GFLOPS
62,1.049290,1906.050544
62,1.062906,1881.633684
62,0.986957,2026.431670
62,0.985934,2028.534023
62,1.000623,1998.753963
