n_threads,Time,GFLOPS
68,1.597841,1251.689208
68,1.624002,1231.525637
68,1.601510,1248.821794
68,1.595678,1253.386075
68,1.597392,1252.041113
