n_threads,Time,GFLOPS
14,3.921294,510.035779
14,3.914632,510.903694
14,3.921743,509.977288
14,3.916106,510.711358
14,3.919245,510.302386
