n_threads,Time,GFLOPS
6,8.207523,243.678876
6,8.150553,245.382117
6,8.181285,244.460381
6,8.152055,245.336917
6,8.126214,246.117074
