n_threads,Time,GFLOPS
122,3.899389,512.900895
122,4.081022,490.073321
122,3.976308,502.979167
122,3.987228,501.601644
122,4.085140,489.579269
