n_threads,Time,GFLOPS
18,3.206921,623.651228
18,3.166386,631.634964
18,3.149323,635.057178
18,3.193713,626.230293
18,3.164972,631.917199
