n_threads,Time,GFLOPS
100,1.473960,1356.889018
100,1.477833,1353.333110
100,1.476168,1354.859766
100,1.480781,1350.638960
100,1.473455,1357.353942
