n_threads,Time,GFLOPS
92,3.123625,640.281811
92,3.161822,632.546720
92,3.155731,633.767530
92,3.118477,641.338685
92,3.145851,635.757993
