n_threads,Time,GFLOPS
86,0.766243,2610.138088
86,0.764773,2615.153386
86,0.764043,2617.654801
86,0.776613,2575.285298
86,0.763694,2618.850634
