n_threads,Time,GFLOPS
14,1.789363,1117.715994
14,1.782433,1122.061978
14,1.781284,1122.785823
14,1.788960,1117.967979
14,1.789987,1117.326803
