n_threads,Time,GFLOPS
70,2.354048,849.600409
70,2.397717,834.126687
70,2.367760,844.680239
70,2.346884,852.193948
70,2.331402,857.852934
