n_threads,Time,GFLOPS
18,1.337823,1494.966450
18,1.343265,1488.909316
18,1.359269,1471.378923
18,1.347331,1484.416098
18,1.342563,1489.688219
