n_threads,Time,GFLOPS
82,0.783712,2551.956465
82,0.783336,2553.181484
82,0.786572,2542.679443
82,0.781873,2557.961502
82,0.792274,2524.378096
