n_threads,Time,GFLOPS
42,2.233877,895.304492
42,2.238841,893.319276
42,2.224322,899.150508
42,2.228635,897.410291
42,2.249672,889.018379
