n_threads,Time,GFLOPS
68,2.848311,702.170581
68,2.905631,688.318569
68,2.717649,735.930228
68,2.828119,707.183869
68,2.778129,719.908880
