n_threads,Time,GFLOPS
104,2.385602,838.362714
104,2.385943,838.242952
104,2.385990,838.226584
104,2.382848,839.331847
104,2.382484,839.459913
