n_threads,Time,GFLOPS
44,2.261503,884.367414
44,2.266359,882.472747
44,2.235469,894.666992
44,2.229240,897.166743
44,2.229835,896.927527
