n_threads,Time,GFLOPS
32,1.183050,1690.546022
32,1.182096,1691.910274
32,1.186623,1685.454720
32,1.188239,1683.163761
32,1.185889,1686.498769
