n_threads,Time,GFLOPS
70,1.770230,1129.796952
70,1.795854,1113.676416
70,1.783838,1121.178314
70,1.796545,1113.248061
70,1.757900,1137.721268
