n_threads,Time,GFLOPS
30,2.272115,880.237028
30,2.261811,884.247061
30,2.268993,881.448101
30,2.272653,880.028866
30,2.290706,873.093369
