n_threads,Time,GFLOPS
90,2.878894,694.711226
90,2.818392,709.624513
90,2.807597,712.353064
90,2.760560,724.490811
90,2.842140,703.695158
