n_threads,Time,GFLOPS
82,0.796044,2512.422519
82,0.791600,2526.529641
82,0.799873,2500.397382
82,0.792256,2524.436106
82,0.791523,2526.772976
