n_threads,Time,GFLOPS
24,1.189260,1681.717680
24,1.185668,1686.812285
24,1.190859,1679.459276
24,1.191258,1678.897850
24,1.195763,1672.571913
