n_threads,Time,GFLOPS
118,2.001553,999.224268
118,1.956522,1022.222299
118,2.000439,999.780309
118,2.023542,988.365739
118,1.997601,1001.201012
