n_threads,Time,GFLOPS
80,1.399720,1428.857329
80,1.409400,1419.043995
80,1.390728,1438.095767
80,1.389888,1438.964509
80,1.388857,1440.032976
