n_threads,Time,GFLOPS
20,1.299851,1538.638371
20,1.292837,1546.985589
20,1.294689,1544.772909
20,1.294581,1544.901365
20,1.290542,1549.735957
