n_threads,Time,GFLOPS
52,2.574764,776.770292
52,2.552829,783.444473
52,2.731526,732.191324
52,2.517901,794.312549
52,2.557998,781.861577
