n_threads,Time,GFLOPS
110,1.755172,1139.489208
110,1.837554,1088.403262
110,1.761965,1135.096353
110,1.778041,1124.833666
110,1.658735,1205.737975
