n_threads,Time,GFLOPS
44,2.416485,827.648263
44,2.412702,828.946248
44,2.416462,827.656258
44,2.409685,829.983978
44,2.412770,828.922825
