n_threads,Time,GFLOPS
10,2.312144,864.998115
10,2.314274,864.201884
10,2.336053,856.145083
10,2.319192,862.369445
10,2.305632,867.441149
