n_threads,Time,GFLOPS
70,3.023553,661.473411
70,2.996864,667.364387
70,2.984896,670.040172
70,3.011894,664.033933
70,3.005719,665.398183
