n_threads,Time,GFLOPS
122,0.478712,4177.875306
122,0.476430,4197.890956
122,0.488555,4093.706078
122,0.477796,4185.889369
122,0.473808,4221.120065
