n_threads,Time,GFLOPS
54,2.268443,881.661918
54,2.278056,877.941631
54,2.272722,880.001942
54,2.264549,883.178126
54,2.262810,883.856851
