n_threads,Time,GFLOPS
36,1.155938,1730.195923
36,1.158682,1726.099377
36,1.155715,1730.530547
36,1.164760,1717.091402
36,1.177370,1698.701786
