n_threads,Time,GFLOPS
92,2.087107,958.264394
92,2.192954,912.011927
92,2.073773,964.425697
92,2.070471,965.963837
92,2.210181,904.903289
