n_threads,Time,GFLOPS
120,1.423381,1405.105060
120,1.398321,1430.286440
120,1.399057,1429.534660
120,1.386287,1442.702681
120,1.391615,1437.178930
