n_threads,Time,GFLOPS
116,3.861212,517.972078
116,3.851941,519.218741
116,3.837083,521.229272
116,3.829166,522.307003
116,3.852785,519.105038
