n_threads,Time,GFLOPS
56,2.380088,840.304947
56,2.533786,789.332647
56,2.410344,829.757123
56,2.481265,806.040621
56,2.246381,890.320769
