n_threads,Time,GFLOPS
38,2.247139,890.020447
38,2.238471,893.466902
38,2.281072,876.780817
38,2.223797,899.362732
38,2.235666,894.587888
