n_threads,Time,GFLOPS
110,1.513186,1321.714383
110,1.507560,1326.647045
110,1.512760,1322.086836
110,1.507710,1326.515137
110,1.492428,1340.098404
