n_threads,Time,GFLOPS
94,0.682963,2928.417571
94,0.689719,2899.730184
94,0.680383,2939.520073
94,0.686297,2914.191872
94,0.678859,2946.118927
