n_threads,Time,GFLOPS
56,1.263199,1583.282249
56,1.240811,1611.848813
56,1.265371,1580.563551
56,1.259575,1587.837547
56,1.260821,1586.268166
