n_threads,Time,GFLOPS
6,3.691914,541.724392
6,3.683634,542.942127
6,3.670994,544.811544
6,3.692822,541.591274
6,3.686396,542.535339
