n_threads,Time,GFLOPS
40,1.199755,1667.006865
40,1.197195,1670.571518
40,1.186251,1685.984381
40,1.191850,1678.063941
40,1.189937,1680.761325
