n_threads,Time,GFLOPS
56,2.382955,839.293913
56,2.384761,838.658366
56,2.356870,848.582925
56,2.428875,823.426484
56,2.381237,839.899557
