n_threads,Time,GFLOPS
6,8.186976,244.290455
6,8.041794,248.700717
6,8.100149,246.909038
6,8.029310,249.087418
6,8.141411,245.657659
