n_threads,Time,GFLOPS
44,1.303463,1534.374783
44,1.307779,1529.310164
44,1.311225,1525.291794
44,1.297357,1541.595754
44,1.338831,1493.839997
