n_threads,Time,GFLOPS
100,2.481622,805.924627
100,2.476280,807.663090
100,2.483578,805.289798
100,2.478986,806.781555
100,2.459378,813.213799
