n_threads,Time,GFLOPS
4,5.407576,369.851480
4,5.382612,371.566818
4,5.384601,371.429566
4,5.403980,370.097624
4,5.398622,370.464893
