n_threads,Time,GFLOPS
108,2.444858,818.043453
108,2.494882,801.640984
108,2.489348,803.423373
108,2.500584,799.813088
108,2.509906,796.842615
