n_threads,Time,GFLOPS
22,1.312295,1524.047935
22,1.310897,1525.672370
22,1.314592,1521.384422
22,1.315575,1520.248082
22,1.316407,1519.286860
