n_threads,Time,GFLOPS
102,2.874366,695.805649
102,2.890131,692.010112
102,2.999503,666.777043
102,2.934410,681.568092
102,2.940552,680.144458
