n_threads,Time,GFLOPS
60,2.225385,898.721022
60,2.268712,881.557534
60,2.239673,892.987399
60,2.229840,896.925467
60,2.257488,885.940638
