n_threads,Time,GFLOPS
12,1.917509,1043.019646
12,1.908175,1048.121638
12,1.904079,1050.376791
12,1.919904,1041.718665
12,1.898368,1053.536625
