n_threads,Time,GFLOPS
26,2.607439,767.036029
26,2.612569,765.530103
26,2.622111,762.744106
26,2.609957,766.296209
26,2.626378,761.505139
