n_threads,Time,GFLOPS
80,2.959005,675.902926
80,2.974320,672.422667
80,2.986422,669.697692
80,2.994464,667.899065
80,2.962287,675.153978
