n_threads,Time,GFLOPS
118,2.013457,993.316307
118,2.011434,994.315610
118,2.060081,970.835505
118,2.088812,957.482225
118,2.030542,984.958662
