n_threads,Time,GFLOPS
124,2.885222,693.187639
124,2.749688,727.355188
124,2.768184,722.495337
124,2.716561,736.224956
124,2.796762,715.112695
