n_threads,Time,GFLOPS
26,2.534019,789.260180
26,2.519171,793.911989
26,2.629356,760.642461
26,2.626042,761.602539
26,2.617079,764.210744
