n_threads,Time,GFLOPS
52,1.408876,1419.571830
52,1.395309,1433.373957
52,1.386056,1442.943516
52,1.410983,1417.451652
52,1.422018,1406.452006
