n_threads,Time,GFLOPS
84,1.489331,1342.884496
84,1.492789,1339.773786
84,1.497261,1335.772123
84,1.491018,1341.365296
84,1.498721,1334.470859
