n_threads,Time,GFLOPS
28,2.258323,885.612731
28,2.251436,888.321779
28,2.239956,892.874683
28,2.242664,891.796641
28,2.251071,888.466099
