n_threads,Time,GFLOPS
70,1.225432,1632.077793
70,1.236198,1617.863749
70,1.227355,1629.519908
70,1.214310,1647.026440
70,1.222420,1636.099186
