n_threads,Time,GFLOPS
104,1.277657,1565.364746
104,1.273022,1571.064895
104,1.290848,1549.369614
104,1.290201,1550.146448
104,1.300242,1538.175482
