n_threads,Time,GFLOPS
32,2.251393,888.338759
32,2.259353,885.209079
32,2.252297,887.982357
32,2.260788,884.647189
32,2.268670,881.573688
