n_threads,Time,GFLOPS
68,1.639749,1219.699063
68,1.629108,1227.665749
68,1.611356,1241.190489
68,1.602731,1247.869948
68,1.764226,1133.641840
