n_threads,Time,GFLOPS
52,1.415755,1412.673666
52,1.420904,1407.554798
52,1.383587,1445.518558
52,1.398875,1429.720446
52,1.474677,1356.229596
