n_threads,Time,GFLOPS
38,1.047651,1909.032317
38,1.050737,1903.425053
38,1.048086,1908.241021
38,1.044208,1915.327215
38,1.045256,1913.406367
