n_threads,Time,GFLOPS
120,2.585794,773.456762
120,2.602083,768.614890
120,2.571572,777.734328
120,2.571194,777.848656
120,2.634006,759.299740
