n_threads,Time,GFLOPS
54,1.179643,1695.428501
54,1.176437,1700.048454
54,1.206461,1657.741140
54,1.186128,1686.159278
54,1.185704,1686.762199
