n_threads,Time,GFLOPS
32,2.286434,874.724752
32,2.304226,867.970394
32,2.296512,870.886019
32,2.287430,874.343825
32,2.205147,906.968917
