n_threads,Time,GFLOPS
62,2.040966,979.928358
62,2.042624,979.132715
62,2.054619,973.416412
62,2.044774,978.103022
62,2.032176,984.166516
