n_threads,Time,GFLOPS
66,2.583773,774.061842
66,2.668992,749.346506
66,2.657256,752.656222
66,2.606318,767.366195
66,2.588468,772.657849
