n_threads,Time,GFLOPS
28,1.174582,1702.732712
28,1.173572,1704.199367
28,1.169341,1710.365265
28,1.174392,1703.009128
28,1.167409,1713.195660
