n_threads,Time,GFLOPS
122,0.508958,3929.598438
122,0.479830,4168.146949
122,0.485668,4118.040357
122,0.482373,4146.168141
122,0.477098,4192.012482
