n_threads,Time,GFLOPS
28,2.284120,875.610679
28,2.267713,881.945968
28,2.241221,892.370783
28,2.269322,881.320426
28,2.279602,877.346192
