n_threads,Time,GFLOPS
66,2.829949,706.726613
66,2.941405,679.947279
66,2.940098,680.249539
66,3.036284,658.699911
66,2.881870,693.993759
