n_threads,Time,GFLOPS
126,2.325292,860.107122
126,2.368196,844.524606
126,2.347985,851.794318
126,2.331500,857.816887
126,2.338233,855.346925
