n_threads,Time,GFLOPS
38,1.053082,1899.186867
38,1.043147,1917.274732
38,1.040133,1922.830673
38,1.042938,1917.660105
38,1.044923,1914.016876
