n_threads,Time,GFLOPS
58,1.050826,1903.265010
58,1.058224,1889.959138
58,1.028568,1944.451555
58,1.048276,1907.893902
58,1.036069,1930.373799
