n_threads,Time,GFLOPS
84,1.821310,1098.110432
84,1.898040,1053.718500
84,1.862400,1073.882944
84,1.858640,1076.055598
84,1.781186,1122.847230
