n_threads,Time,GFLOPS
64,2.436057,820.998953
64,2.453054,815.310109
64,2.429545,823.199295
64,2.468203,810.306197
64,2.558774,781.624218
