n_threads,Time,GFLOPS
42,1.171309,1707.491103
42,1.173646,1704.091887
42,1.175458,1701.464256
42,1.177928,1697.896680
42,1.170796,1708.240051
