n_threads,Time,GFLOPS
10,5.097603,392.341284
10,5.100237,392.138621
10,5.077412,393.901424
10,5.062124,395.091058
10,5.088641,393.032237
