n_threads,Time,GFLOPS
106,0.578700,3456.022990
106,0.583267,3428.963631
106,0.581227,3440.997405
106,0.585749,3414.430152
106,0.585558,3415.543175
