n_threads,Time,GFLOPS
116,2.547683,785.027142
116,2.666159,750.142819
116,2.468423,810.233839
116,2.498712,800.412444
116,2.502769,799.115047
