n_threads,Time,GFLOPS
74,3.618543,552.708629
74,3.794613,527.062904
74,3.885122,514.784355
74,3.181043,628.724545
74,3.628151,551.244999
