n_threads,Time,GFLOPS
48,2.174265,919.850953
48,2.186527,914.692452
48,2.182435,916.407388
48,2.186152,914.849636
48,2.174673,919.678602
