n_threads,Time,GFLOPS
84,2.496574,801.097953
84,2.472759,808.813193
84,2.488966,803.546677
84,2.576339,776.295249
84,2.612264,765.619413
