n_threads,Time,GFLOPS
80,2.433941,821.712470
80,2.448526,816.818116
80,2.460169,812.952367
80,2.457417,813.862526
80,2.446802,817.393558
