n_threads,Time,GFLOPS
12,3.924698,509.593297
12,3.877427,515.805914
12,3.905479,512.101119
12,3.940564,507.541534
12,3.899115,512.936848
