n_threads,Time,GFLOPS
84,2.485027,804.820240
84,2.547102,785.206121
84,2.507687,797.547859
84,2.537078,788.308305
84,2.490899,802.923082
