n_threads,Time,GFLOPS
44,1.302682,1535.294337
44,1.292288,1547.642810
44,1.301463,1536.732066
44,1.299794,1538.705511
44,1.328962,1504.933647
