n_threads,Time,GFLOPS
106,3.825138,522.856956
106,3.905994,512.033562
106,4.030250,496.247146
106,3.862062,517.858135
106,3.989022,501.376074
