n_threads,Time,GFLOPS
90,1.169944,1709.482973
90,1.155526,1730.813408
90,1.154922,1731.718940
90,1.171375,1707.395762
90,1.156568,1729.254171
