n_threads,Time,GFLOPS
108,1.367352,1462.681381
108,1.383519,1445.589216
108,1.382325,1446.837238
108,1.352900,1478.306301
108,1.400552,1428.008148
