n_threads,Time,GFLOPS
80,3.631573,550.725466
80,3.609567,554.083027
80,3.621370,552.277182
80,3.625128,551.704602
80,3.616567,553.010623
