n_threads,Time,GFLOPS
82,1.530319,1306.916703
82,1.556328,1285.076036
82,1.536356,1301.781662
82,1.527575,1309.264843
82,1.554665,1286.450924
