n_threads,Time,GFLOPS
22,2.034152,983.210616
22,2.051505,974.894142
22,2.027433,986.469134
22,2.039050,980.848863
22,2.051015,975.126776
