n_threads,Time,GFLOPS
26,1.809580,1105.228548
26,1.799986,1111.119514
26,1.818806,1099.622398
26,1.807215,1106.675077
26,1.828740,1093.649430
