n_threads,Time,GFLOPS
122,3.627169,551.394228
122,3.581584,558.412150
122,3.649454,548.027248
122,3.754056,532.757158
122,3.636493,549.980392
