n_threads,Time,GFLOPS
100,1.432490,1396.170311
100,1.441691,1387.260245
100,1.445289,1383.806279
100,1.438394,1390.439236
100,1.441247,1387.687336
