n_threads,Time,GFLOPS
72,1.612676,1240.175084
72,1.608656,1243.273503
72,1.627454,1228.913308
72,1.625585,1230.326570
72,1.630612,1226.533182
