n_threads,Time,GFLOPS
28,3.519953,568.189409
28,3.517414,568.599540
28,3.522167,567.832167
28,3.522399,567.794872
28,3.517643,568.562452
