n_threads,Time,GFLOPS
78,3.652827,547.521195
78,3.659422,546.534458
78,3.640635,549.354771
78,3.794638,527.059483
78,3.665500,545.628207
