n_threads,Time,GFLOPS
26,3.431496,582.836253
26,3.422405,584.384426
26,3.417770,585.176964
26,3.417942,585.147355
26,3.430282,583.042427
