n_threads,Time,GFLOPS
52,3.445293,580.502144
52,3.435038,582.235202
52,3.428252,583.387682
52,3.434224,582.373123
52,3.448316,579.993273
