n_threads,Time,GFLOPS
60,1.543376,1295.860708
60,1.537446,1300.858600
60,1.539359,1299.241687
60,1.589705,1258.094952
60,1.557703,1283.942106
