n_threads,Time,GFLOPS
114,1.468739,1361.712198
114,1.478021,1353.160684
114,1.391765,1437.024303
114,1.455266,1374.319585
114,1.514622,1320.461833
