n_threads,Time,GFLOPS
54,1.531025,1306.314223
54,1.517894,1317.614988
54,1.523241,1312.989563
54,1.522037,1314.028080
54,1.526920,1309.826356
