n_threads,Time,GFLOPS
102,1.475121,1355.820523
102,1.444294,1384.759748
102,1.441943,1387.017364
102,1.423847,1404.645033
102,1.440141,1388.753186
