n_threads,Time,GFLOPS
56,3.670337,544.909132
56,3.629078,551.104227
56,3.676654,543.972878
56,2.772970,721.248351
56,3.688761,542.187452
