n_threads,Time,GFLOPS
72,1.610496,1241.853175
72,1.598391,1251.258042
72,1.617165,1236.731825
72,1.625162,1230.646720
72,1.599794,1250.160784
