n_threads,Time,GFLOPS
24,1.875364,1066.459355
24,1.905948,1049.346346
24,1.883987,1061.578680
24,1.904408,1050.195155
24,1.906148,1049.236572
