n_threads,Time,GFLOPS
24,3.606638,554.533014
24,3.622277,552.138842
24,3.608550,554.239266
24,3.609275,554.127923
24,3.630979,550.815626
