n_threads,Time,GFLOPS
66,3.202395,624.532607
66,3.200841,624.835694
66,3.193298,626.311748
66,3.207834,623.473710
66,3.222337,620.667581
