n_threads,Time,GFLOPS
10,4.714610,424.213273
10,4.720650,423.670476
10,4.706060,424.984001
10,4.711580,424.486054
10,4.716278,424.063200
