n_threads,Time,GFLOPS
28,1.756270,1138.777105
28,1.778753,1124.383198
28,1.802975,1109.277792
28,1.758148,1137.560878
28,1.751309,1142.002955
