n_threads,Time,GFLOPS
44,1.540591,1298.203115
44,1.543750,1295.546805
44,1.547006,1292.819740
44,1.571088,1273.003200
44,1.579652,1266.102021
