n_threads,Time,GFLOPS
92,1.769971,1129.961942
92,1.726997,1158.079804
92,1.695850,1179.349820
92,1.678259,1191.711022
92,1.727367,1157.831723
