n_threads,Time,GFLOPS
112,1.666384,1200.203269
112,1.740868,1148.852174
112,1.723501,1160.428492
112,1.665872,1200.572777
112,1.675976,1193.334801
