n_threads,Time,GFLOPS
122,1.679657,1190.719206
122,1.714926,1166.231100
122,1.737102,1151.343088
122,1.691944,1182.072027
122,1.679580,1190.774176
