n_threads,Time,GFLOPS
12,3.135520,637.852725
12,3.115356,641.981272
12,3.131605,638.650139
12,3.108142,643.471163
12,3.138294,637.288997
