n_threads,Time,GFLOPS
46,2.999493,666.779406
46,3.141989,636.539456
46,3.144386,636.054148
46,3.169153,631.083466
46,3.164536,632.004139
