n_threads,Time,GFLOPS
6,5.571487,358.970623
6,5.599601,357.168285
6,5.594858,357.471119
6,5.623135,355.673508
6,5.616273,356.108047
