n_threads,Time,GFLOPS
68,3.789009,527.842529
68,3.806584,525.405494
68,3.793002,527.286872
68,3.828471,522.401818
68,3.817791,523.863085
