n_threads,Time,GFLOPS
126,3.661172,546.273142
126,3.624356,551.822141
126,3.726756,536.659759
126,3.710647,538.989545
126,3.751437,533.129005
