n_threads,Time,GFLOPS
56,3.447261,580.170763
56,3.436181,582.041523
56,3.467168,576.839583
56,3.451710,579.423017
56,3.249638,615.453116
