n_threads,Time,GFLOPS
128,3.824927,522.885828
128,3.802507,525.968744
128,3.819877,523.577033
128,3.794889,527.024630
128,3.814137,524.365031
