n_threads,Time,GFLOPS
4,10.824691,184.762774
4,10.792162,185.319674
4,10.816542,184.901983
4,10.774266,185.627502
4,10.800767,185.172026
