n_threads,Time,GFLOPS
72,3.633980,550.360732
72,3.717854,537.944730
72,3.676497,543.996039
72,3.703877,539.974796
72,3.663492,545.927224
