n_threads,Time,GFLOPS
114,3.491971,572.742489
114,3.513164,569.287448
114,3.522379,567.798122
114,3.533652,565.986678
114,3.504262,570.733634
