n_threads,Time,GFLOPS
76,3.584303,557.988482
76,3.609777,554.050878
76,3.570206,560.191842
76,3.626119,551.553933
76,3.560310,561.748833
