n_threads,Time,GFLOPS
80,1.562006,1280.404826
80,1.562377,1280.100434
80,1.543818,1295.489352
80,1.555545,1285.722934
80,1.580790,1265.190367
