n_threads,Time,GFLOPS
14,2.640827,757.338652
14,2.642168,756.954120
14,2.636687,758.527691
14,2.659588,751.996135
14,2.626629,761.432159
