n_threads,Time,GFLOPS
124,1.615280,1238.175299
124,1.579461,1266.254439
124,1.596856,1252.461398
124,1.669970,1197.626215
124,1.572793,1271.623366
