n_threads,Time,GFLOPS
32,1.666077,1200.424580
32,1.667472,1199.420400
32,1.672239,1196.001118
32,1.643215,1217.126533
32,1.673849,1194.851156
