n_threads,Time,GFLOPS
20,2.163557,924.403654
20,2.154193,928.422034
20,2.147619,931.263982
20,2.146002,931.965528
20,2.155071,928.043786
