n_threads,Time,GFLOPS
90,1.485443,1346.399949
90,1.479231,1352.053632
90,1.466692,1363.613249
90,1.475523,1355.451943
90,1.474010,1356.842747
