n_threads,Time,GFLOPS
76,1.500741,1332.674946
76,1.497525,1335.536549
76,1.533555,1304.159588
76,1.532147,1305.357469
76,1.527295,1309.504380
