n_threads,Time,GFLOPS
30,1.650692,1211.613428
30,1.679402,1190.899906
30,1.679362,1190.928169
30,1.662062,1203.324777
30,1.671326,1196.654452
