n_threads,Time,GFLOPS
120,1.735565,1152.362319
120,1.737839,1150.854885
120,1.736710,1151.602508
120,1.735790,1152.213176
120,1.680974,1189.786722
