n_threads,Time,GFLOPS
58,1.591360,1256.786703
58,1.605002,1246.104215
58,1.658583,1205.848882
58,1.678701,1191.397347
58,1.690716,1182.930500
