n_threads,Time,GFLOPS
12,4.187830,477.574332
12,4.185212,477.873043
12,4.168424,479.797665
12,4.201015,476.075413
12,4.185122,477.883370
