n_threads,Time,GFLOPS
100,3.616380,553.039194
100,3.610605,553.923811
100,3.629065,551.106111
100,3.622189,552.152370
100,3.612166,553.684404
