n_threads,Time,GFLOPS
94,1.828461,1093.815876
94,1.800362,1110.888002
94,1.818660,1099.710841
94,1.779392,1123.979367
94,1.840251,1086.808242
