n_threads,Time,GFLOPS
42,1.511535,1323.158119
42,1.520983,1314.939116
42,1.527118,1309.656514
42,1.506349,1327.713218
42,1.527255,1309.539364
