n_threads,Time,GFLOPS
16,3.935021,508.256500
16,3.919977,510.207072
16,3.921743,509.977360
16,3.928180,509.141580
16,3.932453,508.588414
