n_threads,Time,GFLOPS
36,1.578781,1266.800004
36,1.571663,1272.537073
36,1.583613,1262.934654
36,1.568394,1275.190157
36,1.583980,1262.642239
