n_threads,Time,GFLOPS
86,3.897479,513.152275
86,3.795992,526.871506
86,3.862981,517.734836
86,3.972451,503.467508
86,3.751993,533.049964
