n_threads,Time,GFLOPS
92,3.583336,558.139106
92,3.583614,558.095845
92,3.585763,557.761307
92,3.580328,558.608079
92,3.576196,559.253425
