n_threads,Time,GFLOPS
72,1.826962,1094.713715
72,1.792194,1115.950377
72,1.843794,1084.719855
72,1.797417,1112.707552
72,1.840413,1086.712758
