n_threads,Time,GFLOPS
126,1.341538,1490.826631
126,1.303835,1533.936782
126,1.245923,1605.235256
126,1.355764,1475.182793
126,1.294493,1545.006271
