n_threads,Time,GFLOPS
22,3.547945,563.706620
22,3.537314,565.400807
22,3.303063,605.498504
22,3.527833,566.920278
22,3.322090,602.030631
