n_threads,Time,GFLOPS
116,1.788260,1118.405306
116,1.807859,1106.281035
116,1.828532,1093.773674
116,1.755438,1139.317015
116,1.842048,1085.747883
