n_threads,Time,GFLOPS
96,1.646409,1214.764684
96,1.704326,1173.484476
96,1.658130,1206.178028
96,1.689376,1183.869370
96,1.631541,1225.834763
