n_threads,Time,GFLOPS
70,3.295108,606.960309
70,3.217398,621.620266
70,3.283514,609.103524
70,3.350165,596.985575
70,3.265103,612.538171
