n_threads,Time,GFLOPS
104,3.638455,549.683904
104,3.643534,548.917653
104,3.630474,550.892243
104,3.644423,548.783672
104,3.641968,549.153645
