n_threads,Time,GFLOPS
88,1.513609,1321.344898
88,1.493997,1338.690616
88,1.512231,1322.549483
88,1.505436,1328.519061
88,1.502661,1330.971904
