n_threads,Time,GFLOPS
108,3.660439,546.382612
108,3.699174,540.661277
108,3.689937,542.014618
108,3.672677,544.561883
108,3.683378,542.979773
