n_threads,Time,GFLOPS
86,1.503889,1329.885576
86,1.513768,1321.206206
86,1.524058,1312.285759
86,1.523968,1312.363514
86,1.505192,1328.733986
