n_threads,Time,GFLOPS
74,3.343917,598.100913
74,3.317921,602.787161
74,3.345554,597.808289
74,3.356867,595.793571
74,3.259308,613.627214
