n_threads,Time,GFLOPS
40,3.390514,589.881031
40,3.412253,586.122992
40,3.405674,587.255291
40,3.407787,586.891165
40,3.407640,586.916533
