n_threads,Time,GFLOPS
22,2.007346,996.340395
22,2.012688,993.696170
22,2.015366,992.375794
22,1.977201,1011.531092
22,1.992903,1003.561078
