n_threads,Time,GFLOPS
110,1.437023,1391.766459
110,1.456597,1373.063270
110,1.457962,1371.778332
110,1.389080,1439.802148
110,1.409146,1419.298891
