n_threads,Time,GFLOPS
84,1.477513,1353.625951
84,1.468998,1361.472214
84,1.478149,1353.043592
84,1.490365,1341.953494
84,1.468099,1362.305903
