n_threads,Time,GFLOPS
108,3.860367,518.085464
108,3.872174,516.505751
108,3.852422,519.153887
108,3.857232,518.506510
108,3.840188,520.807780
