n_threads,Time,GFLOPS
110,3.977005,502.890986
110,3.846447,519.960330
110,3.864166,517.576117
110,4.096441,488.228703
110,3.889044,514.265227
