n_threads,Time,GFLOPS
118,1.362975,1467.378843
118,1.369459,1460.430204
118,1.424836,1403.670121
118,1.393724,1435.004466
118,1.425131,1403.380102
