n_threads,Time,GFLOPS
24,3.585619,557.783809
24,3.598453,555.794354
24,3.579880,558.677873
24,3.578683,558.864778
24,3.580844,558.527507
