n_threads,Time,GFLOPS
16,2.550982,784.011677
16,2.549284,784.534113
16,2.562952,780.350184
16,2.545715,785.633779
16,2.540289,787.312089
