n_threads,Time,GFLOPS
116,1.518031,1317.495909
116,1.497978,1335.133357
116,1.442370,1386.607213
116,1.526470,1310.212271
116,1.573038,1271.425043
