n_threads,Time,GFLOPS
118,1.361955,1468.476765
118,1.344608,1487.422444
118,1.355278,1475.711528
118,1.330297,1503.423204
118,1.352051,1479.234276
