n_threads,Time,GFLOPS
106,1.423799,1404.692309
106,1.448350,1380.881617
106,1.466428,1363.858240
106,1.446673,1382.482903
106,1.430726,1397.891386
