n_threads,Time,GFLOPS
84,1.702360,1174.839752
84,1.715399,1165.909332
84,1.714278,1166.672156
84,1.743321,1147.235592
84,1.726486,1158.422346
