n_threads,Time,GFLOPS
118,3.574572,559.507495
118,3.636597,549.964742
118,3.677846,543.796588
118,3.402201,587.854794
118,3.533354,566.034353
