n_threads,Time,GFLOPS
46,1.497834,1335.261411
46,1.493708,1338.949488
46,1.514945,1320.179998
46,1.511127,1323.515868
46,1.481693,1349.807518
