n_threads,Time,GFLOPS
24,3.609002,554.169815
24,3.597722,555.907276
24,3.595976,556.177170
24,3.610724,553.905548
24,3.620166,552.460853
