n_threads,Time,GFLOPS
34,3.242634,616.782511
34,3.238463,617.577004
34,3.249188,615.538401
34,3.245233,616.288548
34,3.236313,617.987271
