n_threads,Time,GFLOPS
12,4.362632,458.438903
12,4.353419,459.409052
12,4.366056,458.079346
12,4.379471,456.676160
12,4.363758,458.320569
