n_threads,Time,GFLOPS
78,3.330422,600.524524
78,3.335119,599.678819
78,3.323822,601.716922
78,3.381932,591.377880
78,3.295933,606.808505
