n_threads,Time,GFLOPS
60,3.482856,574.241434
60,3.465591,577.102211
60,3.462311,577.648824
60,3.487794,573.428283
60,3.484556,573.961186
