n_threads,Time,GFLOPS
62,3.207279,623.581505
62,3.221028,620.919813
62,3.183460,628.247228
62,3.201720,624.664165
62,3.241709,616.958517
