n_threads,Time,GFLOPS
72,3.573589,559.661455
72,3.670272,544.918727
72,3.722225,537.312960
72,3.549408,563.474242
72,3.721942,537.353953
