n_threads,Time,GFLOPS
50,1.484799,1346.983333
50,1.493068,1339.523872
50,1.471044,1359.578860
50,1.486156,1345.754123
50,1.486278,1345.643313
