n_threads,Time,GFLOPS
78,1.508515,1325.806969
78,1.516388,1318.924012
78,1.513479,1321.458319
78,1.519678,1316.068303
78,1.509830,1324.652831
