n_threads,Time,GFLOPS
18,2.296563,870.866598
18,2.270119,881.011208
18,2.247629,889.826556
18,2.262779,883.869090
18,2.274578,879.284143
