n_threads,Time,GFLOPS
54,3.226587,619.850101
54,3.201287,624.748640
54,3.215338,622.018494
54,3.198833,625.227971
54,3.209284,623.191956
