n_threads,Time,GFLOPS
4,10.835780,184.573701
4,10.852641,184.286947
4,10.898796,183.506516
4,10.940402,182.808645
4,10.908556,183.342324
