n_threads,Time,GFLOPS
82,1.558646,1283.164738
82,1.557833,1283.834751
82,1.544968,1294.524909
82,1.559496,1282.465602
82,1.559747,1282.258902
