n_threads,Time,GFLOPS
10,3.890179,514.115173
10,3.920428,510.148382
10,3.872181,516.504738
10,3.902285,512.520265
10,3.902433,512.500811
