n_threads,Time,GFLOPS
58,1.744392,1146.531265
58,1.708674,1170.498005
58,1.735152,1152.637016
58,1.710131,1169.501018
58,1.729295,1156.540797
