n_threads,Time,GFLOPS
112,3.685471,542.671443
112,3.692468,541.643157
112,3.696079,541.114002
112,3.673452,544.447035
112,3.672009,544.660983
