n_threads,Time,GFLOPS
10,3.882183,515.174005
10,3.844649,520.203558
10,3.861263,517.965186
10,3.893618,513.661117
10,3.906227,512.003059
