n_threads,Time,GFLOPS
20,2.097888,953.339788
20,2.084789,959.329503
20,2.088374,957.683062
20,2.093622,955.282456
20,2.098332,953.138040
