n_threads,Time,GFLOPS
22,2.004535,997.737753
22,2.067688,967.264045
22,2.018887,990.644635
22,2.056794,972.386996
22,2.043914,978.514646
