n_threads,Time,GFLOPS
90,3.329662,600.661629
90,3.306036,604.954150
90,3.317746,602.818841
90,3.340383,598.733753
90,3.331351,600.357116
