n_threads,Time,GFLOPS
120,1.302127,1535.948559
120,1.318365,1517.030582
120,1.356848,1474.004217
120,1.335349,1497.735399
120,1.325938,1508.366560
