n_threads,Time,GFLOPS
106,3.452281,579.327052
106,3.425488,583.858339
106,3.474048,575.697317
106,3.427148,583.575690
106,3.414125,585.801633
