n_threads,Time,GFLOPS
64,1.541147,1297.734384
64,1.529303,1307.785086
64,1.539529,1299.098893
64,1.540808,1298.020367
64,1.553672,1287.273209
