n_threads,Time,GFLOPS
42,1.530477,1306.782251
42,1.523223,1313.005751
42,1.527152,1309.627670
42,1.525847,1310.747425
42,1.528853,1308.170542
