n_threads,Time,GFLOPS
88,3.579411,558.751130
88,3.558914,561.969225
88,3.566665,560.747887
88,3.564573,561.077092
88,3.564565,561.078350
