n_threads,Time,GFLOPS
52,1.569872,1273.989099
52,1.546893,1292.914576
52,1.582165,1264.091029
52,1.569349,1274.414067
52,1.545660,1293.945352
