n_threads,Time,GFLOPS
14,2.676193,747.330341
14,2.650897,754.461485
14,2.688260,743.975582
14,2.637112,758.405542
14,2.692093,742.916341
