n_threads,Time,GFLOPS
60,1.523769,1312.534529
60,1.526333,1310.329738
60,1.518889,1316.751640
60,1.529095,1307.963580
60,1.528218,1308.713457
