n_threads,Time,GFLOPS
48,1.509052,1325.335012
48,1.499177,1334.065098
48,1.507737,1326.491011
48,1.501280,1332.196799
48,1.500059,1333.280774
