n_threads,Time,GFLOPS
8,5.861487,341.210316
8,5.827886,343.177627
8,5.878844,340.202919
8,5.840971,342.408824
8,5.855493,341.559641
