n_threads,Time,GFLOPS
98,1.471554,1359.107259
98,1.469065,1361.410610
98,1.446142,1382.989664
98,1.465603,1364.625843
98,1.442641,1386.346313
