n_threads,Time,GFLOPS
106,3.429529,583.170463
106,3.423752,584.154475
106,3.454653,578.929356
106,3.431166,582.892201
106,3.451819,579.404725
