n_threads,Time,GFLOPS
48,3.452571,579.278513
48,3.424698,583.993048
48,3.408784,586.719408
48,3.419761,584.836201
48,3.420892,584.642904
