n_threads,Time,GFLOPS
112,1.393745,1434.982836
112,1.418394,1410.045072
112,1.384031,1445.054385
112,1.428500,1400.070455
112,1.394810,1433.887316
