n_threads,Time,GFLOPS
74,1.754853,1139.696822
74,1.768430,1130.946486
74,1.774274,1127.221842
74,1.758024,1137.640776
74,1.768779,1130.723770
