n_threads,Time,GFLOPS
70,1.623327,1232.037383
70,1.627264,1229.056604
70,1.610654,1241.731590
70,1.602708,1247.888098
70,1.599371,1250.491625
