n_threads,Time,GFLOPS
104,3.817570,523.893407
104,3.838441,521.044809
104,3.809466,525.008025
104,3.829889,522.208404
104,3.842021,520.559318
