n_threads,Time,GFLOPS
58,1.755368,1139.361954
58,1.821655,1097.902729
58,1.723119,1160.685630
58,1.711602,1168.496288
58,1.692179,1181.908248
