n_threads,Time,GFLOPS
90,1.534055,1303.734219
90,1.513789,1321.187804
90,1.497485,1335.572476
90,1.517366,1318.073556
90,1.519271,1316.421153
