n_threads,Time,GFLOPS
20,3.706480,539.595509
20,3.711834,538.817180
20,3.705158,539.788054
20,3.722718,537.241816
20,3.729350,536.286532
