n_threads,Time,GFLOPS
114,1.717766,1164.303016
114,1.734767,1152.892345
114,1.770916,1129.359246
114,1.799175,1111.620711
114,1.741040,1148.738712
