n_threads,Time,GFLOPS
126,1.271058,1573.492539
126,1.393140,1435.605553
126,1.384316,1444.757283
126,1.384551,1444.511279
126,1.277617,1565.414262
