n_threads,Time,GFLOPS
68,2.007394,996.316844
68,1.970906,1014.761544
68,1.977027,1011.620151
68,2.016422,991.855682
68,1.948671,1026.340614
