n_threads,Time,GFLOPS
92,1.485201,1346.618926
92,1.503871,1329.901046
92,1.489854,1342.413267
92,1.497525,1335.536703
92,1.478484,1352.736680
