n_threads,Time,GFLOPS
32,1.626069,1229.959908
32,1.643878,1216.635358
32,1.685181,1186.816341
32,1.677748,1192.074235
32,1.689178,1184.008004
