n_threads,Time,GFLOPS
34,3.305543,605.044376
34,3.242981,616.716462
34,3.298904,606.262003
34,3.297889,606.448562
34,3.278807,609.978045
