n_threads,Time,GFLOPS
110,3.467844,576.727206
110,3.483388,574.153669
110,3.438191,581.701275
110,3.446779,580.251872
110,3.475718,575.420728
