n_threads,Time,GFLOPS
104,3.650017,547.942608
104,3.649372,548.039517
104,3.656775,546.929997
104,3.646437,548.480621
104,3.644472,548.776409
