n_threads,Time,GFLOPS
50,1.502790,1330.858379
50,1.486075,1345.826822
50,1.491471,1340.957917
50,1.490304,1342.007943
50,1.490705,1341.647085
