n_threads,Time,GFLOPS
100,3.800206,526.287300
100,3.816476,524.043703
100,3.805055,525.616548
100,3.844484,520.225844
100,3.821108,523.408425
