n_threads,Time,GFLOPS
110,1.387323,1441.625417
110,1.373911,1455.698560
110,1.375387,1454.136684
110,1.371058,1458.727686
110,1.383968,1445.119822
