n_threads,Time,GFLOPS
14,3.909003,511.639379
14,3.902117,512.542348
14,3.921030,510.070105
14,3.900807,512.714439
14,3.897446,513.156538
