n_threads,Time,GFLOPS
126,1.844400,1084.363640
126,1.804203,1108.522976
126,1.836412,1089.080046
126,1.811195,1104.243059
126,1.828095,1094.034931
