n_threads,Time,GFLOPS
66,1.591787,1256.449678
66,1.583381,1263.119885
66,1.610021,1242.220050
66,1.596536,1252.712323
66,1.602439,1248.097414
