n_threads,Time,GFLOPS
98,3.165147,631.882251
98,3.413237,585.954067
98,3.387201,590.457994
98,3.443484,580.807182
98,3.416851,585.334356
