n_threads,Time,GFLOPS
84,3.532036,566.245588
84,3.548262,563.656270
84,3.522365,567.800401
84,3.535455,565.698059
84,3.539985,564.974100
