n_threads,Time,GFLOPS
28,3.534149,565.907128
28,3.526771,567.091003
28,3.517870,568.525771
28,3.526350,567.158674
28,3.527329,567.001208
