n_threads,Time,GFLOPS
124,3.971842,503.544704
124,3.956330,505.519043
124,3.958373,505.258053
124,3.936755,508.032647
124,3.944777,506.999545
