n_threads,Time,GFLOPS
90,3.798304,526.550776
90,3.820269,523.523380
90,3.825490,522.808894
90,3.759396,532.000366
90,3.808131,525.192003
