n_threads,Time,GFLOPS
8,5.966543,335.202495
8,5.988226,333.988717
8,5.984102,334.218890
8,5.958741,335.641361
8,5.962274,335.442490
