n_threads,Time,GFLOPS
44,3.421980,584.456900
44,3.396644,588.816425
44,3.402626,587.781251
44,3.402733,587.762804
44,3.399136,588.384808
