n_threads,Time,GFLOPS
68,1.749783,1142.998848
68,1.768069,1131.177316
68,1.724239,1159.932123
68,1.724221,1159.944012
68,1.747322,1144.608780
