n_threads,Time,GFLOPS
70,3.582051,558.339332
70,3.591831,556.819000
70,3.578575,558.881676
70,3.597406,555.956202
70,3.535157,565.745793
