n_threads,Time,GFLOPS
46,3.168350,631.243431
46,3.167776,631.357761
46,3.208610,623.322881
46,3.160169,632.877641
46,3.173585,630.202129
