n_threads,Time,GFLOPS
10,4.693494,426.121747
10,4.690906,426.356889
10,4.691707,426.284108
10,4.695881,425.905164
10,4.686564,426.751907
