n_threads,Time,GFLOPS
16,2.631326,760.072988
16,2.581577,774.720293
16,2.593394,771.190118
16,2.600319,769.136345
16,2.597839,769.870559
