n_threads,Time,GFLOPS
76,1.553368,1287.524561
76,1.536029,1302.058681
76,1.500897,1332.536160
76,1.543957,1295.372901
76,1.546594,1293.164449
