n_threads,Time,GFLOPS
40,3.401474,587.980469
40,3.407417,586.954842
40,3.406110,587.180013
40,3.400358,588.173297
40,3.402544,587.795556
