n_threads,Time,GFLOPS
6,7.482907,267.275803
6,7.477006,267.486732
6,7.476129,267.518109
6,7.466627,267.858579
6,7.473839,267.600079
