n_threads,Time,GFLOPS
120,1.293940,1545.666434
120,1.379400,1449.905452
120,1.333415,1499.908367
120,1.348367,1483.275670
120,1.358171,1472.568452
