n_threads,Time,GFLOPS
56,1.523444,1312.815243
56,1.528797,1308.218021
56,1.530960,1306.369572
56,1.517396,1318.047448
56,1.515842,1319.398633
