n_threads,Time,GFLOPS
116,1.532928,1304.693135
116,1.590404,1257.541766
116,1.595661,1253.398860
116,1.607893,1243.863480
116,1.507344,1326.837486
