n_threads,Time,GFLOPS
76,1.825270,1095.728168
76,1.836637,1088.946543
76,1.889041,1058.738549
76,1.812674,1103.342241
76,1.877109,1065.468251
