n_threads,Time,GFLOPS
4,11.403004,175.392376
4,11.375985,175.808955
4,11.396803,175.487804
4,11.373069,175.854029
4,11.413796,175.226536
