n_threads,Time,GFLOPS
38,3.258439,613.790841
38,3.222102,620.712868
38,3.223383,620.466073
38,3.227910,619.595921
38,3.217319,621.635546
