n_threads,Time,GFLOPS
50,2.613166,765.355106
50,3.171649,630.586867
50,3.161105,632.690061
50,3.174754,629.970016
50,3.193117,626.347237
