n_threads,Time,GFLOPS
122,1.338090,1494.667273
122,1.345600,1486.325466
122,1.334919,1498.217770
122,1.368800,1461.133490
122,1.361059,1469.443911
