n_threads,Time,GFLOPS
36,3.428560,583.335306
36,3.418053,585.128459
36,3.442924,580.901519
36,3.432762,582.621255
36,3.433633,582.473366
