n_threads,Time,GFLOPS
96,3.606429,554.565137
96,3.610946,553.871406
96,3.598155,555.840498
96,3.590291,557.057965
96,3.612781,553.590169
