n_threads,Time,GFLOPS
38,3.195894,625.803062
38,3.217159,621.666539
38,3.197430,625.502374
38,3.219095,621.292662
38,3.195422,625.895444
