n_threads,Time,GFLOPS
110,3.427363,583.538954
110,3.484672,573.942072
110,3.561480,561.564328
110,3.442009,581.055965
110,3.469569,576.440440
