n_threads,Time,GFLOPS
68,3.496252,572.041119
68,3.515066,568.979366
68,3.498932,571.602911
68,3.507894,570.142673
68,3.522411,567.792864
