n_threads,Time,GFLOPS
16,3.803174,525.876526
16,3.809874,524.951743
16,3.817986,523.836417
16,3.818582,523.754594
16,3.808471,525.145067
