n_threads,Time,GFLOPS
80,1.566275,1276.915116
80,1.577254,1268.026300
80,1.560323,1281.785864
80,1.569099,1274.616712
80,1.555035,1286.144575
