n_threads,Time,GFLOPS
30,1.660719,1204.297623
30,1.668288,1198.833913
30,1.678419,1191.597548
30,1.686273,1186.047745
30,1.704016,1173.698182
