n_threads,Time,GFLOPS
62,2.780489,719.298025
62,3.305324,605.084403
62,3.204825,624.058966
62,3.210961,622.866529
62,3.222764,620.585222
