n_threads,Time,GFLOPS
40,1.515876,1319.369213
40,1.528875,1308.151037
40,1.530446,1306.808601
40,1.524341,1312.042701
40,1.510415,1324.139047
