n_threads,Time,GFLOPS
38,1.712195,1168.091159
38,1.753154,1140.801304
38,1.751108,1142.134316
38,1.787394,1118.947759
38,1.792537,1115.736874
