n_threads,Time,GFLOPS
44,3.401139,588.038361
44,3.407509,586.938943
44,3.421881,584.473941
44,3.411900,586.183717
44,3.414183,585.791606
