n_threads,Time,GFLOPS
76,3.637857,549.774284
76,3.634884,550.223916
76,3.658290,546.703463
76,3.640605,549.359195
76,3.657683,546.794181
