n_threads,Time,GFLOPS
88,3.880113,515.448932
88,3.887526,514.465988
88,3.902625,512.475612
88,3.870069,516.786705
88,3.633760,550.394078
