n_threads,Time,GFLOPS
1,46.412815,43.091547
1,46.586500,42.930892
1,46.495487,43.014927
1,46.601925,42.916682
1,46.406495,43.097415
