n_threads,Time,GFLOPS
102,3.377265,592.195151
102,3.387866,590.342142
102,3.372091,593.103836
102,3.413199,585.960565
102,3.380123,591.694409
