n_threads,Time,GFLOPS
10,4.897650,408.359080
10,4.894566,408.616435
10,4.880418,409.800990
10,4.882694,409.609938
10,4.888414,409.130692
