n_threads,Time,GFLOPS
100,3.637790,549.784399
100,3.629664,551.015170
100,3.644629,548.752637
100,3.626795,551.451137
100,3.643529,548.918429
