n_threads,Time,GFLOPS
64,1.567980,1275.526104
64,1.565790,1277.310856
64,1.565699,1277.384881
64,1.602915,1247.726583
64,1.574948,1269.883577
