n_threads,Time,GFLOPS
66,3.269923,611.635163
66,3.259712,613.551172
66,3.242171,616.870644
66,2.684556,745.002017
66,3.206645,623.704805
