n_threads,Time,GFLOPS
120,3.746319,533.857394
120,3.745154,534.023488
120,3.712518,538.717953
120,3.719596,537.692858
120,3.730558,536.112861
