n_threads,Time,GFLOPS
48,1.479992,1351.358563
48,1.480848,1350.577546
48,1.503117,1330.568791
48,1.503913,1329.864059
48,1.504984,1328.918080
