n_threads,Time,GFLOPS
116,3.730463,536.126428
116,3.716568,538.130856
116,3.728419,536.420439
116,3.722974,537.204934
116,3.731659,535.954659
