n_threads,Time,GFLOPS
10,3.898504,513.017337
10,3.862116,517.850845
10,3.862639,517.780726
10,3.886577,514.591649
10,3.890078,514.128517
