n_threads,Time,GFLOPS
54,3.208860,623.274235
54,3.221206,620.885457
54,3.250603,615.270423
54,3.196768,625.631937
54,3.214756,622.131204
