n_threads,Time,GFLOPS
32,1.654563,1208.778405
32,1.682551,1188.671524
32,1.693860,1180.734855
32,1.697221,1178.396647
32,1.696597,1178.830203
