n_threads,Time,GFLOPS
118,1.745574,1145.755017
118,1.721702,1161.641455
118,1.702572,1174.693675
118,1.739622,1149.674875
118,1.764860,1133.234675
