n_threads,Time,GFLOPS
124,3.789080,527.832642
124,3.787180,528.097490
124,3.790040,527.698979
124,3.788075,527.972598
124,3.793158,527.265164
