n_threads,Time,GFLOPS
60,1.566797,1276.489280
60,1.541702,1297.267422
60,1.553840,1287.133648
60,1.563552,1279.138996
60,1.555699,1285.595448
