n_threads,Time,GFLOPS
1,31.675553,63.140177
1,31.773790,62.944963
1,31.638625,63.213873
1,31.870929,62.753112
1,32.099746,62.305790
