n_threads,Time,GFLOPS
88,1.706170,1172.216238
88,1.729278,1156.552076
88,1.679291,1190.979135
88,1.691991,1182.039418
88,1.712464,1167.907600
