n_threads,Time,GFLOPS
42,3.192168,626.533510
42,3.164557,632.000071
42,3.160228,632.865727
42,3.153666,634.182662
42,3.166980,631.516390
