n_threads,Time,GFLOPS
16,2.592475,771.463472
16,2.602014,768.635356
16,2.571276,777.824009
16,2.587237,773.025501
16,2.563485,780.187770
