n_threads,Time,GFLOPS
74,3.518233,568.467216
74,3.525430,567.306720
74,3.619875,552.505255
74,3.491617,572.800520
74,3.512128,569.455355
