n_threads,Time,GFLOPS
104,1.456090,1373.541903
104,1.430053,1398.549477
104,1.463650,1366.447218
104,1.426371,1402.159607
104,1.484125,1347.595207
