n_threads,Time,GFLOPS
108,1.448393,1380.840596
108,1.413516,1414.911057
108,1.402994,1425.523343
108,1.424546,1403.955799
108,1.448128,1381.092940
