n_threads,Time,GFLOPS
2,22.130114,90.374590
2,22.093113,90.525949
2,22.138098,90.341997
2,22.147435,90.303911
2,22.128725,90.380262
