n_threads,Time,GFLOPS
8,5.918523,337.922122
8,5.880979,340.079447
8,5.908228,338.510947
8,5.870144,340.707135
8,5.884142,339.896645
