n_threads,Time,GFLOPS
62,1.742232,1147.952418
62,1.797095,1112.906913
62,1.736667,1151.630974
62,1.773658,1127.613131
62,1.829481,1093.206489
