n_threads,Time,GFLOPS
48,1.477221,1353.893841
48,1.500322,1333.046847
48,1.482092,1349.443606
48,1.488244,1343.865961
48,1.488946,1343.231812
