n_threads,Time,GFLOPS
60,3.779552,529.163217
60,3.723446,537.136858
60,3.746184,533.876618
60,3.735690,535.376272
60,3.760413,531.856436
