n_threads,Time,GFLOPS
92,1.514829,1320.281238
92,1.541660,1297.302907
92,1.508165,1326.114446
92,1.516578,1318.758685
92,1.533595,1304.125615
