n_threads,Time,GFLOPS
30,3.347554,597.451185
30,3.312524,603.769123
30,3.316410,603.061833
30,3.317063,602.943071
30,3.298308,606.371442
