n_threads,Time,GFLOPS
34,1.693690,1180.853687
34,1.701424,1175.486259
34,1.700739,1175.959107
34,1.688617,1184.400865
34,1.694309,1180.422572
