n_threads,Time,GFLOPS
70,1.594293,1254.474259
70,1.612547,1240.274235
70,1.615556,1237.964272
70,1.592916,1255.559195
70,1.599059,1250.735970
