n_threads,Time,GFLOPS
104,1.750378,1142.610556
104,1.661901,1203.440820
104,1.657978,1206.288425
104,1.714136,1166.768593
104,1.676517,1192.949723
