n_threads,Time,GFLOPS
30,1.673591,1195.035282
30,1.664890,1201.280347
30,1.690481,1183.095429
30,1.667407,1199.467456
30,1.657048,1206.965684
