n_threads,Time,GFLOPS
44,3.403522,587.626509
44,3.411519,586.249161
44,3.395482,589.017986
44,3.405248,587.328812
44,3.392641,589.511286
