n_threads,Time,GFLOPS
98,1.439884,1389.000928
98,1.455984,1373.641815
98,1.409653,1418.789236
98,1.426811,1401.727084
98,1.463307,1366.767406
