n_threads,Time,GFLOPS
54,3.186168,627.713243
54,3.193386,626.294439
54,3.190938,626.774962
54,3.200818,624.840214
54,3.210572,622.941864
