n_threads,Time,GFLOPS
122,3.567559,560.607420
122,3.545521,564.092060
122,3.604274,554.896742
122,3.625745,551.610829
122,3.543211,564.459798
