n_threads,Time,GFLOPS
86,3.294011,607.162504
86,3.300704,605.931299
86,3.284504,608.919879
86,3.309056,604.402061
86,3.265809,612.405752
