n_threads,Time,GFLOPS
114,3.508609,570.026390
114,3.579855,558.681900
114,3.580916,558.516275
114,3.556985,562.273921
114,3.536579,565.518293
