n_threads,Time,GFLOPS
82,3.275028,610.681723
82,3.313522,603.587446
82,3.280443,609.673802
82,3.284918,608.843286
82,3.272489,611.155534
