n_threads,Time,GFLOPS
96,3.607938,554.333230
96,3.612341,553.657590
96,3.617601,552.852511
96,3.615302,553.204086
96,3.620158,552.462031
