n_threads,Time,GFLOPS
46,3.217311,621.637098
46,3.174084,630.103081
46,3.195352,625.909164
46,3.151212,634.676339
46,3.182735,628.390403
