n_threads,Time,GFLOPS
26,1.847696,1082.429024
26,1.866788,1071.358903
26,1.854050,1078.719471
26,1.870719,1069.107437
26,1.862015,1074.105294
