n_threads,Time,GFLOPS
30,3.302734,605.558854
30,3.310605,604.119226
30,3.303447,605.428175
30,3.354135,596.278901
30,3.327951,600.970349
