n_threads,Time,GFLOPS
42,3.211999,622.665109
42,3.203179,624.379709
42,3.238177,617.631380
42,3.221823,620.766658
42,3.165601,631.791493
