n_threads,Time,GFLOPS
48,3.391150,589.770511
48,3.400986,588.064685
48,3.400273,588.188051
48,3.391292,589.745805
48,3.401578,587.962480
