n_threads,Time,GFLOPS
50,3.163462,632.218809
50,3.184349,628.071957
50,3.244951,616.342101
50,3.175853,629.752118
50,3.172020,630.513134
