n_threads,Time,GFLOPS
90,1.723781,1160.240248
90,1.738219,1150.603233
90,1.711424,1168.617729
90,1.688947,1184.170047
90,1.726635,1158.322504
