n_threads,Time,GFLOPS
20,3.706191,539.637540
20,3.683744,542.925872
20,3.699558,540.605155
20,3.690255,541.967930
20,3.688026,542.295513
