n_threads,Time,GFLOPS
36,1.570262,1273.672795
36,1.578200,1267.266603
36,1.604063,1246.833887
36,1.565599,1277.466351
36,1.569969,1273.910736
