n_threads,Time,GFLOPS
94,1.789268,1117.775498
94,1.766455,1132.210814
94,1.783359,1121.479001
94,1.788925,1117.989822
94,1.790178,1117.207470
