n_threads,Time,GFLOPS
120,3.753112,532.891041
120,3.753425,532.846737
120,3.745650,533.952739
120,3.742633,534.383156
120,3.742217,534.442543
