n_threads,Time,GFLOPS
86,3.290958,607.725810
86,3.279050,609.932805
86,3.293681,607.223362
86,3.324338,601.623481
86,3.311394,603.975254
