n_threads,Time,GFLOPS
126,3.713191,538.620349
126,3.817607,523.888440
126,3.611769,553.745330
126,3.617589,552.854375
126,3.619517,552.559932
