n_threads,Time,GFLOPS
2,16.088487,124.312495
2,16.281065,122.842083
2,16.174174,123.653922
2,16.470778,121.427173
2,16.195458,123.491417
