n_threads,Time,GFLOPS
18,3.665374,545.646891
18,3.671921,544.673991
18,3.667170,545.379705
18,3.647533,548.315855
18,3.661925,546.160769
