n_threads,Time,GFLOPS
64,3.473457,575.795283
64,3.472238,575.997349
64,3.473669,575.760108
64,3.467433,576.795501
64,3.477854,575.067334
