n_threads,Time,GFLOPS
96,1.485170,1346.647155
96,1.485196,1346.623336
96,1.485673,1346.191658
96,1.448673,1380.573604
96,1.454879,1374.684789
