n_threads,Time,GFLOPS
128,1.297231,1541.744927
128,1.293789,1545.847180
128,1.258998,1588.564812
128,1.187088,1684.795199
128,1.242118,1610.152692
