n_threads,Time,GFLOPS
100,1.456579,1373.080795
100,1.486925,1345.057554
100,1.454408,1375.130361
100,1.460060,1369.806648
100,1.450381,1378.947625
