n_threads,Time,GFLOPS
78,3.373295,592.892156
78,3.310022,604.225681
78,3.307264,604.729554
78,3.314848,603.345975
78,3.346805,597.584873
