n_threads,Time,GFLOPS
14,3.596311,556.125402
14,3.595287,556.283819
14,3.607098,554.462282
14,3.604977,554.788564
14,3.592730,556.679732
