n_threads,Time,GFLOPS
18,3.594719,556.371707
18,3.587338,557.516393
18,3.585894,557.740968
18,3.582804,558.222014
18,3.593527,556.556320
