n_threads,Time,GFLOPS
86,1.555084,1286.104356
86,1.600469,1249.633352
86,1.569254,1274.491304
86,1.563196,1279.429974
86,1.604081,1246.819835
