n_threads,Time,GFLOPS
70,2.642781,756.778488
70,3.272437,611.165247
70,3.253869,614.652897
70,3.252767,614.861122
70,3.283981,609.016985
