n_threads,Time,GFLOPS
4,10.926992,183.032981
4,10.898207,183.516427
4,10.939355,182.826144
4,10.866761,184.047489
4,10.998057,181.850298
