n_threads,Time,GFLOPS
90,3.301809,605.728471
90,3.340785,598.661618
90,3.311658,603.927015
90,3.302544,605.593819
90,3.342171,598.413383
