n_threads,Time,GFLOPS
96,1.420112,1408.339768
96,1.428072,1400.489377
96,1.436725,1392.055110
96,1.443334,1385.680931
96,1.418932,1409.510723
