n_threads,Time,GFLOPS
6,5.610231,356.491537
6,5.696143,351.114783
6,5.657861,353.490455
6,5.630454,355.211126
6,5.616626,356.085663
