n_threads,Time,GFLOPS
78,1.508275,1326.018549
78,1.501414,1332.077657
78,1.493046,1339.543402
78,1.518917,1316.727692
78,1.505985,1328.034271
