n_threads,Time,GFLOPS
128,3.828821,522.354002
128,3.828686,522.372485
128,3.843940,520.299462
128,3.830527,522.121355
128,3.819298,523.656459
