n_threads,Time,GFLOPS
28,3.534248,565.891304
28,3.521291,567.973562
28,3.542018,564.649801
28,3.523022,567.694392
28,3.547257,563.815962
