n_threads,Time,GFLOPS
98,3.401356,588.000829
98,3.357191,595.736086
98,3.368741,593.693585
98,3.365740,594.223034
98,3.352819,596.512987
