n_threads,Time,GFLOPS
94,3.379695,591.769391
94,3.350515,596.923079
94,3.334536,599.783544
94,3.365488,594.267460
94,3.340154,598.774811
