n_threads,Time,GFLOPS
74,2.610147,766.240288
74,3.300734,605.925876
74,3.336622,599.408674
74,3.319311,602.534596
74,3.259924,613.511250
