n_threads,Time,GFLOPS
8,4.367460,457.932038
8,4.348866,459.890046
8,4.343640,460.443328
8,4.339771,460.853805
8,4.336298,461.222919
