n_threads,Time,GFLOPS
38,1.687275,1185.343568
38,1.715234,1166.021871
38,1.727453,1157.773807
38,1.756332,1138.736927
38,1.720575,1162.401863
