n_threads,Time,GFLOPS
106,4.117141,485.773974
106,3.887915,514.414548
106,3.886875,514.552139
106,4.035011,495.661584
106,3.839216,520.939708
