n_threads,Time,GFLOPS
58,2.630109,760.424689
58,3.156259,633.661651
58,3.167794,631.354091
58,3.168579,631.197780
58,3.167014,631.509677
