n_threads,Time,GFLOPS
14,2.687272,744.249180
14,2.692876,742.700459
14,2.676194,747.330011
14,2.713952,736.932712
14,2.678807,746.601006
