n_threads,Time,GFLOPS
46,1.488367,1343.754315
46,1.493397,1339.228487
46,1.479030,1352.237310
46,1.466994,1363.332519
46,1.485928,1345.960470
