n_threads,Time,GFLOPS
14,3.624028,551.872117
14,3.624139,551.855167
14,3.641412,549.237513
14,3.633750,550.395654
14,3.641851,549.171223
