n_threads,Time,GFLOPS
78,1.790766,1116.840761
78,1.780203,1123.467333
78,1.773336,1127.817848
78,1.811240,1104.215637
78,1.786488,1119.514961
