n_threads,Time,GFLOPS
114,1.450313,1379.012875
114,1.529534,1307.587858
114,1.522203,1313.885024
114,1.462484,1367.536168
114,1.430662,1397.953898
