n_threads,Time,GFLOPS
112,3.705670,539.713504
112,3.690098,541.990994
112,3.679574,543.541186
112,3.689929,542.015811
112,3.699374,540.631945
