n_threads,Time,GFLOPS
124,3.770697,530.405941
124,3.797206,526.703024
124,3.760304,531.871913
124,3.771944,530.230495
124,3.774163,529.918876
