n_threads,Time,GFLOPS
118,3.594251,556.444147
118,3.527712,566.939754
118,3.572483,559.834644
118,3.547551,563.769199
118,3.535334,565.717386
