n_threads,Time,GFLOPS
20,2.113209,946.428051
20,2.086158,958.700125
20,2.136340,936.180560
20,2.091459,956.270206
20,2.084850,959.301433
