n_threads,Time,GFLOPS
32,3.451571,579.446281
32,3.468651,576.593104
32,3.477495,575.126677
32,3.442218,581.020706
32,3.461146,577.843349
