n_threads,Time,GFLOPS
52,2.324756,860.305497
52,2.316953,863.202640
52,2.388769,837.251213
52,2.319217,862.360082
52,2.317122,863.139784
