n_threads,Time,GFLOPS
114,1.621182,1233.667612
114,1.643192,1217.143267
114,1.620059,1234.522972
114,1.613070,1239.871567
114,1.607626,1244.070690
