n_threads,Time,GFLOPS
82,1.372278,1457.430392
82,1.365587,1464.572147
82,1.386707,1442.265495
82,1.372249,1457.460919
82,1.365699,1464.451962
