n_threads,Time,GFLOPS
124,1.678345,1191.649868
124,1.661100,1204.021446
124,1.667403,1199.470107
124,1.677069,1192.556499
124,1.670394,1197.322581
