n_threads,Time,GFLOPS
110,3.109345,643.222295
110,3.129858,639.006534
110,3.125976,639.800105
110,3.150016,634.917455
110,3.117675,641.503582
