n_threads,Time,GFLOPS
8,5.458973,366.369257
8,5.454501,366.669681
8,5.455713,366.588183
8,5.459214,366.353134
8,5.470800,365.577260
