n_threads,Time,GFLOPS
114,3.221251,620.876867
114,3.246603,616.028417
114,3.210753,622.906918
114,3.218470,621.413211
114,3.218281,621.449719
