n_threads,Time,GFLOPS
10,4.594749,435.279535
10,4.602124,434.581944
10,4.592300,435.511592
10,4.596081,435.153349
10,4.593033,435.442127
