n_threads,Time,GFLOPS
96,1.479582,1351.733082
96,1.489967,1342.311570
96,1.496419,1336.524234
96,1.489931,1342.344198
96,1.476627,1354.438259
