n_threads,Time,GFLOPS
114,3.176051,629.712738
114,3.178981,629.132510
114,3.153179,634.280509
114,3.174022,630.115368
114,3.153859,634.143778
