n_threads,Time,GFLOPS
32,2.204412,907.271369
32,2.213810,903.420039
32,2.201336,908.539100
32,2.217346,901.979394
32,2.209081,905.354001
