n_threads,Time,GFLOPS
104,1.517068,1318.332048
104,1.526459,1310.221984
104,1.538834,1299.685393
104,1.542367,1296.708220
104,1.529774,1307.382338
