n_threads,Time,GFLOPS
30,1.294406,1545.110060
30,1.289399,1551.110229
30,1.296836,1542.215424
30,1.303185,1534.701474
30,1.296235,1542.930573
