n_threads,Time,GFLOPS
112,1.564308,1278.520755
112,1.559028,1282.850996
112,1.556671,1284.792893
112,1.586386,1260.727020
112,1.590474,1257.486627
