n_threads,Time,GFLOPS
38,2.269067,881.419736
38,2.250186,888.815250
38,2.266285,882.501431
38,2.268012,881.829448
38,2.271087,880.635614
