n_threads,Time,GFLOPS
76,1.196316,1671.799490
76,1.200953,1665.344591
76,1.208740,1654.616125
76,1.208530,1654.903053
76,1.214201,1647.173223
