n_threads,Time,GFLOPS
68,1.181490,1692.777934
68,1.178138,1697.594695
68,1.163658,1718.718676
68,1.165657,1715.770969
68,1.168912,1710.993485
