n_threads,Time,GFLOPS
76,2.558371,781.747574
76,2.551206,783.942999
76,2.558728,781.638398
76,2.545531,785.690568
76,2.580031,775.184613
