n_threads,Time,GFLOPS
128,3.437918,581.747473
128,3.382970,591.196415
128,3.388095,590.302159
128,3.393853,589.300799
128,3.399208,588.372390
