n_threads,Time,GFLOPS
48,2.222776,899.775775
48,2.240281,892.745212
48,2.251424,888.326840
48,2.244370,891.118789
48,2.242628,891.810950
