n_threads,Time,GFLOPS
84,1.340828,1491.616035
84,1.336257,1496.718563
84,1.347936,1483.749434
84,1.359254,1471.395726
84,1.346495,1485.337626
