n_threads,Time,GFLOPS
94,1.366188,1463.927683
94,1.354102,1476.994104
94,1.358745,1471.947010
94,1.381337,1447.872170
94,1.393998,1434.722021
