n_threads,Time,GFLOPS
10,4.663669,428.846909
10,4.657694,429.396996
10,4.656163,429.538232
10,4.671650,428.114277
10,4.665895,428.642264
