n_threads,Time,GFLOPS
40,1.028366,1944.833591
40,1.007680,1984.756191
40,1.005049,1989.952153
40,0.974377,2052.593075
40,0.969974,2061.911012
