n_threads,Time,GFLOPS
116,3.197120,625.563073
116,3.175954,629.731985
116,3.192568,626.454988
116,3.148050,635.314002
116,3.142393,636.457705
