n_threads,Time,GFLOPS
42,0.981885,2036.898792
42,0.991159,2017.840391
42,0.988780,2022.693985
42,0.980414,2039.954363
42,1.015748,1968.991824
