n_threads,Time,GFLOPS
112,1.338348,1494.379815
112,1.371691,1458.054815
112,1.315180,1520.704132
112,1.316091,1519.651622
112,1.314762,1521.187490
