n_threads,Time,GFLOPS
90,1.419705,1408.743346
90,1.433229,1395.450447
90,1.410106,1418.333063
90,1.428702,1399.872489
90,1.414210,1414.217167
