n_threads,Time,GFLOPS
78,1.328892,1505.012786
78,1.293297,1546.435006
78,1.300481,1537.892438
78,1.316901,1518.717085
78,1.298399,1540.358098
