n_threads,Time,GFLOPS
62,1.146114,1745.026642
62,1.152650,1735.131700
62,1.155381,1731.030496
62,1.140733,1753.258899
62,1.164438,1717.566693
