n_threads,Time,GFLOPS
116,3.168058,631.301476
116,3.207043,623.627527
116,3.196268,625.729812
116,3.204668,624.089612
116,3.250321,615.323913
