n_threads,Time,GFLOPS
34,2.253599,887.469318
34,2.258631,885.491965
34,2.241570,892.231934
34,2.255959,886.540827
34,2.252053,888.078624
