n_threads,Time,GFLOPS
112,3.004718,665.619759
112,3.008963,664.680895
112,2.867694,697.424593
112,3.090347,647.176577
112,2.876940,695.183122
