n_threads,Time,GFLOPS
120,1.689038,1184.105810
120,1.673426,1195.152948
120,1.674580,1194.329452
120,1.676259,1193.132741
120,1.682265,1188.873504
