n_threads,Time,GFLOPS
6,3.606293,554.586173
6,3.655729,547.086467
6,3.641920,549.160883
6,3.658167,546.721957
6,3.629960,550.970294
