n_threads,Time,GFLOPS
2,21.811406,91.695145
2,21.605761,92.567904
2,21.840589,91.572622
2,21.426125,93.343992
2,21.458516,93.203089
