n_threads,Time,GFLOPS
56,1.077129,1856.787306
56,1.085726,1842.084592
56,1.086674,1840.477916
56,1.086580,1840.637787
56,1.160870,1722.845430
