n_threads,Time,GFLOPS
64,2.469056,810.026149
64,2.457289,813.905137
64,2.483997,805.154029
64,2.567945,778.832935
64,2.488555,803.679083
