n_threads,Time,GFLOPS
18,2.994779,667.828924
18,3.026909,660.740112
18,3.005141,665.526247
18,3.003650,665.856596
18,3.004479,665.672871
