n_threads,Time,GFLOPS
54,1.165301,1716.295141
54,1.101098,1816.369265
54,1.165048,1716.667163
54,1.092074,1831.377533
54,1.090655,1833.760593
