n_threads,Time,GFLOPS
20,2.615746,764.600126
20,2.617086,764.208742
20,2.618607,763.764883
20,2.608328,766.774786
20,2.605888,767.492650
