n_threads,Time,GFLOPS
86,3.200701,624.863113
86,3.223816,620.382758
86,3.246526,616.043062
86,3.044075,657.013940
86,3.207943,623.452459
