n_threads,Time,GFLOPS
110,3.066797,652.146115
110,3.061578,653.257947
110,3.096198,645.953577
110,3.160615,632.788337
110,3.017503,662.799751
