n_threads,Time,GFLOPS
122,1.740135,1149.336026
122,1.731192,1155.273686
122,1.737868,1150.835672
122,1.750176,1142.742464
122,1.782248,1122.178130
