n_threads,Time,GFLOPS
126,1.389062,1439.820981
126,1.375772,1453.729519
126,1.389426,1439.443221
126,1.405307,1423.176768
126,1.392897,1435.856144
