n_threads,Time,GFLOPS
72,2.536488,788.491863
72,2.518428,794.146141
72,2.512921,795.886402
72,2.559088,781.528560
72,2.529710,790.604583
