n_threads,Time,GFLOPS
72,1.238075,1615.411088
72,1.214592,1646.643108
72,1.200551,1665.901544
72,1.231839,1623.588823
72,1.206142,1658.179183
