n_threads,Time,GFLOPS
2,10.608520,188.527714
2,10.656207,187.684045
2,10.780893,185.513391
2,10.658817,187.638078
2,10.790134,185.354510
