n_threads,Time,GFLOPS
68,2.507144,797.720392
68,2.527690,791.236320
68,2.522218,792.952861
68,2.439357,819.888254
68,2.590709,771.989568
