n_threads,Time,GFLOPS
54,2.379945,840.355447
54,2.479014,806.772239
54,2.504075,798.698074
54,2.492518,802.401491
54,2.428647,823.503913
