n_threads,Time,GFLOPS
102,2.952848,677.312198
102,2.980381,671.055133
102,2.967488,673.970743
102,2.929074,682.809656
102,2.926962,683.302277
