n_threads,Time,GFLOPS
12,1.923508,1039.767045
12,1.899392,1052.968404
12,1.907066,1048.731293
12,1.914062,1044.898319
12,1.913146,1045.398436
