n_threads,Time,GFLOPS
116,2.960667,675.523405
116,2.892230,691.507941
116,2.948332,678.349655
116,2.844292,703.162766
116,3.045831,656.635145
