n_threads,Time,GFLOPS
110,1.637918,1221.062481
110,1.632391,1225.196537
110,1.644586,1216.111559
110,1.619691,1234.803779
110,1.613395,1239.622131
