n_threads,Time,GFLOPS
10,2.114858,945.690057
10,2.116851,944.799808
10,2.118633,944.004856
10,2.123722,941.742717
10,2.108867,948.376492
