n_threads,Time,GFLOPS
58,1.106654,1807.249843
58,1.075562,1859.492980
58,1.091408,1832.494616
58,1.169749,1709.768177
58,1.145819,1745.475985
