n_threads,Time,GFLOPS
88,2.805308,712.934220
88,2.821057,708.954228
88,2.765834,723.109288
88,2.730952,732.345217
88,2.751288,726.932217
