n_threads,Time,GFLOPS
44,2.255207,886.836381
44,2.252354,887.959710
44,2.253546,887.490031
44,2.239719,892.969162
44,2.238917,893.288969
