n_threads,Time,GFLOPS
80,1.251271,1598.375352
80,1.262671,1583.943667
80,1.254342,1594.461855
80,1.252406,1596.925728
80,1.281060,1561.207577
