n_threads,Time,GFLOPS
46,0.981697,2037.289074
46,1.003382,1993.259583
46,0.994437,2011.188060
46,0.980788,2039.177383
46,1.029553,1942.590863
