n_threads,Time,GFLOPS
8,2.846987,702.497025
8,2.824352,708.127119
8,2.780520,719.290041
8,2.872472,696.264313
8,2.766754,722.868831
