n_threads,Time,GFLOPS
2,10.618512,188.350310
2,10.534555,189.851391
2,10.618923,188.343012
2,10.576518,189.098150
2,10.575325,189.119474
