n_threads,Time,GFLOPS
22,2.496248,801.202600
22,2.488713,803.628231
22,2.496263,801.197680
22,2.490776,802.962730
22,2.492859,802.291815
