n_threads,Time,GFLOPS
28,1.247176,1603.623017
28,1.241623,1610.794707
28,1.249024,1601.249874
28,1.245744,1605.466846
28,1.247931,1602.652078
