n_threads,Time,GFLOPS
10,4.360272,458.686978
10,4.354719,459.271855
10,4.354764,459.267120
10,4.356555,459.078319
10,4.355079,459.233874
