n_threads,Time,GFLOPS
44,0.975572,2050.079061
44,1.014630,1971.161894
44,0.970718,2060.330964
44,1.014457,1971.497470
44,0.972892,2055.725628
