n_threads,Time,GFLOPS
118,3.325493,601.414655
118,3.288071,608.259291
118,3.304914,605.159472
118,3.310390,604.158505
118,3.287509,608.363435
