n_threads,Time,GFLOPS
124,1.362124,1468.295466
124,1.362541,1467.845520
124,1.357820,1472.948996
124,1.348442,1483.193335
124,1.354261,1476.820149
