n_threads,Time,GFLOPS
118,1.610932,1241.517002
118,1.612347,1240.428021
118,1.606698,1244.789221
118,1.615204,1238.233313
118,1.606260,1245.128552
