n_threads,Time,GFLOPS
112,3.117317,641.577388
112,3.100035,645.153996
112,3.107715,643.559598
112,3.079833,649.385776
112,3.089841,647.282508
