n_threads,Time,GFLOPS
66,2.625726,761.694040
66,2.550181,784.258092
66,2.543776,786.232893
66,2.587312,773.002939
66,2.564630,779.839511
