n_threads,Time,GFLOPS
20,1.210310,1652.469672
20,1.213243,1648.474411
20,1.215265,1645.731320
20,1.215463,1645.463322
20,1.213205,1648.525830
