n_threads,Time,GFLOPS
118,3.244595,616.409742
118,3.232974,618.625454
118,3.243403,616.636197
118,3.253385,614.744308
118,3.219263,621.260189
