n_threads,Time,GFLOPS
10,2.280214,877.110846
10,2.262820,883.852704
10,2.284778,875.358612
10,2.265376,882.855755
10,2.269639,881.197508
