n_threads,Time,GFLOPS
120,3.180725,628.787446
120,2.908945,687.534583
120,2.861840,698.851081
120,2.955137,676.787462
120,3.008402,664.804815
