n_threads,Time,GFLOPS
26,2.285807,874.964415
26,2.288744,873.841816
26,2.305225,867.594308
26,2.285113,875.230238
26,2.287161,874.446613
