n_threads,Time,GFLOPS
110,1.563687,1279.028073
110,1.569393,1274.378385
110,1.563511,1279.172542
110,1.571533,1272.642352
110,1.562217,1280.231721
