n_threads,Time,GFLOPS
82,1.319778,1515.406684
82,1.329209,1504.653747
82,1.322583,1512.192690
82,1.312917,1523.325051
82,1.323441,1511.211662
