n_threads,Time,GFLOPS
42,2.297401,870.548912
42,2.301283,869.080455
42,2.299252,869.848243
42,2.298096,870.285812
42,2.297350,870.568408
