n_threads,Time,GFLOPS
1,22.620416,88.415702
1,22.269464,89.809077
1,22.477498,88.977876
1,22.162702,90.241703
1,22.548183,88.698941
