n_threads,Time,GFLOPS
36,0.981840,2036.991154
36,0.969372,2063.192029
36,0.979601,2041.646916
36,0.955387,2093.392354
36,0.954647,2095.014971
