n_threads,Time,GFLOPS
108,1.535164,1302.792493
108,1.557914,1283.767914
108,1.538596,1299.886027
108,1.553032,1287.803643
108,1.534389,1303.450478
