n_threads,Time,GFLOPS
60,2.401642,832.763673
60,2.496069,801.259880
60,2.300364,869.427742
60,2.415672,827.926852
60,2.363706,846.129055
