n_threads,Time,GFLOPS
46,2.215372,902.782842
46,2.246597,890.235270
46,2.227292,897.951462
46,2.240107,892.814305
46,2.230827,896.528610
