n_threads,Time,GFLOPS
46,1.001957,1996.094372
46,1.014880,1970.675845
46,0.978019,2044.949054
46,0.971551,2058.563793
46,1.013230,1973.885080
