n_threads,Time,GFLOPS
52,1.027598,1946.286983
52,1.044156,1915.422589
52,1.082769,1847.116857
52,1.037313,1928.057622
52,1.076660,1857.596045
