n_threads,Time,GFLOPS
34,0.945868,2114.459253
34,0.969673,2062.551450
34,0.964056,2074.567626
34,0.945646,2114.956017
34,0.943984,2118.679392
