n_threads,Time,GFLOPS
88,1.430820,1397.799574
88,1.391818,1436.969827
88,1.382820,1446.319552
88,1.383426,1445.686594
88,1.352144,1479.132406
