n_threads,Time,GFLOPS
90,2.811015,711.486676
90,2.857292,699.963453
90,2.822200,708.666990
90,2.859829,699.342444
90,2.845376,702.894877
