n_threads,Time,GFLOPS
70,1.206141,1658.180306
70,1.214296,1647.044342
70,1.189848,1680.886281
70,1.214563,1646.682435
70,1.189510,1681.364272
