n_threads,Time,GFLOPS
108,3.100756,645.003929
108,3.140172,636.907860
108,3.124281,640.147247
108,3.149510,635.019489
108,3.077180,649.945735
