n_threads,Time,GFLOPS
34,2.261939,884.197204
34,2.265291,882.888769
34,2.234974,894.865014
34,2.271412,880.509435
34,2.242184,891.987331
