n_threads,Time,GFLOPS
14,3.612158,553.685681
14,3.609428,554.104365
14,3.625042,551.717690
14,3.616261,553.057405
14,3.622227,552.146473
