n_threads,Time,GFLOPS
92,1.297762,1541.114780
92,1.308843,1528.067255
92,1.342055,1490.251430
92,1.376399,1453.067217
92,1.313186,1523.013816
