n_threads,Time,GFLOPS
38,0.959715,2083.952773
38,0.971091,2059.538343
38,1.022063,1956.826869
38,0.956977,2089.915251
38,0.970051,2061.747039
