n_threads,Time,GFLOPS
38,0.957569,2088.621987
38,0.970074,2061.698441
38,1.006075,1987.922650
38,0.958550,2086.485034
38,0.970636,2060.505385
