n_threads,Time,GFLOPS
8,2.682598,745.545946
8,2.683668,745.248787
8,2.682846,745.476925
8,2.677386,746.997204
8,2.682678,745.523652
