n_threads,Time,GFLOPS
88,2.827381,707.368304
88,2.862608,698.663689
88,2.839203,704.422932
88,2.780428,719.313647
88,2.812594,711.087399
