n_threads,Time,GFLOPS
92,2.870841,696.659995
92,2.937693,680.806375
92,2.865157,698.042104
92,2.924634,683.846302
92,2.344039,853.228003
