n_threads,Time,GFLOPS
86,1.400259,1428.307543
86,1.428383,1400.185004
86,1.388840,1440.050804
86,1.387479,1441.463384
86,1.466422,1363.864239
