n_threads,Time,GFLOPS
12,3.936650,508.046193
12,3.936578,508.055456
12,3.936361,508.083536
12,3.939503,507.678311
12,3.935258,508.225843
