n_threads,Time,GFLOPS
6,7.429683,269.190492
6,7.476474,267.505796
6,7.465983,267.881660
6,7.464444,267.936908
6,7.452433,268.368735
