n_threads,Time,GFLOPS
50,2.295328,871.335263
50,2.266567,882.391738
50,2.263308,883.662497
50,2.262616,883.932735
50,2.261264,884.460901
