n_threads,Time,GFLOPS
94,2.845436,702.880004
94,2.851436,701.400959
94,2.836881,704.999686
94,2.832570,706.072559
94,2.842201,703.679948
