n_threads,Time,GFLOPS
96,2.865659,697.919634
96,2.847006,702.492287
96,2.868379,697.257915
96,2.869766,696.920933
96,2.860028,699.293731
