n_threads,Time,GFLOPS
88,1.397511,1431.115987
88,1.397167,1431.468131
88,1.396369,1432.285917
88,1.407366,1421.094026
88,1.401447,1427.096396
