n_threads,Time,GFLOPS
78,2.495245,801.524407
78,2.555971,782.481397
78,2.561906,780.668757
78,2.488914,803.563376
78,2.573369,777.191382
