n_threads,Time,GFLOPS
48,0.996754,2006.513556
48,0.989420,2021.387162
48,0.999789,2000.422021
48,0.967446,2067.298340
48,0.994603,2010.852569
