n_threads,Time,GFLOPS
12,4.009779,498.780603
12,4.012526,498.439087
12,4.010838,498.648937
12,4.018232,497.731363
12,3.990178,501.230824
