n_threads,Time,GFLOPS
24,2.313508,864.488080
24,2.316682,863.303595
24,2.305581,867.460259
24,2.315556,863.723365
24,2.311834,865.114102
