n_threads,Time,GFLOPS
36,0.970861,2060.026657
36,0.973611,2054.208595
36,0.965981,2070.434048
36,0.967574,2067.025298
36,0.975836,2049.525469
