n_threads,Time,GFLOPS
90,2.879253,694.624528
90,2.853493,700.895333
90,2.886633,692.848754
90,2.818068,709.706006
90,2.869669,696.944389
