n_threads,Time,GFLOPS
2,10.509209,190.309274
2,10.555195,189.480157
2,10.513993,190.222679
2,10.437246,191.621431
2,10.480085,190.838141
