n_threads,Time,GFLOPS
8,5.703639,350.653307
8,5.672790,352.560199
8,5.673776,352.498949
8,5.682004,351.988460
8,5.705272,350.552935
