n_threads,Time,GFLOPS
4,10.800171,185.182261
4,10.787388,185.401700
4,10.774600,185.621738
4,10.790497,185.348280
4,10.806560,185.072776
