n_threads,Time,GFLOPS
82,2.703195,739.865278
82,2.733433,731.680619
82,2.662746,751.104425
82,2.740069,729.908649
82,2.688537,743.898925
