n_threads,Time,GFLOPS
80,2.603839,768.096654
80,2.568782,778.579045
80,2.656511,752.867288
80,2.652221,754.085084
80,2.624649,762.006682
