n_threads,Time,GFLOPS
128,3.327405,601.068917
128,3.300510,605.966883
128,3.321568,602.125315
128,3.307798,604.631847
128,3.348706,597.245692
