n_threads,Time,GFLOPS
110,1.341125,1491.285518
110,1.394958,1433.735164
110,1.364347,1465.902870
110,1.382113,1447.059795
110,1.321129,1513.856785
