n_threads,Time,GFLOPS
94,2.861124,699.026033
94,2.868153,697.312922
94,2.867526,697.465368
94,2.835829,705.261181
94,2.867657,697.433462
