n_threads,Time,GFLOPS
16,3.189005,627.154933
16,3.171656,630.585446
16,3.155248,633.864621
16,3.182545,628.427934
16,3.184963,627.950878
