n_threads,Time,GFLOPS
36,2.224148,899.220935
36,2.231298,896.339111
36,2.254391,887.157674
36,2.251442,888.319407
36,2.217039,902.103967
