n_threads,Time,GFLOPS
124,3.335019,599.696733
124,3.294443,607.082888
124,3.323304,601.810814
124,3.320002,602.409275
124,3.315409,603.243896
