n_threads,Time,GFLOPS
128,1.729894,1156.140497
128,1.738677,1150.299705
128,1.727517,1157.731122
128,1.730168,1155.956783
128,1.721396,1161.847704
