n_threads,Time,GFLOPS
80,1.292763,1547.073808
80,1.290917,1549.285728
80,1.294214,1545.339588
80,1.308304,1528.697135
80,1.287431,1553.481724
