n_threads,Time,GFLOPS
20,1.276221,1567.126343
20,1.278804,1563.961498
20,1.298427,1540.325152
20,1.289282,1551.251304
20,1.319163,1516.112418
