n_threads,Time,GFLOPS
106,3.064878,652.554480
106,3.032249,659.576359
106,3.013166,663.753592
106,3.093766,646.461380
106,3.020630,662.113490
