n_threads,Time,GFLOPS
104,2.948135,678.395021
104,2.926437,683.425024
104,2.804060,713.251590
104,3.076445,650.101096
104,2.936936,680.981898
