n_threads,Time,GFLOPS
52,2.293007,872.217134
52,2.339793,854.776521
52,2.342701,853.715419
52,2.302847,868.490364
52,2.352096,850.305253
