n_threads,Time,GFLOPS
60,1.097875,1821.700794
60,1.103300,1812.743845
60,1.103864,1811.817122
60,1.127977,1773.085642
60,1.115176,1793.438536
