n_threads,Time,GFLOPS
66,1.224028,1633.949064
66,1.215675,1645.177026
66,1.190656,1679.746384
66,1.213973,1647.482519
66,1.169078,1710.750070
