n_threads,Time,GFLOPS
118,3.165271,631.857440
118,2.916772,685.689583
118,3.025574,661.031666
118,2.960226,675.624017
118,2.931499,682.244904
