n_threads,Time,GFLOPS
92,1.383914,1445.176592
92,1.385918,1443.086803
92,1.387695,1441.238555
92,1.386381,1442.605317
92,1.390639,1438.187282
