n_threads,Time,GFLOPS
126,1.735045,1152.707939
126,1.741214,1148.624110
126,1.758217,1137.516198
126,1.728095,1157.343648
126,1.734608,1152.998404
