n_threads,Time,GFLOPS
14,1.715861,1165.595498
14,1.724157,1159.987458
14,1.734148,1153.303950
14,1.720419,1162.507544
14,1.737689,1150.954184
