n_threads,Time,GFLOPS
64,1.097414,1822.466902
64,1.127264,1774.207608
64,1.088366,1837.617616
64,1.146435,1744.538647
64,1.097262,1822.718840
