n_threads,Time,GFLOPS
12,1.937554,1032.229300
12,1.946120,1027.686087
12,1.956122,1022.431164
12,1.949599,1025.852063
12,1.938419,1031.768596
