n_threads,Time,GFLOPS
120,3.300431,605.981410
120,3.284410,608.937398
120,3.318630,602.658243
120,3.308216,604.555364
120,3.358237,595.550660
