n_threads,Time,GFLOPS
62,1.162216,1720.850381
62,1.132339,1766.255244
62,1.177162,1699.001113
62,1.160517,1723.369684
62,1.163954,1718.280889
