n_threads,Time,GFLOPS
14,3.319164,602.561393
14,3.326302,601.268347
14,3.333286,600.008533
14,3.321664,602.107791
14,3.314280,603.449368
