n_threads,Time,GFLOPS
22,1.264015,1582.259449
22,1.257685,1590.223842
22,1.253299,1595.788102
22,1.252547,1596.746330
22,1.251853,1597.631446
