n_threads,Time,GFLOPS
48,0.970544,2060.699800
48,0.990164,2019.867938
48,0.975661,2049.892363
48,0.985106,2030.238008
48,0.986437,2027.498498
