n_threads,Time,GFLOPS
76,2.524071,792.370753
76,2.542907,786.501338
76,2.545983,785.551292
76,2.522891,792.741467
76,2.530456,790.371406
