n_threads,Time,GFLOPS
110,3.152991,634.318405
110,3.159811,632.949340
110,3.139140,637.117204
110,3.147566,635.411518
110,3.195342,625.911118
