n_threads,Time,GFLOPS
80,1.325080,1509.343225
80,1.337092,1495.783155
80,1.240931,1611.692699
80,1.327470,1506.625696
80,1.331065,1502.555730
