n_threads,Time,GFLOPS
94,2.923379,684.139873
94,3.066403,652.229983
94,2.988264,669.284891
94,3.079271,649.504389
94,3.116897,641.663768
