n_threads,Time,GFLOPS
98,1.464219,1365.915838
98,1.499884,1333.436182
98,1.466316,1363.962238
98,1.474302,1356.573992
98,1.484591,1347.172515
