n_threads,Time,GFLOPS
82,1.515946,1319.308268
82,1.525932,1310.674601
82,1.448373,1380.860183
82,1.507204,1326.960810
82,1.480972,1350.464588
