n_threads,Time,GFLOPS
126,1.676061,1193.273691
126,1.706125,1172.246756
126,1.679050,1191.149889
126,1.691730,1182.221530
126,1.702517,1174.731465
