n_threads,Time,GFLOPS
74,1.225165,1632.433426
74,1.228838,1627.553957
74,1.238890,1614.348331
74,1.224611,1633.172253
74,1.219928,1639.440481
