n_threads,Time,GFLOPS
58,2.495828,801.337309
58,2.508124,797.408587
58,2.523631,792.509027
58,2.391743,836.210325
58,2.502886,799.077577
