n_threads,Time,GFLOPS
84,2.647939,755.304275
84,2.664185,750.698734
84,2.688445,743.924505
84,2.745346,728.505627
84,2.724434,734.097496
