n_threads,Time,GFLOPS
40,2.266060,882.589134
40,2.261720,884.282605
40,2.265582,882.775207
40,2.266132,882.561125
40,2.266888,882.266767
