n_threads,Time,GFLOPS
108,1.484064,1347.651039
108,1.488212,1343.894878
108,1.489354,1342.864270
108,1.480913,1350.518561
108,1.487287,1344.730338
