n_threads,Time,GFLOPS
62,2.498571,800.457668
62,2.414475,828.337346
62,2.420444,826.294522
62,2.401380,832.854329
62,2.406258,831.166061
