n_threads,Time,GFLOPS
24,2.213997,903.343490
24,2.215216,902.846412
24,2.214473,903.149572
24,2.211734,904.267914
24,2.208890,905.432332
