n_threads,Time,GFLOPS
62,1.164475,1717.512279
62,1.163932,1718.313958
62,1.117291,1790.043964
62,1.137726,1757.892918
62,1.166339,1714.767516
