n_threads,Time,GFLOPS
118,1.676645,1192.858549
118,1.672176,1196.046056
118,1.670644,1197.143445
118,1.699569,1176.768667
118,1.671795,1196.318678
