n_threads,Time,GFLOPS
26,1.225041,1632.597917
26,1.253289,1595.801617
26,1.247050,1603.784656
26,1.238155,1615.306695
26,1.243631,1608.193973
