n_threads,Time,GFLOPS
50,1.009434,1981.308875
50,1.020836,1959.179081
50,1.039985,1923.105124
50,1.036288,1929.965566
50,1.042631,1918.224621
