n_threads,Time,GFLOPS
84,2.653705,753.663146
84,2.610610,766.104413
84,2.671159,748.738566
84,2.646983,755.577100
84,2.800368,714.191828
