n_threads,Time,GFLOPS
98,2.898917,689.912810
98,2.894055,691.071898
98,2.904406,688.608875
98,2.941874,679.838736
98,2.868074,697.332013
