n_threads,Time,GFLOPS
6,3.524391,567.473882
6,3.575548,559.354742
6,3.545731,564.058520
6,3.529217,566.697920
6,3.529131,566.711796
