n_threads,Time,GFLOPS
28,2.163539,924.411356
28,2.176636,918.848896
28,2.169242,921.981239
28,2.181766,916.688575
28,2.165900,923.403770
