n_threads,Time,GFLOPS
4,5.244904,381.322535
4,5.227448,382.595885
4,5.224694,382.797523
4,5.276143,379.064769
4,5.231760,382.280543
