n_threads,Time,GFLOPS
32,2.217595,901.878136
32,2.235743,894.557329
32,2.211630,904.310530
32,2.223409,899.519569
32,2.213443,903.569494
