n_threads,Time,GFLOPS
30,2.254904,886.955799
30,2.175946,919.140593
30,2.248092,889.643116
30,2.174180,919.886878
30,2.173565,920.147309
