n_threads,Time,GFLOPS
32,0.924341,2163.704748
32,0.928500,2154.011276
32,0.937203,2134.008272
32,0.969554,2062.804735
32,0.922255,2168.598074
