n_threads,Time,GFLOPS
90,1.387703,1441.230089
90,1.397639,1430.984284
90,1.436976,1391.811396
90,1.407435,1421.024670
90,1.395182,1433.505187
