n_threads,Time,GFLOPS
2,21.638866,92.426286
2,21.610306,92.548433
2,21.656615,92.350536
2,21.662356,92.326061
2,21.715726,92.099155
