n_threads,Time,GFLOPS
86,2.810779,711.546599
86,2.778473,719.819725
86,2.800845,714.070243
86,2.742067,729.376657
86,2.898690,689.966735
