n_threads,Time,GFLOPS
46,2.247413,889.912081
46,2.244890,890.912337
46,2.244150,891.206121
46,2.245262,890.764825
46,2.238420,893.487554
