n_threads,Time,GFLOPS
108,1.335040,1498.082680
108,1.301509,1536.678331
108,1.306802,1530.453455
108,1.304833,1532.763683
108,1.306194,1531.166648
