n_threads,Time,GFLOPS
70,2.524444,792.253788
70,2.531242,790.125817
70,2.351827,850.402618
70,2.514366,795.429215
70,2.535604,788.766605
