n_threads,Time,GFLOPS
122,3.241479,617.002367
122,3.249346,615.508438
122,3.221260,620.875101
122,3.248299,615.706794
122,3.241015,617.090623
