n_threads,Time,GFLOPS
126,3.397597,588.651285
126,3.350012,597.012720
126,3.335445,599.620160
126,3.370189,593.438510
126,3.316953,602.963022
