n_threads,Time,GFLOPS
100,1.414878,1413.548970
100,1.400487,1428.074409
100,1.416700,1411.731985
100,1.393947,1434.774862
100,1.403268,1425.244276
