n_threads,Time,GFLOPS
74,2.531660,789.995624
74,2.544141,786.119860
74,2.528233,791.066189
74,2.527450,791.311418
74,2.533559,789.403210
