n_threads,Time,GFLOPS
36,2.252580,887.870915
36,2.280278,877.085960
36,2.279879,877.239617
36,2.275561,878.904311
36,2.274706,879.234390
