n_threads,Time,GFLOPS
30,2.223959,899.297025
30,2.227961,897.681808
30,2.228827,897.333184
30,2.232654,895.794964
30,2.227736,897.772619
