n_threads,Time,GFLOPS
58,2.451944,815.679242
58,2.384654,838.696259
58,2.361494,846.921452
58,2.432329,822.257110
58,2.420879,826.146365
