n_threads,Time,GFLOPS
74,2.619533,763.494898
74,2.516416,794.781246
74,2.565105,779.695237
74,2.544347,786.056335
74,2.542749,786.550198
