n_threads,Time,GFLOPS
16,2.924699,683.831033
16,2.919675,685.007797
16,2.898678,689.969585
16,2.912192,686.767818
16,2.909261,687.459760
