n_threads,Time,GFLOPS
28,2.222591,899.850588
28,2.222662,899.821984
28,2.233508,895.452381
28,2.235624,894.604941
28,2.222665,899.820741
