n_threads,Time,GFLOPS
16,1.490474,1341.854814
16,1.488073,1344.020264
16,1.501887,1331.658528
16,1.507831,1326.408904
16,1.497850,1335.247391
