n_threads,Time,GFLOPS
106,1.559111,1282.782214
106,1.585756,1261.228119
106,1.576794,1268.396886
106,1.581211,1264.853440
106,1.583168,1263.289948
