n_threads,Time,GFLOPS
38,2.248275,889.570997
38,2.244938,890.893131
38,2.250778,888.581613
38,2.243085,891.628976
38,2.249964,888.903286
