n_threads,Time,GFLOPS
34,0.964992,2072.556899
34,0.963590,2075.570596
34,0.971315,2059.064873
34,0.966420,2069.494064
34,0.978640,2043.651415
