n_threads,Time,GFLOPS
72,1.274893,1568.758582
72,1.261854,1584.969779
72,1.250130,1599.833936
72,1.281633,1560.508881
72,1.255960,1592.406826
