n_threads,Time,GFLOPS
78,2.490510,803.048313
78,2.523955,792.407143
78,2.580579,775.019732
78,2.554712,782.867178
78,2.575741,776.475439
