n_threads,Time,GFLOPS
24,1.235672,1618.552805
24,1.229386,1626.828160
24,1.233655,1621.199215
24,1.235678,1618.544014
24,1.230106,1625.876140
