n_threads,Time,GFLOPS
128,1.676334,1193.079542
128,1.670343,1197.358603
128,1.671924,1196.226283
128,1.691347,1182.489776
128,1.669638,1197.864147
