n_threads,Time,GFLOPS
34,0.976747,2047.612249
34,0.997472,2005.068094
34,0.990146,2019.904044
34,0.961473,2080.142507
34,0.973554,2054.329697
