n_threads,Time,GFLOPS
16,1.538237,1300.189827
16,1.518508,1317.082411
16,1.511985,1322.764440
16,1.542878,1296.278505
16,1.516831,1318.538533
