n_threads,Time,GFLOPS
60,2.474953,808.096295
60,2.458724,813.430142
60,2.462060,812.328022
60,2.352354,850.212076
60,2.356012,848.892217
