n_threads,Time,GFLOPS
24,1.227882,1628.821373
24,1.229490,1626.690923
24,1.234766,1619.740018
24,1.235837,1618.336043
24,1.239109,1614.063580
