n_threads,Time,GFLOPS
120,1.621647,1233.314338
120,1.637507,1221.368600
120,1.628171,1228.372031
120,1.624377,1231.241029
120,1.614298,1238.928910
