n_threads,Time,GFLOPS
52,1.030847,1940.151753
52,1.066798,1874.768846
52,1.070781,1867.795637
52,1.069605,1869.849587
52,1.071533,1866.484503
