n_threads,Time,GFLOPS
54,1.155259,1731.214176
54,1.151744,1736.497203
54,1.152068,1736.008741
54,1.153520,1733.823190
54,1.136298,1760.100949
