n_threads,Time,GFLOPS
8,5.602462,356.985883
8,5.595089,357.456335
8,5.594703,357.480966
8,5.595200,357.449262
8,5.609070,356.565371
