n_threads,Time,GFLOPS
122,1.678520,1191.525645
122,1.677716,1192.096701
122,1.672790,1195.607422
122,1.682830,1188.474491
122,1.663203,1202.499376
