n_threads,Time,GFLOPS
32,2.161876,925.122493
32,2.188412,913.904738
32,2.186600,914.661947
32,2.175189,919.460355
32,2.159939,925.951975
