n_threads,Time,GFLOPS
72,1.200695,1665.702426
72,1.202223,1663.584991
72,1.200003,1666.662653
72,1.197899,1669.590401
72,1.196760,1671.178957
