n_threads,Time,GFLOPS
56,2.479132,806.733884
56,2.484407,805.021069
56,2.356980,848.543508
56,2.358677,847.932907
56,2.482441,805.658501
