n_threads,Time,GFLOPS
18,1.398551,1430.051855
18,1.394676,1434.024628
18,1.406390,1422.080848
18,1.388657,1440.240427
18,1.396590,1432.059525
