n_threads,Time,GFLOPS
74,1.288214,1552.537235
74,1.294821,1544.615468
74,1.288517,1552.171740
74,1.301599,1536.571416
74,1.293732,1545.914755
