n_threads,Time,GFLOPS
76,1.263889,1582.417214
76,1.270460,1574.233312
76,1.277678,1565.339908
76,1.287139,1553.833526
76,1.279548,1563.052030
