n_threads,Time,GFLOPS
4,5.354461,373.520317
4,5.331506,375.128502
4,5.322816,375.740981
4,5.365868,372.726286
4,5.381972,371.610976
