n_threads,Time,GFLOPS
120,3.214909,622.101643
120,3.227773,619.622308
120,3.212462,622.575545
120,3.237012,617.853837
120,3.260276,613.445061
