n_threads,Time,GFLOPS
8,2.789304,717.024754
8,2.742732,729.199917
8,2.745986,728.335703
8,2.763332,723.763807
8,2.749118,727.505982
