n_threads,Time,GFLOPS
14,1.595713,1253.358116
14,1.589175,1258.514810
14,1.616886,1236.945438
14,1.591921,1256.343553
14,1.597863,1251.672098
