n_threads,Time,GFLOPS
54,2.336620,855.937306
54,2.349297,851.318362
54,2.353441,849.819384
54,2.370458,843.718979
54,2.347649,851.916072
