n_threads,Time,GFLOPS
4,10.632613,188.100514
4,10.647575,187.836193
4,10.837533,184.543841
4,10.635793,188.044279
4,10.638571,187.995176
