n_threads,Time,GFLOPS
80,2.939591,680.366830
80,2.971398,673.083882
80,2.982863,670.496762
80,2.971212,673.126037
80,2.934555,681.534380
