n_threads,Time,GFLOPS
76,1.292278,1547.654168
76,1.305850,1531.569317
76,1.333158,1500.196804
76,1.301181,1537.065415
76,1.278365,1564.498074
