n_threads,Time,GFLOPS
58,1.117202,1790.185972
58,1.075765,1859.142894
58,1.063324,1880.894802
58,1.192191,1677.583760
58,1.142219,1750.978151
