n_threads,Time,GFLOPS
58,1.103962,1811.656756
58,1.054969,1895.790028
58,1.124097,1779.205282
58,1.070603,1868.106304
58,1.114403,1794.682812
