n_threads,Time,GFLOPS
102,1.537455,1300.851047
102,1.541483,1297.451800
102,1.558923,1282.937114
102,1.545638,1293.963720
102,1.547542,1292.372266
