n_threads,Time,GFLOPS
96,1.428777,1399.798654
96,1.434019,1394.682147
96,1.434021,1394.679351
96,1.443541,1385.481741
96,1.441894,1387.064507
