n_threads,Time,GFLOPS
102,1.469428,1361.073926
102,1.474200,1356.668422
102,1.491533,1340.901968
102,1.473006,1357.768150
102,1.476031,1354.985311
