n_threads,Time,GFLOPS
56,2.516485,794.759415
56,2.444768,818.073638
56,2.459446,813.191186
56,2.432695,822.133401
56,2.491563,802.709079
