n_threads,Time,GFLOPS
104,2.969421,673.532070
104,3.018762,662.523183
104,3.021321,661.962032
104,3.009851,664.484708
104,2.982053,670.678805
