n_threads,Time,GFLOPS
70,2.754475,726.091233
70,3.003990,665.781130
70,2.783799,718.442568
70,2.953349,677.197384
70,3.023829,661.413004
