n_threads,Time,GFLOPS
6,7.261804,275.413660
6,7.214068,277.236084
6,7.204884,277.589466
6,7.243714,276.101450
6,7.220790,276.978015
