n_threads,Time,GFLOPS
106,1.402151,1426.379612
106,1.327688,1506.378480
106,1.338713,1493.972167
106,1.321733,1513.165348
106,1.326081,1508.203638
