n_threads,Time,GFLOPS
52,1.081865,1848.658698
52,1.056423,1893.181171
52,1.072391,1864.992031
52,1.053605,1898.245056
52,1.054342,1896.917256
