n_threads,Time,GFLOPS
42,1.028968,1943.694254
42,1.042031,1919.328447
42,0.968388,2065.287430
42,1.019417,1961.904825
42,0.966589,2069.131453
