n_threads,Time,GFLOPS
22,1.252704,1596.546622
22,1.253445,1595.602708
22,1.254255,1594.571910
22,1.253179,1595.940988
22,1.253085,1596.060589
