n_threads,Time,GFLOPS
78,1.248204,1602.302153
78,1.259319,1588.160520
78,1.255192,1593.381638
78,1.249842,1600.202659
78,1.261718,1585.139786
