n_threads,Time,GFLOPS
50,1.003660,1992.707116
50,0.984510,2031.468425
50,1.022105,1956.746676
50,1.010211,1979.784615
50,1.038117,1926.565500
