n_threads,Time,GFLOPS
44,1.004950,1990.149459
44,0.978900,2043.110429
44,0.976252,2048.650678
44,0.972596,2056.351369
44,1.008229,1983.675552
