n_threads,Time,GFLOPS
54,1.126754,1775.010040
54,1.123023,1780.907097
54,1.131606,1767.399984
54,1.160963,1722.707622
54,1.094035,1828.095552
