n_threads,Time,GFLOPS
100,2.943403,679.485559
100,2.957692,676.202838
100,2.965881,674.335996
100,2.936992,680.968770
100,2.975783,672.091974
