n_threads,Time,GFLOPS
102,2.991563,668.546866
102,2.984536,670.120880
102,3.000940,666.457821
102,2.984195,670.197428
102,2.958412,676.038340
