n_threads,Time,GFLOPS
6,7.249642,275.875675
6,7.428475,269.234260
6,7.271167,275.059007
6,7.252274,275.775560
6,7.265373,275.278355
