n_threads,Time,GFLOPS
16,3.166272,631.657755
16,3.132583,638.450722
16,3.128234,639.338264
16,3.148453,635.232668
16,3.143618,636.209671
