n_threads,Time,GFLOPS
40,2.252706,887.821041
40,2.259309,885.226521
40,2.260359,884.815099
40,2.248244,889.582993
40,2.255344,886.782589
