n_threads,Time,GFLOPS
106,3.131958,638.578195
106,3.049801,655.780414
106,3.059882,653.619922
106,3.035337,658.905439
106,3.103950,644.340294
