n_threads,Time,GFLOPS
50,1.042814,1917.887683
50,1.041681,1919.972862
50,1.034330,1933.618021
50,1.048994,1906.587877
50,1.017821,1964.981742
