n_threads,Time,GFLOPS
14,3.573203,559.721952
14,3.580807,558.533391
14,3.587696,557.460760
14,3.581514,558.423075
14,3.579955,558.666191
