n_threads,Time,GFLOPS
56,2.379950,840.353808
56,2.333121,857.220876
56,2.347673,851.907238
56,2.345702,852.623304
56,2.357296,848.429600
