n_threads,Time,GFLOPS
116,1.613646,1239.428981
116,1.612700,1240.155991
116,1.590080,1257.798273
116,1.600183,1249.857376
116,1.635043,1223.209398
