n_threads,Time,GFLOPS
106,1.495346,1337.482721
106,1.544459,1294.951724
106,1.528095,1308.819304
106,1.521595,1314.410355
106,1.518993,1316.661571
