n_threads,Time,GFLOPS
98,1.417819,1410.617557
98,1.322436,1512.360649
98,1.358429,1472.289321
98,1.351612,1479.714443
98,1.318173,1517.251091
