n_threads,Time,GFLOPS
124,1.731351,1155.167309
124,1.736278,1151.889073
124,1.739754,1149.587518
124,1.729773,1156.220920
124,1.742571,1147.729495
