n_threads,Time,GFLOPS
46,0.969365,2063.205649
46,0.992456,2015.202478
46,1.028605,1944.380710
46,0.987037,2026.266279
46,1.006578,1986.929799
