n_threads,Time,GFLOPS
28,1.251031,1598.680987
28,1.254086,1594.786747
28,1.250899,1598.850411
28,1.268516,1576.645664
28,1.261455,1585.471049
