n_threads,Time,GFLOPS
1,45.212199,44.235848
1,45.009333,44.435229
1,45.014743,44.429888
1,45.332634,44.118327
1,45.562583,43.895667
