n_threads,Time,GFLOPS
94,1.411784,1416.646977
94,1.422799,1405.679785
94,1.415000,1413.427317
94,1.451801,1377.599667
94,1.432269,1396.385571
