n_threads,Time,GFLOPS
122,1.366248,1463.863040
122,1.369527,1460.358052
122,1.385690,1443.323952
122,1.465285,1364.922387
122,1.369187,1460.721078
