n_threads,Time,GFLOPS
86,1.359693,1470.920569
86,1.343842,1488.270471
86,1.342824,1489.398218
86,1.354433,1476.632313
86,1.353547,1477.599482
