n_threads,Time,GFLOPS
22,2.379895,840.373038
22,2.384896,838.610886
22,2.386241,838.138228
22,2.391251,836.382363
22,2.385402,838.433200
