n_threads,Time,GFLOPS
90,3.096918,645.803342
90,3.086638,647.954114
90,2.863444,698.459662
90,3.100044,645.152035
90,2.900104,689.630550
