n_threads,Time,GFLOPS
66,1.284952,1556.478751
66,1.232285,1623.001090
66,1.277095,1566.054091
66,1.278180,1564.724768
66,1.224719,1633.027815
