n_threads,Time,GFLOPS
24,1.245500,1605.780815
24,1.245681,1605.548055
24,1.247934,1602.649081
24,1.244480,1607.096312
24,1.239102,1614.072491
