n_threads,Time,GFLOPS
64,2.496962,800.973407
64,2.386795,837.943723
64,2.452278,815.568305
64,2.455448,814.515165
64,2.471926,809.085830
