n_threads,Time,GFLOPS
94,1.480309,1351.068951
94,1.467163,1363.175177
94,1.484326,1347.413103
94,1.463943,1366.173838
94,1.478499,1352.722970
