n_threads,Time,GFLOPS
12,1.799520,1111.407488
12,1.799696,1111.298785
12,1.793989,1114.834289
12,1.809400,1105.338842
12,1.786586,1119.453318
