n_threads,Time,GFLOPS
48,2.244123,891.216737
48,2.227884,897.712960
48,2.224099,899.240485
48,2.214639,903.081817
48,2.255283,886.806611
