n_threads,Time,GFLOPS
92,2.917682,685.475580
92,2.914441,686.237948
92,2.885749,693.061048
92,2.613638,765.217031
92,2.912489,686.697984
