n_threads,Time,GFLOPS
70,2.498213,800.572403
70,2.514069,795.523141
70,2.501652,799.471796
70,2.510440,796.673247
70,2.513849,795.592742
