n_threads,Time,GFLOPS
86,2.745634,728.429124
86,2.665598,750.300676
86,2.705547,739.222161
86,2.774281,720.907387
86,2.670537,748.913077
