Size,Time,GFLOPS
17000,22.931711,428.489605
17000,22.855037,429.927108
17000,22.956982,428.017935
17000,22.998927,427.237332
17000,23.021550,426.817475
