Size,Time,GFLOPS
5000,0.529532,472.115197
5000,0.528375,473.148844
5000,0.528866,472.709400
5000,0.528761,472.803397
5000,0.527236,474.170927
