Size,Time,GFLOPS
2000,0.038303,417.726561
2000,0.038705,413.383594
2000,0.038626,414.231986
2000,0.038521,415.354018
2000,0.038718,413.247528
