Size,Time,GFLOPS
3000,0.060110,898.350299
3000,0.059943,900.860427
3000,0.060084,898.739982
3000,0.060196,897.072672
3000,0.059750,903.768534
