Size,Time,GFLOPS
6000,0.919332,469.906540
6000,0.920556,469.281551
6000,0.919133,470.008214
6000,0.928172,465.431222
6000,0.922955,468.061723
