Size,Time,GFLOPS
7000,1.547911,443.177833
7000,1.524807,449.892868
7000,1.499404,457.515114
7000,1.504217,456.051135
7000,1.511991,453.706482
