Size,Time,GFLOPS
17000,9.977613,984.804673
17000,10.163686,966.775208
17000,10.063040,976.444486
17000,10.113907,971.533536
17000,10.073023,975.476780
