Size,Time,GFLOPS
18000,27.373289,426.108821
18000,27.388600,425.870611
18000,27.414837,425.463051
18000,27.423600,425.327096
18000,27.350458,426.464518
