Size,Time,GFLOPS
8000,2.315607,442.216744
8000,2.374086,431.323820
8000,2.320352,441.312405
8000,2.330037,439.478034
8000,2.367685,432.490039
