Size,Time,GFLOPS
5000,0.256273,975.522776
5000,0.256265,975.551573
5000,0.256291,975.452671
5000,0.256050,976.370308
5000,0.256224,975.708431
