Size,Time,GFLOPS
12000,3.564405,969.586925
12000,3.557589,971.444346
12000,3.556018,971.873543
12000,3.553254,972.629654
12000,3.540689,976.081332
