Size,Time,GFLOPS
14000,13.305100,412.473417
14000,13.342287,411.323788
14000,13.347612,411.159675
14000,13.379549,410.178243
14000,13.289983,412.942575
