Size,Time,GFLOPS
19000,14.281522,960.541858
19000,14.415654,951.604401
19000,14.206656,965.603758
19000,14.331238,957.209684
19000,14.343596,956.384998
