Size,Time,GFLOPS
2000,0.020873,766.530738
2000,0.020812,768.783323
2000,0.021748,735.691310
2000,0.021388,748.083982
2000,0.020860,767.028659
