Size,Time,GFLOPS
11000,2.807486,948.179219
11000,2.778279,958.147281
11000,2.811751,946.741119
11000,2.779844,957.607561
11000,2.767916,961.734266
