Size,Time,GFLOPS
17000,10.218189,961.618503
17000,10.139360,969.094664
17000,10.216161,961.809463
17000,10.152739,967.817623
17000,10.129352,970.052224
