Size,Time,GFLOPS
6000,0.440601,980.479938
6000,0.438089,986.101833
6000,0.437607,987.186240
6000,0.438060,986.165896
6000,0.437988,986.327771
