Size,Time,GFLOPS
9000,3.409708,427.602598
9000,3.432478,424.765963
9000,3.423063,425.934290
9000,3.433220,424.674232
9000,3.380529,431.293407
