Size,Time,GFLOPS
4000,0.134825,949.381211
4000,0.135750,942.908795
4000,0.134777,949.713579
4000,0.134599,950.973130
4000,0.134612,950.883120
