Size,Time,GFLOPS
13000,4.624907,950.073248
13000,4.596554,955.933611
13000,4.633076,948.397951
13000,4.593192,956.633197
13000,4.616580,951.786822
