Size,Time,GFLOPS
13000,4.601582,954.889076
13000,4.597514,955.733973
13000,4.599396,955.342899
13000,4.591668,956.950629
13000,4.587434,957.833956
