Size,Time,GFLOPS
16000,19.423921,421.748001
16000,19.407458,422.105778
16000,19.586943,418.237792
16000,19.442783,421.338859
16000,19.434897,421.509826
