Size,Time,GFLOPS
19000,32.550267,421.440473
19000,32.544898,421.510004
19000,32.739583,419.003504
19000,32.607049,420.706584
19000,32.847160,417.631234
