Size,Time,GFLOPS
14000,5.710356,961.060990
14000,5.716926,959.956522
14000,5.753832,953.799217
14000,5.704656,962.021216
14000,5.704325,962.076998
