Size,Time,GFLOPS
8000,1.044439,980.430763
8000,1.035434,988.957704
8000,1.034795,989.567736
8000,1.042352,982.393927
8000,1.035217,989.164631
