Size,Time,GFLOPS
3000,0.118041,457.469125
3000,0.117832,458.279448
3000,0.117806,458.379078
3000,0.118449,455.894211
3000,0.117644,459.010483
