Size,Time,GFLOPS
15000,6.968920,968.586242
15000,6.945007,971.921207
15000,6.931807,973.772036
15000,6.948997,971.363222
15000,6.938799,972.790866
