Size,Time,GFLOPS
18000,11.963828,974.938820
18000,11.950093,976.059333
18000,11.966135,974.750791
18000,12.011398,971.077611
18000,12.093465,964.487872
