Size,Time,GFLOPS
11000,2.769494,961.186358
11000,2.799157,951.000657
11000,2.789351,954.343731
11000,2.781001,957.209349
11000,2.782225,956.788039
