Size,Time,GFLOPS
18000,12.054707,967.588882
18000,11.992124,972.638405
18000,12.085451,965.127404
18000,11.987631,973.002914
18000,12.033219,969.316656
