Size,Time,GFLOPS
12000,8.522916,405.495043
12000,8.493671,406.891185
12000,8.507098,406.248995
12000,8.469625,408.046400
12000,8.419209,410.489860
