Size,Time,GFLOPS
15000,16.490042,409.337950
15000,16.414734,411.215935
15000,16.368442,412.378903
15000,16.372740,412.270637
15000,16.493633,409.248828
