Size,Time,GFLOPS
4000,0.272978,468.901653
4000,0.272399,469.899316
4000,0.273239,468.454665
4000,0.272109,470.398950
4000,0.272734,469.321218
