Size,Time,GFLOPS
19000,14.048634,976.465028
19000,14.458662,948.773806
19000,14.170773,968.048825
19000,14.089508,973.632267
19000,14.263253,961.772205
