Size,Time,GFLOPS
6000,0.927080,465.979209
6000,0.924935,467.059639
6000,0.917811,470.685155
6000,0.914969,472.147279
6000,0.909331,475.074711
