Size,Time,GFLOPS
5000,0.532942,469.094085
5000,0.535774,466.614888
5000,0.525801,475.464953
5000,0.526462,474.868096
5000,0.524043,477.059868
