Size,Time,GFLOPS
11000,6.486056,410.418923
11000,6.531545,407.560534
11000,6.466389,411.667190
11000,6.569224,405.222902
11000,6.513302,408.702091
