Size,Time,GFLOPS
18000,27.279703,427.570636
18000,27.324265,426.873327
18000,27.404750,425.619650
18000,27.350700,426.460743
18000,27.279554,427.572969
