Size,Time,GFLOPS
7000,0.688847,995.867429
7000,0.688011,997.076956
7000,0.695457,986.402184
7000,0.688702,996.077071
7000,0.688008,997.081135
