Size,Time,GFLOPS
4000,0.273418,468.148524
4000,0.273026,468.820388
4000,0.272665,469.440588
4000,0.272639,469.485963
4000,0.273117,468.663685
