Size,Time,GFLOPS
2000,0.038261,418.185224
2000,0.039111,409.093096
2000,0.038446,416.169355
2000,0.038399,416.672689
2000,0.038793,412.440356
