Size,Time,GFLOPS
9000,1.467413,993.585399
9000,1.469664,992.063230
9000,1.469492,992.179483
9000,1.474974,988.492168
9000,1.466779,994.014636
