Size,Time,GFLOPS
11000,6.485316,410.465753
11000,6.488363,410.272958
11000,6.477891,410.936210
11000,6.494994,409.854081
11000,6.483741,410.565460
