Size,Time,GFLOPS
16000,8.472634,966.877589
16000,8.462933,967.985959
16000,8.430931,971.660219
16000,8.477325,966.342551
16000,8.424815,972.365569
