Size,Time,GFLOPS
12000,3.592105,962.109875
12000,3.555525,972.008297
12000,3.523871,980.739737
12000,3.614343,956.190360
12000,3.619869,954.730699
