Size,Time,GFLOPS
3000,0.118405,456.060119
3000,0.117721,458.709794
3000,0.118197,456.865137
3000,0.118043,457.461386
3000,0.117792,458.433748
