Size,Time,GFLOPS
3000,0.059582,906.317471
3000,0.059459,908.188683
3000,0.060092,898.617462
3000,0.059575,906.414377
3000,0.059842,902.370859
