Size,Time,GFLOPS
10000,2.048477,976.334906
10000,2.050372,975.432807
10000,2.014520,992.792190
10000,2.047348,976.873534
10000,2.041440,979.700716
