Size,Time,GFLOPS
20000,16.458542,972.139587
20000,16.343967,978.954518
20000,16.333443,979.585279
20000,16.235800,985.476544
20000,16.362091,977.870133
