Size,Time,GFLOPS
10000,4.699291,425.596127
10000,4.732082,422.646952
10000,4.701448,425.400823
10000,4.712661,424.388728
10000,4.761505,420.035233
