Size,Time,GFLOPS
10000,4.691208,426.329445
10000,4.662128,428.988613
10000,4.655671,429.583593
10000,4.670498,428.219861
10000,4.670262,428.241531
