Size,Time,GFLOPS
6000,0.435729,991.443007
6000,0.438956,984.153711
6000,0.435436,992.108596
6000,0.435564,991.818296
6000,0.436000,990.824795
