Size,Time,GFLOPS
13000,10.640986,412.931666
13000,10.719921,409.891062
13000,10.672924,411.696002
13000,10.831109,405.683307
13000,10.650057,412.579941
