Size,Time,GFLOPS
20000,37.976850,421.309294
20000,38.094413,420.009097
20000,38.031731,420.701333
20000,37.917773,421.965706
20000,38.077754,420.192856
