Size,Time,GFLOPS
19000,32.599499,420.804013
19000,32.409080,423.276442
19000,32.721624,419.233476
19000,32.697740,419.539698
19000,32.532779,421.667016
