Size,Time,GFLOPS
12000,8.456622,408.673838
12000,8.449670,409.010036
12000,8.461222,408.451648
12000,8.458935,408.562071
12000,8.435769,409.684038
