Size,Time,GFLOPS
8000,1.038461,986.074420
8000,1.038619,985.924625
8000,1.038386,986.145856
8000,1.039599,984.994969
8000,1.047048,977.987659
