Size,Time,GFLOPS
14000,13.409234,409.270218
14000,13.380665,410.144038
14000,13.369164,410.496876
14000,13.388506,409.903848
14000,13.367115,410.559809
