Size,Time,GFLOPS
7000,1.527168,449.197436
7000,1.546047,443.712325
7000,1.545161,443.966793
7000,1.508203,454.845931
7000,1.541340,445.067327
