Size,Time,GFLOPS
10000,2.052647,974.351555
10000,2.047249,976.920953
10000,2.037463,981.612789
10000,2.041486,979.678360
10000,2.046874,977.099499
