Size,Time,GFLOPS
15000,7.012840,962.520117
15000,7.063815,955.574297
15000,7.010912,962.784856
15000,7.022009,961.263332
15000,7.026400,960.662602
