Size,Time,GFLOPS
9000,1.474339,988.917555
9000,1.475153,988.372074
9000,1.476488,987.478396
9000,1.486009,981.151607
9000,1.472696,990.021070
