Size,Time,GFLOPS
19000,16.652810,823.764884
19000,16.644430,824.179640
19000,16.648703,823.968068
19000,16.652258,823.792201
19000,16.651949,823.807478
