Size,Time,GFLOPS
5000,0.314447,795.045880
5000,0.314519,794.863607
5000,0.315306,792.879425
5000,0.314877,793.960827
5000,0.315023,793.592831
