Size,Time,GFLOPS
7000,0.846052,810.825209
7000,0.846530,810.367411
7000,0.845967,810.906077
7000,0.846522,810.374217
7000,0.846012,810.863577
