Size,Time,GFLOPS
20000,9.853868,1623.727869
20000,9.853903,1623.722105
20000,9.866799,1621.599873
20000,9.846643,1624.919282
20000,9.852278,1623.989910
