Size,Time,GFLOPS
3000,0.039989,1350.357946
3000,0.039611,1363.247769
3000,0.039960,1351.366197
3000,0.040358,1338.026503
3000,0.039994,1350.189094
