Size,Time,GFLOPS
9000,1.764186,826.443349
9000,1.764578,826.259647
9000,1.764741,826.183684
9000,1.764596,826.251230
9000,1.765412,825.869320
