Size,Time,GFLOPS
6000,0.530535,814.272757
6000,0.530543,814.259547
6000,0.530810,813.851269
6000,0.530640,814.111497
6000,0.530555,814.241201
