Size,Time,GFLOPS
3000,0.075783,712.559388
3000,0.075951,710.980707
3000,0.076008,710.453429
3000,0.076311,707.627455
3000,0.076467,706.188719
