Size,Time,GFLOPS
9000,0.901684,1616.974689
9000,0.901497,1617.309519
9000,0.902244,1615.970626
9000,0.901510,1617.285953
9000,0.901729,1616.892905
