Size,Time,GFLOPS
20000,9.892805,1617.336973
20000,9.891113,1617.613658
20000,9.895358,1616.919776
20000,9.891270,1617.587966
20000,9.886387,1618.386923
