Size,Time,GFLOPS
20000,19.337363,827.413766
20000,19.335279,827.502943
20000,19.403128,824.609298
20000,19.408148,824.396012
20000,19.343851,827.136237
