Size,Time,GFLOPS
13000,5.317626,826.308655
13000,5.320087,825.926275
13000,5.319276,826.052216
13000,5.319652,825.993853
13000,5.322088,825.615849
