Size,Time,GFLOPS
14000,6.655692,824.557357
14000,6.651685,825.054123
14000,6.649712,825.298945
14000,6.646467,825.701840
14000,6.657600,824.321138
