Size,Time,GFLOPS
18000,7.153229,1630.592186
18000,7.158344,1629.427184
18000,7.153490,1630.532798
18000,7.158945,1629.290345
18000,7.153021,1630.639778
