Size,Time,GFLOPS
4000,0.086470,1480.285877
4000,0.085991,1488.532214
4000,0.086578,1478.429363
4000,0.086288,1483.401198
4000,0.086259,1483.902750
