Size,Time,GFLOPS
18000,14.063464,829.383166
18000,14.089080,827.875190
18000,14.094894,827.533735
18000,14.091341,827.742361
18000,14.064475,829.323555
