Size,Time,GFLOPS
12000,4.187144,825.383579
12000,4.190136,824.794189
12000,4.186631,825.484788
12000,4.191048,824.614747
12000,4.189402,824.938808
