Size,Time,GFLOPS
2000,0.152372,105.006006
2000,0.016353,978.386584
2000,0.016823,951.085947
2000,0.015712,1018.355411
2000,0.016237,985.397639
