Size,Time,GFLOPS
4000,0.163102,784.784895
4000,0.163720,781.822882
4000,0.163573,782.522913
4000,0.163757,781.643956
4000,0.162899,785.762080
