Size,Time,GFLOPS
10000,1.245186,1606.185402
10000,1.243286,1608.639828
10000,1.245954,1605.195097
10000,1.243988,1607.733142
10000,1.242584,1609.549374
