Size,Time,GFLOPS
12000,2.142911,1612.759487
12000,2.143813,1612.080733
12000,2.144321,1611.699034
12000,2.143636,1612.213794
12000,2.143649,1612.204110
