Size,Time,GFLOPS
6000,0.276954,1559.824671
6000,0.277237,1558.234474
6000,0.277024,1559.430593
6000,0.277377,1557.449741
6000,0.276986,1559.644161
