Size,Time,GFLOPS
8000,1.246104,821.761080
8000,1.247410,820.900938
8000,1.246535,821.477179
8000,1.246405,821.563102
8000,1.246950,821.203499
