Size,Time,GFLOPS
4000,0.163746,781.698838
4000,0.163499,782.880148
4000,0.163284,783.911697
4000,0.163299,783.838629
4000,0.164002,780.476640
