Size,Time,GFLOPS
10000,2.437513,820.508521
10000,2.437931,820.367679
10000,2.439233,819.929733
10000,2.440464,819.516288
10000,2.437653,820.461157
