Size,Time,GFLOPS
2000,0.032045,499.292799
2000,0.027641,578.856855
2000,0.026857,595.741971
2000,0.027209,588.041738
2000,0.026925,594.232873
