Size,Time,GFLOPS
15000,4.176814,1616.064381
15000,4.176889,1616.035302
15000,4.177005,1615.990276
15000,4.176768,1616.082005
15000,4.173479,1617.355794
