Size,Time,GFLOPS
12000,4.200784,822.703596
12000,4.198451,823.160696
12000,4.199392,822.976191
12000,4.199314,822.991518
12000,4.251131,812.960202
