Size,Time,GFLOPS
11000,3.236677,822.448420
11000,3.237935,822.128792
11000,3.236092,822.597207
11000,3.238830,821.901705
11000,3.236466,822.502178
