Size,Time,GFLOPS
8000,1.247156,821.067880
8000,1.246945,821.206836
8000,1.245876,821.911539
8000,1.246735,821.345510
8000,1.246874,821.253533
