Size,Time,GFLOPS
9000,1.767597,824.848570
9000,1.770249,823.612742
9000,1.767442,824.920937
9000,1.765768,825.703220
9000,1.768597,824.382155
