Size,Time,GFLOPS
3000,0.075608,714.207482
3000,0.076146,709.166582
3000,0.075527,714.979377
3000,0.076049,710.069069
3000,0.076153,709.096507
