Size,Time,GFLOPS
5000,0.167741,1490.392501
5000,0.167354,1493.836318
5000,0.167544,1492.143726
5000,0.167923,1488.779483
5000,0.167595,1491.686981
