Size,Time,GFLOPS
14000,3.357558,1634.521356
14000,3.358572,1634.027811
14000,3.359064,1633.788238
14000,3.358470,1634.077603
14000,3.359277,1633.684756
