Size,Time,GFLOPS
19000,16.627129,825.037192
19000,16.627786,825.004581
19000,16.630793,824.855452
19000,16.533944,829.687098
19000,16.629271,824.930947
