Size,Time,GFLOPS
16000,9.929798,824.991641
16000,9.926649,825.253327
16000,9.929701,824.999655
16000,9.926383,825.275391
16000,9.929705,824.999345
