Size,Time,GFLOPS
13000,2.712298,1620.028702
13000,2.709225,1621.866229
13000,2.711429,1620.547709
13000,2.712489,1619.914468
13000,2.711497,1620.507056
