Size,Time,GFLOPS
18000,14.102601,827.081494
18000,14.098318,827.332712
18000,14.121951,825.948185
18000,14.121802,825.956905
18000,14.110001,826.647719
