Size,Time,GFLOPS
17000,6.023784,1631.200622
17000,6.021049,1631.941646
17000,6.021160,1631.911584
17000,6.022807,1631.465208
17000,6.021088,1631.930878
