Size,Time,GFLOPS
4000,0.086514,1479.523202
4000,0.087919,1455.893181
4000,0.086575,1478.486844
4000,0.086491,1479.914417
4000,0.086330,1482.679191
