Size,Time,GFLOPS
15000,8.203169,822.852688
15000,8.190949,824.080311
15000,8.204214,822.747920
15000,8.185567,824.622152
15000,8.206802,822.488441
