Size,Time,GFLOPS
16000,5.032841,1627.708970
16000,5.032325,1627.875687
16000,5.032027,1627.972086
16000,5.037696,1626.140277
16000,5.031646,1628.095440
