Size,Time,GFLOPS
17000,12.000432,818.803886
17000,11.984155,819.915992
17000,11.928852,823.717127
17000,11.926321,823.891994
17000,12.000465,818.801586
