Size,Time,GFLOPS
11000,1.637972,1625.180459
11000,1.638510,1624.646908
11000,1.637663,1625.487449
11000,1.639348,1623.816131
11000,1.638035,1625.118238
