Size,Time,GFLOPS
19000,8.445129,1624.368342
19000,8.444443,1624.500222
19000,8.438627,1625.619925
19000,8.444657,1624.459141
19000,8.443713,1624.640804
