Size,Time,GFLOPS
7000,0.431934,1588.205583
7000,0.431791,1588.732406
7000,0.431753,1588.869821
7000,0.431648,1589.259088
7000,0.431996,1587.979118
