Size,Time,GFLOPS
10000,1.243234,1608.707658
10000,1.243725,1608.072942
10000,1.244596,1606.946866
10000,1.245456,1605.837214
10000,1.244093,1607.596534
