Size,Time,GFLOPS
8000,0.634024,1615.080567
8000,0.633626,1616.094588
8000,0.633990,1615.166823
8000,0.633679,1615.961325
8000,0.633782,1615.696593
