Size,Time,GFLOPS
2000,0.016217,986.628288
2000,0.015674,1020.796170
2000,0.015673,1020.847883
2000,0.015491,1032.877391
2000,0.016089,994.467158
