Size,Time,GFLOPS
5000,0.167136,1495.783718
5000,0.167228,1494.961337
5000,0.167181,1495.384043
5000,0.167573,1491.889468
5000,0.167439,1493.081945
