Size,Time,GFLOPS
8000,0.633775,1615.714326
8000,0.633568,1616.244117
8000,0.632823,1618.146264
8000,0.633446,1616.554274
8000,0.634081,1614.935321
