Size,Time,GFLOPS
16000,5.056297,1620.158132
16000,5.054432,1620.755958
16000,5.065911,1617.083283
16000,5.067543,1616.562387
16000,5.059992,1618.975017
