Size,Time,GFLOPS
18000,7.215134,1616.601985
18000,7.200053,1619.988097
18000,7.198958,1620.234387
18000,7.176763,1625.245274
18000,7.186551,1623.031645
