Size,Time,GFLOPS
8000,0.634429,1614.049379
8000,0.633200,1617.182516
8000,0.633198,1617.187330
8000,0.631506,1621.521654
8000,0.631987,1620.286960
