Size,Time,GFLOPS
15000,8.463147,797.575611
15000,8.463603,797.532699
15000,8.457137,798.142411
15000,8.465879,797.318290
15000,8.458184,798.043678
