Size,Time,GFLOPS
15000,8.498719,794.237365
15000,8.460519,797.823408
15000,8.484282,795.588799
15000,8.430403,800.673491
15000,8.459514,797.918160
