Size,Time,GFLOPS
19000,8.384906,1636.034996
19000,8.393278,1634.403108
19000,8.414170,1630.344926
19000,8.385979,1635.825779
19000,8.395528,1633.965119
