Size,Time,GFLOPS
6000,0.279495,1545.646118
6000,0.277274,1558.026759
6000,0.277218,1558.342060
6000,0.277168,1558.621059
6000,0.277548,1556.485637
