Size,Time,GFLOPS
17000,12.292841,799.327008
17000,12.310553,798.176984
17000,12.285126,799.828965
17000,12.287695,799.661780
17000,12.301435,798.768602
