Size,Time,GFLOPS
10000,1.262892,1583.666088
10000,1.266764,1578.826397
10000,1.272998,1571.094736
10000,1.263507,1582.895307
10000,1.262679,1583.933431
