Size,Time,GFLOPS
18000,7.193200,1621.531393
18000,7.180209,1624.465359
18000,7.187691,1622.774325
18000,7.193949,1621.362526
18000,7.186766,1622.983032
