Size,Time,GFLOPS
19000,17.168616,799.016068
19000,17.170235,798.940742
19000,17.125098,801.046511
19000,17.142012,800.256133
19000,17.153926,799.700316
