Size,Time,GFLOPS
6000,0.548190,788.047698
6000,0.548157,788.096054
6000,0.542530,796.269793
6000,0.540974,798.559851
6000,0.541677,797.523571
