Size,Time,GFLOPS
4000,0.083046,1541.318573
4000,0.082965,1542.818201
4000,0.083447,1533.908191
4000,0.082783,1546.212486
4000,0.083100,1540.311356
