Size,Time,GFLOPS
8000,0.628366,1629.622410
8000,0.629846,1625.793129
8000,0.629179,1627.516821
8000,0.629178,1627.521358
8000,0.630169,1624.960611
