Size,Time,GFLOPS
18000,14.555826,801.328596
18000,14.541180,802.135731
18000,14.518864,803.368657
18000,14.523319,803.122223
18000,14.530488,802.725954
