Size,Time,GFLOPS
9000,0.895122,1628.827920
9000,0.899103,1621.616941
9000,0.901453,1617.388376
9000,0.900212,1619.617606
9000,0.906859,1607.747937
