Size,Time,GFLOPS
4000,0.163739,781.733492
4000,0.167045,766.262419
4000,0.164195,779.561505
4000,0.166005,771.061684
4000,0.167950,762.130194
