Size,Time,GFLOPS
2000,0.016270,983.409090
2000,0.013119,1219.596228
2000,0.013280,1204.863552
2000,0.014439,1108.072453
2000,0.013463,1188.406118
