Size,Time,GFLOPS
13000,2.701504,1626.501284
13000,2.720637,1615.062700
13000,2.697655,1628.821998
13000,2.700210,1627.280634
13000,2.699658,1627.613436
