Size,Time,GFLOPS
5000,0.325459,768.145609
5000,0.324509,770.394185
5000,0.324749,769.825899
5000,0.326587,765.492575
5000,0.325641,767.716457
