Size,Time,GFLOPS
9000,1.801122,809.495562
9000,1.801404,809.368820
9000,1.805219,807.658300
9000,1.819605,801.272886
9000,1.828467,797.389370
