Size,Time,GFLOPS
7000,0.868195,790.145159
7000,0.876844,782.351444
7000,0.875496,783.555462
7000,0.867929,790.386794
7000,0.868131,790.203173
