Size,Time,GFLOPS
7000,0.431771,1588.803517
7000,0.431636,1589.300632
7000,0.435506,1575.178710
7000,0.432456,1586.290202
7000,0.432253,1587.032609
