Size,Time,GFLOPS
2000,0.024120,663.345654
2000,0.023580,678.533223
2000,0.024236,660.171487
2000,0.023477,681.521594
2000,0.024341,657.315667
