Size,Time,GFLOPS
13000,2.721238,1614.706173
13000,2.713953,1619.040421
13000,2.712876,1619.683042
13000,2.708503,1622.298611
13000,2.709185,1621.889809
