Size,Time,GFLOPS
14000,6.859425,800.067031
14000,6.886542,796.916673
14000,6.862816,799.671766
14000,6.878594,797.837441
14000,6.861279,799.850884
