Size,Time,GFLOPS
20000,9.890239,1617.756705
20000,9.874277,1620.371756
20000,9.883354,1618.883701
20000,9.875489,1620.173005
20000,9.878499,1619.679206
