Size,Time,GFLOPS
3000,0.038875,1389.055876
3000,0.044148,1223.156195
3000,0.038438,1404.845301
3000,0.038923,1387.357408
3000,0.038659,1396.840894
