Size,Time,GFLOPS
5000,0.163928,1525.056145
5000,0.166582,1500.766234
5000,0.164038,1524.032561
5000,0.166136,1504.794380
5000,0.164713,1517.788687
