Size,Time,GFLOPS
20000,20.027477,798.902415
20000,20.019330,799.227537
20000,20.008642,799.654481
20000,20.579610,777.468581
20000,20.036895,798.526901
