Size,Time,GFLOPS
16000,5.055994,1620.255070
16000,5.111668,1602.608145
16000,5.069116,1616.061026
16000,5.094174,1608.111392
16000,5.038528,1625.871556
