Size,Time,GFLOPS
4000,0.162562,787.392357
4000,0.163335,783.663664
4000,0.162786,786.309680
4000,0.162724,786.605978
4000,0.162784,786.317467
