Size,Time,GFLOPS
11000,3.332433,798.815713
11000,3.324238,800.785122
11000,3.330008,799.397505
11000,3.326819,800.163806
11000,3.322227,801.269774
