Size,Time,GFLOPS
13000,5.449250,806.349452
13000,5.486471,800.879179
13000,5.474527,802.626461
13000,5.499840,798.932287
13000,5.445300,806.934435
