Size,Time,GFLOPS
3000,0.039065,1382.318538
3000,0.037653,1434.156215
3000,0.039160,1378.951712
3000,0.037579,1436.989297
3000,0.037575,1437.139020
