Size,Time,GFLOPS
2000,0.116705,137.098076
2000,0.023420,683.175518
2000,0.024970,640.759069
2000,0.023383,684.268270
2000,0.024321,657.876613
