Size,Time,GFLOPS
12000,4.307987,802.230806
12000,4.319424,800.106705
12000,4.306231,802.557921
12000,4.328887,798.357634
12000,4.323911,799.276458
