Size,Time,GFLOPS
9000,0.895549,1628.052143
9000,0.890981,1636.398037
9000,0.893511,1631.764390
9000,0.892716,1633.217306
9000,0.893694,1631.431396
