Size,Time,GFLOPS
12000,4.352201,794.080973
12000,4.337819,796.713830
12000,4.334485,797.326524
12000,4.340713,796.182524
12000,4.367220,791.350066
