Size,Time,GFLOPS
11000,1.659540,1604.058979
11000,1.660833,1602.810625
11000,1.660984,1602.664651
11000,1.659027,1604.554924
11000,1.665565,1598.256884
