Size,Time,GFLOPS
18000,14.517395,803.449909
18000,14.515060,803.579171
18000,14.559906,801.104063
18000,14.611324,798.284921
18000,14.644856,796.457138
