Size,Time,GFLOPS
15000,4.158141,1623.321669
15000,4.157180,1623.696839
15000,4.157314,1623.644316
15000,4.149808,1626.581418
15000,4.176066,1616.353878
