Size,Time,GFLOPS
20000,9.865204,1621.862022
20000,9.875254,1620.211437
20000,9.922552,1612.488374
20000,9.870780,1620.945904
20000,9.878973,1619.601493
