Size,Time,GFLOPS
10000,1.267573,1577.818601
10000,1.266649,1578.969897
10000,1.267882,1577.433621
10000,1.268536,1576.620617
10000,1.264729,1581.366447
