Size,Time,GFLOPS
17000,6.092071,1612.916285
17000,6.100191,1610.769334
17000,6.080570,1615.966858
17000,6.076100,1617.155833
17000,6.087390,1614.156589
