Size,Time,GFLOPS
12000,2.139234,1615.531872
12000,2.141498,1613.823570
12000,2.139711,1615.171230
12000,2.138758,1615.891160
12000,2.138966,1615.733617
