Size,Time,GFLOPS
8000,1.280234,799.853583
8000,1.283891,797.575803
8000,1.282275,798.580635
8000,1.305572,784.330666
8000,1.301767,786.623214
