Size,Time,GFLOPS
3000,0.073594,733.757583
3000,0.073734,732.359027
3000,0.073721,732.487108
3000,0.073327,736.424023
3000,0.073359,736.108046
