Size,Time,GFLOPS
9000,1.815912,802.902296
9000,1.803102,808.606317
9000,1.822830,799.855066
9000,1.803348,808.496184
9000,1.824786,798.997697
