Size,Time,GFLOPS
14000,6.891906,796.296353
14000,6.885935,796.986888
14000,6.943257,790.407172
14000,6.906950,794.562030
14000,6.886567,796.913725
