Size,Time,GFLOPS
14000,3.411948,1608.465499
14000,3.403986,1612.227724
14000,3.397059,1615.515206
14000,3.438785,1595.912291
14000,3.415222,1606.923398
