Size,Time,GFLOPS
11000,3.330577,799.260914
11000,3.330639,799.245970
11000,3.357037,792.961283
11000,3.331098,799.135849
11000,3.332598,798.776109
