Size,Time,GFLOPS
3000,0.074691,722.982292
3000,0.073205,737.658925
3000,0.073825,731.458255
3000,0.073187,737.832597
3000,0.087796,615.060207
