Size,Time,GFLOPS
10000,2.496522,801.114396
10000,2.495551,801.426366
10000,2.481827,805.857800
10000,2.485448,804.683780
10000,2.485971,804.514499
