Size,Time,GFLOPS
20000,20.047957,798.086325
20000,20.094720,796.229051
20000,20.158095,793.725780
20000,20.049479,798.025741
20000,20.048274,798.073688
