Size,Time,GFLOPS
16000,10.233739,800.489418
16000,10.260453,798.405289
16000,10.232004,800.625210
16000,10.221975,801.410708
16000,10.228441,800.904099
