Size,Time,GFLOPS
20000,16.334646,979.513097
20000,16.355771,978.247996
20000,16.503118,969.513768
20000,16.362098,977.869713
20000,16.411937,974.900165
