Size,Time,GFLOPS
12000,8.524955,405.398025
12000,8.585543,402.537161
12000,8.451159,408.938008
12000,8.498739,406.648569
12000,8.448848,409.049856
