Size,Time,GFLOPS
15000,7.014984,962.226027
15000,6.999006,964.422642
15000,6.997588,964.618152
15000,6.970727,968.335183
15000,7.004011,963.733474
