Size,Time,GFLOPS
7000,0.690519,993.455146
7000,0.689648,994.711037
7000,0.688536,996.317451
7000,0.694639,987.562987
7000,0.690624,993.304606
