Size,Time,GFLOPS
17000,22.842789,430.157625
17000,22.869564,429.654015
17000,22.926086,428.594747
17000,22.870631,429.633978
17000,22.877741,429.500454
