Size,Time,GFLOPS
19000,32.860242,417.464972
19000,32.597139,420.834484
19000,32.503181,422.051004
19000,32.809449,418.111257
19000,32.793923,418.309208
