Size,Time,GFLOPS
8000,1.038049,986.465706
8000,1.037933,986.576526
8000,1.032942,991.343548
8000,1.037194,987.279318
8000,1.042981,981.800829
