Size,Time,GFLOPS
10000,2.021229,989.496881
10000,2.016619,991.758933
10000,2.041128,979.850258
10000,2.040219,980.286947
10000,2.043538,978.694962
