Size,Time,GFLOPS
17000,10.222367,961.225484
17000,10.180036,965.222542
17000,10.203270,963.024593
17000,10.133308,969.673489
17000,10.123477,970.615091
