Size,Time,GFLOPS
3000,0.059554,906.743040
3000,0.059841,902.389362
3000,0.059471,908.000330
3000,0.059744,903.849510
3000,0.060222,896.680995
