Size,Time,GFLOPS
8000,2.318128,441.735787
8000,2.328981,439.677311
8000,2.322851,440.837628
8000,2.300091,445.199698
8000,2.291848,446.801021
