Size,Time,GFLOPS
15000,16.463049,410.009099
15000,16.413301,411.251830
15000,16.364584,412.476116
15000,16.449918,410.336383
15000,16.381286,412.055552
