Size,Time,GFLOPS
19000,14.230496,963.986109
19000,14.224417,964.398074
19000,14.226780,964.237880
19000,14.349716,955.977131
19000,14.219086,964.759649
