Size,Time,GFLOPS
11000,6.476142,411.047168
11000,6.483977,410.550503
11000,6.483526,410.579035
11000,6.471148,411.364415
11000,6.484146,410.539772
