Size,Time,GFLOPS
6000,0.437460,987.517924
6000,0.436460,989.781698
6000,0.437861,986.615467
6000,0.438544,985.079002
6000,0.437986,986.332583
