Size,Time,GFLOPS
12000,3.529860,979.075617
12000,3.523667,980.796507
12000,3.528876,979.348589
12000,3.543516,975.302431
12000,3.562684,970.055290
