Size,Time,GFLOPS
14000,5.699784,962.843561
14000,5.761050,952.604096
14000,5.709085,961.274948
14000,5.749511,954.515953
14000,5.704425,962.060078
