Size,Time,GFLOPS
5000,0.176406,1417.183268
5000,0.170946,1462.448034
5000,0.172067,1452.925296
5000,0.169583,1474.205911
5000,0.171002,1461.972727
