Size,Time,GFLOPS
10000,1.246552,1604.425025
10000,1.246600,1604.364144
10000,1.246687,1604.251272
10000,1.245739,1605.473011
10000,1.247510,1603.193867
