Size,Time,GFLOPS
5000,0.315931,791.311451
5000,0.316473,789.955697
5000,0.316150,790.764578
5000,0.316317,790.347223
5000,0.316197,790.645120
