Size,Time,GFLOPS
20000,9.894160,1617.115572
20000,9.899089,1616.310404
20000,9.901579,1615.903961
20000,9.893905,1617.157202
20000,9.902475,1615.757742
