Size,Time,GFLOPS
8000,0.637550,1606.149248
8000,0.634933,1612.769252
8000,0.635626,1611.010405
8000,0.636244,1609.444406
8000,0.635264,1611.927412
