Size,Time,GFLOPS
20000,19.435695,823.227577
20000,19.466082,821.942502
20000,19.406514,824.465448
20000,19.399170,824.777571
20000,19.432784,823.350882
