Size,Time,GFLOPS
10000,2.443839,818.384662
10000,2.444338,818.217490
10000,2.441677,819.109071
10000,2.440976,819.344507
10000,2.442169,818.943995
