Size,Time,GFLOPS
17000,6.038084,1627.337497
17000,6.040594,1626.661339
17000,6.041876,1626.316114
17000,6.042214,1626.225133
17000,6.039554,1626.941247
