Size,Time,GFLOPS
15000,4.188448,1611.575366
15000,4.193679,1609.565388
15000,4.196487,1608.488144
15000,4.196069,1608.648542
15000,4.196121,1608.628695
