Size,Time,GFLOPS
9000,1.769623,823.904336
9000,1.767051,825.103711
9000,1.769188,824.107003
9000,1.767054,825.102343
9000,1.769525,823.949960
