Size,Time,GFLOPS
11000,3.238672,821.941805
11000,3.239746,821.669407
11000,3.236647,822.456044
11000,3.239355,821.768561
11000,3.241787,821.152110
