Size,Time,GFLOPS
7000,0.847382,809.552072
7000,0.847135,809.788615
7000,0.849036,807.975630
7000,0.847374,809.559765
7000,0.848565,808.423875
