Size,Time,GFLOPS
12000,2.150386,1607.153175
12000,2.148203,1608.786507
12000,2.149064,1608.142075
12000,2.149311,1607.957407
12000,2.150650,1606.956112
