Size,Time,GFLOPS
4000,0.087693,1459.640063
4000,0.092750,1380.055590
4000,0.087936,1455.610548
4000,0.088291,1449.755036
4000,0.094702,1351.604321
