Size,Time,GFLOPS
18000,7.169217,1626.955865
18000,7.170000,1626.778211
18000,7.164464,1628.035251
18000,7.165238,1627.859343
18000,7.159789,1629.098298
