Size,Time,GFLOPS
14000,6.651962,825.019737
14000,6.654580,824.695111
14000,6.653474,824.832321
14000,6.654482,824.707308
14000,6.657249,824.364494
