Size,Time,GFLOPS
3000,0.072976,739.965067
3000,0.073424,735.456661
3000,0.073679,732.906284
3000,0.073080,738.915073
3000,0.074016,729.574301
