Size,Time,GFLOPS
14000,3.391468,1618.178282
14000,3.404354,1612.053438
14000,3.383828,1621.831857
14000,3.382592,1622.424574
14000,3.378978,1624.159887
