Size,Time,GFLOPS
7000,0.430037,1595.213207
7000,0.429761,1596.235227
7000,0.429984,1595.409604
7000,0.429955,1595.514979
7000,0.431498,1589.809788
