Size,Time,GFLOPS
2000,0.023147,691.249127
2000,0.023473,681.626842
2000,0.023272,687.518619
2000,0.023813,671.895808
2000,0.025076,638.058210
