Size,Time,GFLOPS
15000,8.459531,797.916570
15000,8.580466,786.670522
15000,8.440229,799.741364
15000,8.502833,793.853089
15000,8.464628,797.436092
