Size,Time,GFLOPS
17000,6.106371,1609.139111
17000,6.060661,1621.275431
17000,6.101299,1610.476618
17000,6.097940,1611.363723
17000,6.070058,1618.765421
