Size,Time,GFLOPS
4000,0.163462,783.056747
4000,0.162833,786.081890
4000,0.163692,781.954499
4000,0.162912,785.701630
4000,0.162775,786.363779
