Size,Time,GFLOPS
8000,1.280295,799.815791
8000,1.278087,801.197473
8000,1.276526,802.176929
8000,1.277256,801.718478
8000,1.279065,800.584957
