Size,Time,GFLOPS
10000,1.259352,1588.118745
10000,1.255865,1592.527488
10000,1.262771,1583.818850
10000,1.258797,1588.818066
10000,1.257327,1590.676436
