Size,Time,GFLOPS
19000,17.146694,800.037583
19000,17.156554,799.577818
19000,17.140880,800.308976
19000,17.164731,799.196893
19000,17.142353,800.240214
