Size,Time,GFLOPS
15000,4.173576,1617.318140
15000,4.174842,1616.827504
15000,4.210074,1603.297070
15000,4.172268,1617.825297
15000,4.170794,1618.396929
