Size,Time,GFLOPS
18000,7.184948,1623.393723
18000,7.176116,1625.391842
18000,7.244263,1610.101729
18000,7.214978,1616.636922
18000,7.195171,1621.087156
