Size,Time,GFLOPS
14000,6.899410,795.430301
14000,6.894315,796.018128
14000,6.898512,795.533875
14000,6.898427,795.543653
14000,6.894484,795.998681
