Size,Time,GFLOPS
10000,2.497506,800.798836
10000,2.482169,805.746814
10000,2.480966,806.137563
10000,2.483849,805.201765
10000,2.482638,805.594772
