Size,Time,GFLOPS
3000,0.037466,1441.323212
3000,0.038982,1385.272466
3000,0.038136,1415.979178
3000,0.037470,1441.168230
3000,0.037329,1446.581715
