Size,Time,GFLOPS
11000,1.664859,1598.934280
11000,1.652934,1610.469411
11000,1.665081,1598.721407
11000,1.652015,1611.365911
11000,1.651631,1611.740587
