Size,Time,GFLOPS
5000,0.164883,1516.225830
5000,0.162337,1540.004500
5000,0.163546,1528.617832
5000,0.162400,1539.410308
5000,0.163305,1530.881433
