n_threads,Time,GFLOPS
11,2.235804,894.532867
11,2.233368,895.508477
11,2.221774,900.181634
11,2.224198,899.200324
11,2.224458,899.095264
