n_threads,Time,GFLOPS
20,2.804093,713.243113
20,2.807402,712.402512
20,2.813634,710.824583
20,2.796282,715.235408
20,2.806942,712.519155
