n_threads,Time,GFLOPS
3,8.275354,241.681496
3,8.315174,240.524136
3,8.252808,242.341762
3,8.252846,242.340632
3,8.226293,243.122861
