n_threads,Time,GFLOPS
7,7.813150,255.978699
7,7.814558,255.932569
7,7.822451,255.674346
7,7.840743,255.077861
7,7.779431,257.088214
