n_threads,Time,GFLOPS
11,4.927846,405.856868
11,4.913791,407.017696
11,4.922609,406.288643
11,4.923832,406.187741
11,4.980144,401.594835
