n_threads,Time,GFLOPS
1,49.313582,40.556778
1,49.226297,40.628691
1,49.290972,40.575381
1,49.298700,40.569021
1,49.134577,40.704533
