n_threads,Time,GFLOPS
15,3.825335,522.830076
15,3.763687,531.393869
15,3.790369,527.653148
15,3.785370,528.349876
15,3.756053,532.473795
