n_threads,Time,GFLOPS
6,8.711775,229.574342
6,8.817726,226.815860
6,8.757080,228.386625
6,8.777139,227.864676
6,8.801270,227.239927
