n_threads,Time,GFLOPS
14,3.880897,515.344840
14,3.861514,517.931555
14,3.839525,520.897711
14,3.848662,519.661109
14,3.847239,519.853316
