n_threads,Time,GFLOPS
6,4.104451,487.275850
6,4.136314,483.522331
6,4.104750,487.240364
6,4.106353,487.050206
6,4.107325,486.934909
