n_threads,Time,GFLOPS
20,1.252562,1596.727538
20,1.246659,1604.288342
20,1.241464,1611.001614
20,1.247738,1602.900289
20,1.246243,1604.823260
