n_threads,Time,GFLOPS
8,6.894644,290.080243
8,6.878400,290.765298
8,6.914730,289.237619
8,6.903096,289.725060
8,6.951690,287.699833
