n_threads,Time,GFLOPS
16,1.558632,1283.176867
16,1.570727,1273.295397
16,1.560690,1281.484803
16,1.559925,1282.113299
16,1.560718,1281.461681
