n_threads,Time,GFLOPS
18,3.119689,641.089647
18,3.124707,640.060097
18,3.132917,638.382763
18,3.130061,638.965225
18,3.127958,639.394826
