n_threads,Time,GFLOPS
5,10.933939,182.916700
5,11.053912,180.931413
5,10.877708,183.862263
5,10.916335,183.211675
5,10.917497,183.192175
