n_threads,Time,GFLOPS
12,2.043574,978.677466
12,2.027124,986.619320
12,2.026999,986.680083
12,2.022426,988.911518
12,2.035271,982.669896
