n_threads,Time,GFLOPS
5,4.897956,408.333633
5,4.895103,408.571583
5,4.935148,405.256323
5,4.895568,408.532784
5,4.894934,408.585690
