n_threads,Time,GFLOPS
2,25.667555,77.919382
2,25.949722,77.072116
2,25.827527,77.436761
2,25.803430,77.509074
2,25.936272,77.112086
