n_threads,Time,GFLOPS
21,1.210898,1651.667182
21,1.200898,1665.419728
21,1.202300,1663.477684
21,1.205311,1659.323466
21,1.210209,1652.607088
