n_threads,Time,GFLOPS
22,1.167047,1713.727750
22,1.166098,1715.122277
22,1.168083,1712.207033
22,1.167682,1712.794795
22,1.168144,1712.117300
