n_threads,Time,GFLOPS
2,12.649430,158.109889
2,12.562233,159.207364
2,12.511474,159.853272
2,12.563970,159.185354
2,12.553359,159.319913
