n_threads,Time,GFLOPS
19,3.179555,629.018890
19,3.173631,630.192960
19,3.180864,628.760023
19,3.165287,631.854261
19,3.181974,628.540677
