n_threads,Time,GFLOPS
16,3.520163,568.155553
16,3.514696,569.039213
16,3.511654,569.532210
16,3.502954,570.946633
16,3.499994,571.429551
