n_threads,Time,GFLOPS
12,4.699347,425.591047
12,4.707156,424.884981
12,4.752344,420.844957
12,4.718693,423.846163
12,4.715184,424.161601
