n_threads,Time,GFLOPS
21,0.734785,2721.883688
21,0.733880,2725.240486
21,0.733415,2726.970009
21,0.733337,2727.258139
21,0.732943,2728.725548
