n_threads,Time,GFLOPS
12,2.438132,820.300143
12,2.438743,820.094653
12,2.438498,820.176848
12,2.438070,820.321041
12,2.437872,820.387730
