n_threads,Time,GFLOPS
9,1.654288,1208.979081
9,1.654364,1208.924105
9,1.653637,1209.455171
9,1.652363,1210.388033
9,1.652389,1210.368404
