n_threads,Time,GFLOPS
13,2.277980,877.970830
13,2.278454,877.788303
13,2.280710,876.920042
13,2.277250,878.252398
13,2.278911,877.612340
