n_threads,Time,GFLOPS
14,2.112609,946.696740
14,2.115532,945.388816
14,2.113982,946.081709
14,2.113761,946.180634
14,2.113348,946.365628
