n_threads,Time,GFLOPS
20,0.768102,2603.822091
20,0.767155,2607.034738
20,0.767562,2605.651107
20,0.768477,2602.549433
20,0.769173,2600.196340
