n_threads,Time,GFLOPS
24,0.649223,3080.607806
24,0.648990,3081.713843
24,0.649032,3081.510479
24,0.649947,3077.176059
24,0.650073,3076.578756
