n_threads,Time,GFLOPS
10,2.918763,685.221794
10,2.918464,685.291943
10,2.918465,685.291731
10,2.919304,685.094691
10,2.919040,685.156688
