n_threads,Time,GFLOPS
15,1.005425,1989.209199
15,1.005942,1988.186164
15,1.007674,1984.769626
15,1.007223,1985.656811
15,1.006494,1987.094921
