n_threads,Time,GFLOPS
7,4.166152,480.059336
7,4.164111,480.294626
7,4.164408,480.260293
7,4.165659,480.116144
7,4.165455,480.139593
