n_threads,Time,GFLOPS
15,1.976409,1011.936414
15,1.978631,1010.800129
15,1.977587,1011.333530
15,1.977377,1011.440922
15,1.977309,1011.475577
