n_threads,Time,GFLOPS
23,1.321767,1513.126367
23,1.322585,1512.190502
23,1.324440,1510.072087
23,1.325074,1509.349955
23,1.322989,1511.728440
