n_threads,Time,GFLOPS
16,0.948146,2109.378894
16,0.947694,2110.386554
16,0.948282,2109.076902
16,0.948443,2108.719676
16,0.946946,2112.053851
