n_threads,Time,GFLOPS
24,1.273773,1570.138510
24,1.273385,1570.616582
24,1.274123,1569.706651
24,1.273771,1570.141373
24,1.273679,1570.254310
