n_threads,Time,GFLOPS
1,29.874009,66.947829
1,29.464977,67.877194
1,29.458536,67.892037
1,29.467207,67.872058
1,29.458764,67.891511
