n_threads,Time,GFLOPS
21,1.435604,1393.142079
21,1.435628,1393.118539
21,1.436165,1392.597184
21,1.436766,1392.014743
21,1.436624,1392.152824
