n_threads,Time,GFLOPS
20,1.511047,1323.585343
20,1.511517,1323.173809
20,1.511650,1323.057927
20,1.510605,1323.973060
20,1.511521,1323.170455
