n_threads,Time,GFLOPS
6,2.496992,800.963748
6,2.496581,801.095725
6,2.494643,801.717910
6,2.497316,800.859953
6,2.495227,801.530225
