n_threads,Time,GFLOPS
14,1.081387,1849.477132
14,1.081461,1849.350875
14,1.082259,1847.986342
14,1.081708,1848.927426
14,1.081386,1849.478016
