n_threads,Time,GFLOPS
19,1.582532,1263.797634
19,1.581403,1264.699566
19,1.579963,1265.852293
19,1.580159,1265.695292
19,1.580171,1265.686082
