n_threads,Time,GFLOPS
3,10.026023,199.480893
3,9.933442,201.340072
3,10.024964,199.501960
3,9.922451,201.563103
3,9.998223,200.035536
