n_threads,Time,GFLOPS
17,1.761359,1135.486921
17,1.760964,1135.741606
17,1.759514,1136.677207
17,1.761230,1135.569891
17,1.761119,1135.641427
