n_threads,Time,GFLOPS
6,4.885303,409.391171
6,4.887476,409.209170
6,4.887110,409.239844
6,4.874093,410.332740
6,4.887033,409.246306
