n_threads,Time,GFLOPS
5,2.949731,678.028022
5,2.971015,673.170722
5,2.946811,678.699711
5,2.949536,678.072776
5,2.948596,678.288812
