n_threads,Time,GFLOPS
22,1.456100,1373.531826
22,1.465634,1364.596954
22,1.486189,1345.724200
22,1.458974,1370.826033
22,1.462788,1367.252546
