n_threads,Time,GFLOPS
10,1.476614,1354.450503
10,1.477785,1353.376613
10,1.476351,1354.690945
10,1.476391,1354.654879
10,1.476936,1354.154375
