n_threads,Time,GFLOPS
7,4.202500,475.907165
7,4.210910,474.956754
7,4.219789,473.957317
7,4.203240,475.823453
7,4.214600,474.540896
