n_threads,Time,GFLOPS
4,3.706066,539.655858
4,3.707990,539.375816
4,3.739540,534.825169
4,3.703909,539.970105
4,3.706223,539.632951
