n_threads,Time,GFLOPS
1,14.448483,138.422839
1,14.394026,138.946535
1,14.435217,138.550046
1,14.401017,138.879077
1,14.410248,138.790121
