n_threads,Time,GFLOPS
20,1.561907,1280.485856
20,1.572345,1271.985838
20,1.569236,1274.505675
20,1.572052,1272.222800
20,1.574952,1269.880044
