n_threads,Time,GFLOPS
13,2.400360,833.208517
13,2.364119,845.981084
13,2.364902,845.700914
13,2.377408,841.252327
13,2.376792,841.470497
