n_threads,Time,GFLOPS
14,1.079510,1852.693031
14,1.078547,1854.346021
14,1.108057,1804.961403
14,1.082827,1847.017489
14,1.078902,1853.736934
