n_threads,Time,GFLOPS
15,0.998188,2003.630944
15,0.999690,2000.620677
15,0.996041,2007.949075
15,0.993404,2013.278769
15,0.994943,2010.164653
