n_threads,Time,GFLOPS
21,0.735374,2719.703074
21,0.736034,2717.266886
21,0.734839,2721.682821
21,0.735753,2718.304211
21,0.736654,2714.978552
