n_threads,Time,GFLOPS
11,1.339062,1493.582585
11,1.338396,1494.325992
11,1.358919,1471.758068
11,1.338710,1493.975505
11,1.346087,1485.788282
