n_threads,Time,GFLOPS
5,5.967334,335.158024
5,5.901651,338.888197
5,5.885278,339.831031
5,5.936572,336.894735
5,5.955769,335.808877
