n_threads,Time,GFLOPS
8,3.707809,539.402180
8,3.675781,544.102002
8,3.678127,543.755055
8,3.670526,544.880988
8,3.672618,544.570637
