n_threads,Time,GFLOPS
18,1.739444,1149.792606
18,1.713029,1167.522418
18,1.711576,1168.513908
18,1.713535,1167.177453
18,1.721481,1161.790399
