n_threads,Time,GFLOPS
3,4.951076,403.952627
3,4.948184,404.188664
3,4.976135,401.918370
3,5.002514,399.798958
3,4.948871,404.132542
