n_threads,Time,GFLOPS
4,7.379130,271.034650
4,7.381130,270.961223
4,7.379516,271.020474
4,7.392303,270.551668
4,7.453513,268.329834
