n_threads,Time,GFLOPS
24,1.420648,1407.807919
24,1.402440,1426.085805
24,1.439859,1389.025360
24,1.406416,1422.054414
24,1.408979,1419.467332
