n_threads,Time,GFLOPS
12,2.478569,806.917111
12,2.493964,801.936109
12,2.478170,807.046988
12,2.478692,806.877272
12,2.474047,808.392032
