n_threads,Time,GFLOPS
17,1.829103,1093.432308
17,1.832634,1091.325427
17,1.838210,1088.014906
17,1.840108,1086.892907
17,1.845184,1083.902669
