n_threads,Time,GFLOPS
8,1.846839,1082.931374
8,1.851328,1080.305445
8,1.854987,1078.174832
8,1.846290,1083.253448
8,1.867675,1070.849945
