n_threads,Time,GFLOPS
10,2.959250,675.846944
10,2.954213,676.999266
10,2.956575,676.458515
10,2.971303,673.105457
10,2.956240,676.535012
