n_threads,Time,GFLOPS
3,9.828754,203.484595
3,9.851945,203.005607
3,9.781330,204.471177
3,9.846887,203.109868
3,9.885678,202.312887
