n_threads,Time,GFLOPS
19,1.621494,1233.430033
19,1.620566,1234.136423
19,1.623961,1231.556305
19,1.621093,1233.735830
19,1.632312,1225.256117
