n_threads,Time,GFLOPS
9,1.643642,1216.810058
9,1.646739,1214.521444
9,1.641792,1218.181100
9,1.648885,1212.940887
9,1.643175,1217.155783
