n_threads,Time,GFLOPS
23,1.444424,1384.635015
23,1.460813,1369.100518
23,1.485811,1346.066077
23,1.434851,1393.873104
23,1.418880,1409.562521
