n_threads,Time,GFLOPS
14,2.163912,924.252065
14,2.175338,919.397449
14,2.169271,921.968759
14,2.163909,924.253309
14,2.166605,923.103045
