n_threads,Time,GFLOPS
16,0.937202,2134.010745
16,0.937470,2133.400521
16,0.938643,2130.735961
16,0.938759,2130.471872
16,0.937674,2132.936921
