n_threads,Time,GFLOPS
128,1.842693,1085.368012
128,1.841622,1085.999470
128,1.857372,1076.790060
128,1.811402,1104.117078
128,1.820396,1098.662319
