n_threads,Time,GFLOPS
104,2.379578,840.485187
104,2.373239,842.730106
104,2.385982,838.229174
104,2.427738,823.812023
104,2.402798,832.363074
