n_threads,Time,GFLOPS
28,1.161667,1721.663786
28,1.161086,1722.525938
28,1.161202,1722.353620
28,1.162973,1719.730777
28,1.160083,1724.014147
