n_threads,Time,GFLOPS
28,2.242447,891.882842
28,2.241159,892.395440
28,2.229066,897.236657
28,2.227891,897.710076
28,2.230294,896.742662
