n_threads,Time,GFLOPS
26,2.598634,769.635093
26,2.602274,768.558531
26,2.602921,768.367667
26,2.607631,766.979778
26,2.598731,769.606481
