n_threads,Time,GFLOPS
8,5.728717,349.118338
8,5.843560,342.257143
8,5.851258,341.806826
8,5.808831,344.303332
8,5.815471,343.910245
