n_threads,Time,GFLOPS
110,2.619746,763.432733
110,2.621065,763.048590
110,2.572218,777.539191
110,2.561757,780.714080
110,2.584873,773.732460
