n_threads,Time,GFLOPS
128,3.086749,647.930973
128,3.152980,634.320485
128,3.101558,644.837181
128,3.065814,652.355232
128,3.101274,644.896170
