n_threads,Time,GFLOPS
34,1.129583,1770.564696
34,1.100200,1817.852123
34,1.103665,1812.143401
34,1.096378,1824.189053
34,1.103091,1813.087109
