n_threads,Time,GFLOPS
14,1.691189,1182.600124
14,1.702757,1174.565565
14,1.684966,1186.967283
14,1.689568,1183.734689
14,1.692064,1181.988216
