n_threads,Time,GFLOPS
118,0.491955,4065.413892
118,0.490969,4073.578200
118,0.503442,3972.652767
118,0.496930,4024.712483
118,0.507636,3939.828287
