n_threads,Time,GFLOPS
98,2.691967,742.951097
98,2.682507,745.571265
98,2.683572,745.275380
98,2.704914,739.395098
98,2.676722,747.182564
