n_threads,Time,GFLOPS
86,1.950819,1025.210649
86,1.949254,1026.033754
86,1.946546,1027.460781
86,1.953475,1023.816310
86,1.971906,1014.247378
