n_threads,Time,GFLOPS
36,1.161793,1721.476705
36,1.152510,1735.343496
36,1.155815,1730.380032
36,1.154585,1732.224168
36,1.155381,1731.030629
