n_threads,Time,GFLOPS
78,1.509022,1325.362158
78,1.490823,1341.540609
78,1.542774,1296.366319
78,1.564410,1278.437204
78,1.568525,1275.083209
