n_threads,Time,GFLOPS
122,2.012424,993.826492
122,2.012382,993.847307
122,2.024674,987.813493
122,2.090797,956.572813
122,2.007689,996.170004
