n_threads,Time,GFLOPS
114,1.994385,1002.815396
114,1.990562,1004.741125
114,2.012438,993.819638
114,2.013307,993.390638
114,2.013626,993.233004
