n_threads,Time,GFLOPS
46,2.177323,918.559366
46,2.029720,985.357487
46,2.169034,922.069365
46,2.157001,927.213114
46,2.111600,947.149231
