n_threads,Time,GFLOPS
16,2.844258,703.171003
16,2.832785,706.018929
16,2.840036,704.216462
16,2.828731,707.030763
16,2.907562,687.861469
