n_threads,Time,GFLOPS
72,2.555999,782.472883
72,2.547619,785.046700
72,2.538431,787.888277
72,2.506980,797.772590
72,2.539292,787.621104
