n_threads,Time,GFLOPS
2,21.338467,93.727444
2,21.370606,93.586489
2,21.379872,93.545930
2,21.417997,93.379414
2,21.367492,93.600129
