n_threads,Time,GFLOPS
116,3.857012,518.536152
116,3.790493,527.635792
116,3.790709,527.605838
116,3.834045,521.642239
116,3.864022,517.595357
