n_threads,Time,GFLOPS
102,1.841872,1085.851510
102,1.856451,1077.324342
102,1.854561,1078.422069
102,1.844153,1084.508738
102,1.851802,1080.029178
