n_threads,Time,GFLOPS
112,1.731054,1155.365340
112,1.726314,1158.537925
112,1.731128,1155.316314
112,1.728567,1157.028043
112,1.726406,1158.475780
