n_threads,Time,GFLOPS
16,1.432655,1396.009984
16,1.428137,1400.425473
16,1.433183,1395.495100
16,1.432975,1395.697640
16,1.428364,1400.203628
