n_threads,Time,GFLOPS
82,1.954366,1023.349911
82,1.969293,1015.592846
82,1.965251,1017.681845
82,1.928916,1036.851893
82,1.957994,1021.453588
