n_threads,Time,GFLOPS
58,2.182515,916.374026
58,2.186285,914.793904
58,2.179989,917.435737
58,2.105555,949.868298
58,2.200987,908.683054
