n_threads,Time,GFLOPS
68,1.593847,1254.825623
68,1.575456,1269.473376
68,1.569168,1274.560612
68,1.596234,1252.949183
68,1.580292,1265.588505
