n_threads,Time,GFLOPS
108,1.383928,1445.162175
108,1.398753,1429.844873
108,1.400163,1428.405416
108,1.393874,1434.849961
108,1.386158,1442.836880
