n_threads,Time,GFLOPS
24,1.173711,1703.996896
24,1.171532,1707.166362
24,1.168478,1711.628941
24,1.174422,1702.964807
24,1.173923,1703.688930
