n_threads,Time,GFLOPS
116,2.550914,784.032798
116,2.509053,797.113613
116,2.554464,782.943063
116,2.544959,785.867196
116,2.573257,777.225163
