n_threads,Time,GFLOPS
66,1.480245,1351.127796
66,1.499146,1334.092673
66,1.466188,1364.081162
66,1.495358,1337.472703
66,1.457480,1372.231104
