n_threads,Time,GFLOPS
84,1.503478,1330.248802
84,1.506974,1327.163348
84,1.489423,1342.801644
84,1.513156,1321.741220
84,1.513728,1321.241221
