n_threads,Time,GFLOPS
88,1.316085,1519.659257
88,1.372239,1457.472472
88,1.338633,1494.061818
88,1.321428,1513.514127
88,1.410085,1418.354654
