n_threads,Time,GFLOPS
124,4.255186,470.014745
124,4.205624,475.553699
124,4.346117,460.180868
124,4.324463,462.485136
124,4.177835,478.716816
