n_threads,Time,GFLOPS
20,2.432249,822.284144
20,2.430200,822.977515
20,2.438724,820.101039
20,2.438171,820.287050
20,2.437413,820.542173
