n_threads,Time,GFLOPS
52,2.586589,773.218984
52,2.510813,796.554740
52,2.520946,793.352956
52,2.617990,763.944734
52,2.662175,751.265408
