n_threads,Time,GFLOPS
96,2.351215,850.624218
96,2.352969,849.989785
96,2.356865,848.584863
96,2.374437,842.304944
96,2.352196,850.269325
