n_threads,Time,GFLOPS
18,3.074029,650.611902
18,3.078003,649.771987
18,3.067824,651.927902
18,3.073924,650.634088
18,3.070918,651.270955
