n_threads,Time,GFLOPS
110,1.531740,1305.704775
110,1.513008,1321.870419
110,1.526042,1310.579852
110,1.527336,1309.469795
110,1.529252,1307.829097
