n_threads,Time,GFLOPS
88,2.318345,862.684190
88,2.371339,843.405291
88,2.435085,821.326656
88,2.523262,792.624856
88,2.441348,819.219587
