n_threads,Time,GFLOPS
112,2.847198,702.444880
112,2.902503,689.060437
112,2.776330,720.375519
112,2.740176,729.880070
112,2.786259,717.808477
