n_threads,Time,GFLOPS
70,2.313375,864.537618
70,2.344088,853.210331
70,2.394033,835.410332
70,2.356643,848.664874
70,2.342705,853.713857
