n_threads,Time,GFLOPS
60,2.224082,899.247302
60,2.232494,895.859185
60,2.269473,881.261891
60,2.231434,896.284722
60,2.276887,878.392391
