n_threads,Time,GFLOPS
12,3.837391,521.187496
12,4.054130,493.324088
12,3.805989,525.487608
12,3.772541,530.146638
12,3.841921,520.572858
