n_threads,Time,GFLOPS
2,10.455808,191.281252
2,10.478902,190.859694
2,10.483835,190.769876
2,10.500599,190.465327
2,10.466497,191.085908
