n_threads,Time,GFLOPS
30,2.200295,908.969202
30,2.206690,906.334906
30,2.196977,910.341866
30,2.190968,912.838717
30,2.197880,909.967627
