n_threads,Time,GFLOPS
50,1.275549,1567.952860
50,1.261948,1584.850957
50,1.261011,1586.029412
50,1.289158,1551.400500
50,1.275517,1567.991316
