n_threads,Time,GFLOPS
96,1.338939,1493.719953
96,1.343867,1488.242396
96,1.338694,1493.993703
96,1.341543,1490.821084
96,1.308351,1528.641348
