n_threads,Time,GFLOPS
66,2.527736,791.221823
66,2.501818,799.418518
66,2.531440,790.064046
66,2.506101,798.052587
66,2.528502,790.982255
