n_threads,Time,GFLOPS
6,3.698761,540.721542
6,3.678314,543.727396
6,3.676841,543.945186
6,3.678539,543.694074
6,3.688267,542.260051
