n_threads,Time,GFLOPS
100,2.470840,809.441337
100,2.483556,805.297055
100,2.494887,801.639594
100,2.458290,813.573630
100,2.470299,809.618563
