n_threads,Time,GFLOPS
90,2.228611,897.419794
90,2.260118,884.909702
90,2.243160,891.599403
90,2.236806,894.132021
90,2.235515,894.648323
