n_threads,Time,GFLOPS
42,1.174812,1702.399829
42,1.170214,1709.088983
42,1.179302,1695.918443
42,1.173049,1704.958105
42,1.177457,1698.575474
