n_threads,Time,GFLOPS
114,3.189211,627.114378
114,3.119979,641.030016
114,3.179271,629.074996
114,3.124111,640.182074
114,3.108934,643.307385
