n_threads,Time,GFLOPS
80,1.426805,1401.733134
80,1.427496,1401.054354
80,1.424000,1404.494818
80,1.429787,1398.809580
80,1.411607,1416.824866
