n_threads,Time,GFLOPS
104,1.252378,1596.961655
104,1.268352,1576.849903
104,1.266766,1578.823739
104,1.274097,1569.738665
104,1.254414,1594.370491
