n_threads,Time,GFLOPS
8,2.705139,739.333551
8,2.715543,736.500944
8,2.699559,740.861836
8,2.692384,742.836184
8,2.712487,737.330797
