n_threads,Time,GFLOPS
24,2.450460,816.173435
24,2.412876,828.886485
24,2.406263,831.164384
24,2.399554,833.488162
24,2.409669,829.989574
