n_threads,Time,GFLOPS
72,1.478695,1352.543958
72,1.491645,1340.801371
72,1.531272,1306.103282
72,1.466327,1363.952236
72,1.482539,1349.036938
