n_threads,Time,GFLOPS
46,1.053575,1898.298230
46,1.036557,1929.465245
46,1.042049,1919.294875
46,1.050095,1904.588888
46,1.041664,1920.004770
