n_threads,Time,GFLOPS
54,1.175919,1700.797741
54,1.185265,1687.386569
54,1.180061,1694.828231
54,1.175776,1701.004826
54,1.185817,1686.600579
