n_threads,Time,GFLOPS
106,2.038766,980.985779
106,2.000648,999.676068
106,2.021597,989.316662
106,2.075385,963.676440
106,1.970671,1014.882593
