n_threads,Time,GFLOPS
36,3.422373,584.389851
36,3.429276,583.213401
36,3.446424,580.311705
36,3.430975,582.924708
36,3.429982,583.093392
