n_threads,Time,GFLOPS
42,1.533070,1304.571585
42,1.514946,1320.179196
42,1.531791,1305.661093
42,1.543038,1296.144194
42,1.536925,1301.300056
