n_threads,Time,GFLOPS
104,1.446702,1382.455154
104,1.432848,1395.821599
104,1.445156,1383.933674
104,1.445930,1383.192803
104,1.438102,1390.721866
