n_threads,Time,GFLOPS
24,1.870121,1069.449682
24,1.899989,1052.637830
24,1.848540,1081.934755
24,1.872295,1068.207895
24,1.853186,1079.222564
