n_threads,Time,GFLOPS
38,3.237650,617.732051
38,3.203721,624.274058
38,3.259020,613.681332
38,3.240603,617.169032
38,3.247151,615.924481
