n_threads,Time,GFLOPS
60,3.723215,537.170228
60,3.768061,530.777019
60,3.724606,536.969615
60,3.754538,532.688657
60,3.786656,528.170444
