n_threads,Time,GFLOPS
44,1.563610,1279.091109
44,1.522286,1313.813212
44,1.533339,1304.343194
44,1.552392,1288.334392
44,1.545314,1294.235122
