n_threads,Time,GFLOPS
102,3.446890,580.233273
102,3.113728,642.316790
102,3.376044,592.409275
102,3.385465,590.760805
102,3.365292,594.301991
