n_threads,Time,GFLOPS
66,1.652615,1210.203291
66,1.677798,1192.038745
66,1.672218,1196.015997
66,1.667892,1199.118315
66,1.647860,1213.695510
