n_threads,Time,GFLOPS
2,21.717155,92.093095
2,22.030253,90.784250
2,22.066895,90.633501
2,21.993089,90.937656
2,21.963840,91.058760
