n_threads,Time,GFLOPS
34,1.681556,1189.374839
34,1.649412,1212.553210
34,1.682383,1188.790185
34,1.676335,1193.079179
34,1.649681,1212.355602
