n_threads,Time,GFLOPS
2,16.394562,121.991667
2,16.374042,122.144551
2,16.350435,122.320906
2,16.411551,121.865388
2,16.419520,121.806237
