n_threads,Time,GFLOPS
64,1.567153,1276.199200
64,1.545061,1294.447688
64,1.552948,1287.872951
64,1.552787,1288.006669
64,1.553643,1287.297302
