n_threads,Time,GFLOPS
32,3.452079,579.361046
32,3.453248,579.164900
32,3.458718,578.248989
32,3.442868,580.911049
32,3.449154,579.852324
