n_threads,Time,GFLOPS
106,1.480876,1350.551848
106,1.467349,1363.002340
106,1.486280,1345.641737
106,1.570491,1273.486950
106,1.450758,1378.589864
