n_threads,Time,GFLOPS
58,3.170407,630.833744
58,3.183734,628.193175
58,3.180979,628.737175
58,3.157933,633.325718
58,3.180434,628.844939
