n_threads,Time,GFLOPS
12,3.092158,646.797488
12,3.074870,650.434018
12,3.077149,649.952264
12,3.090113,647.225504
12,3.098886,645.393129
