n_threads,Time,GFLOPS
26,3.407046,587.018714
26,3.409977,586.514293
26,3.407694,586.907116
26,3.412155,586.139890
26,3.440688,581.279173
