n_threads,Time,GFLOPS
68,3.666505,545.478619
68,3.724001,537.056816
68,3.724594,536.971207
68,3.697454,540.912810
68,3.685307,542.695591
