n_threads,Time,GFLOPS
128,1.308851,1528.057248
128,1.236170,1617.900697
128,1.328614,1505.328539
128,1.320932,1514.082074
128,1.326870,1507.307112
