n_threads,Time,GFLOPS
8,4.361610,458.546278
8,4.367690,457.907981
8,4.350313,459.737046
8,4.356685,459.064615
8,4.351466,459.615192
