n_threads,Time,GFLOPS
6,7.409816,269.912251
6,7.436391,268.947681
6,7.415625,269.700812
6,7.441824,268.751301
6,7.438428,268.874009
