n_threads,Time,GFLOPS
22,3.500891,571.283114
22,3.534720,565.815643
22,3.535676,565.662723
22,3.512795,569.347180
22,3.503563,570.847474
