n_threads,Time,GFLOPS
54,1.520082,1315.718876
54,1.530582,1306.692357
54,1.524715,1311.720403
54,1.528982,1308.060175
54,1.526190,1310.452897
