n_threads,Time,GFLOPS
26,1.810274,1104.805160
26,1.797745,1112.504686
26,1.823177,1096.986035
26,1.813068,1103.102331
26,1.802727,1109.430210
