n_threads,Time,GFLOPS
68,1.790717,1116.871113
68,1.805687,1107.611688
68,1.770553,1129.590874
68,1.760754,1135.876734
68,1.742700,1147.644342
