n_threads,Time,GFLOPS
124,1.614077,1239.098616
124,1.606989,1244.563220
124,1.632224,1225.322229
124,1.590033,1257.835608
124,1.798113,1112.277195
