n_threads,Time,GFLOPS
18,2.203558,907.623091
18,2.264403,883.234826
18,2.218145,901.654200
18,2.212656,903.890919
18,2.210322,904.845641
