n_threads,Time,GFLOPS
62,1.784130,1120.994337
62,1.839091,1087.493494
62,1.835705,1089.499818
62,1.865972,1071.827689
62,1.840265,1086.800194
