n_threads,Time,GFLOPS
80,3.653101,547.480074
80,3.683649,542.939856
80,3.652245,547.608446
80,3.710768,538.972023
80,3.695704,541.168838
