n_threads,Time,GFLOPS
84,3.542528,564.568517
84,3.534674,565.823063
84,3.528188,566.863235
84,3.521610,567.922109
84,3.534588,565.836844
