n_threads,Time,GFLOPS
46,1.521369,1314.605238
46,1.505002,1328.901630
46,1.501044,1332.405733
46,1.522712,1313.446267
46,1.514727,1320.369527
