n_threads,Time,GFLOPS
50,3.190224,626.915303
50,3.168868,631.140220
50,3.179552,629.019342
50,3.170527,630.809984
50,3.186638,627.620716
