n_threads,Time,GFLOPS
52,1.572167,1272.129575
52,1.600414,1249.676760
52,1.596882,1252.440633
52,1.598184,1251.420498
52,1.602945,1247.703369
