n_threads,Time,GFLOPS
94,3.370006,593.470703
94,3.336008,599.518909
94,3.352537,596.563093
94,3.336840,599.369509
94,3.323578,601.761190
