n_threads,Time,GFLOPS
92,3.583368,558.134114
92,3.578318,558.921819
92,3.578269,558.929400
92,3.577007,559.126695
92,3.571843,559.935074
