n_threads,Time,GFLOPS
74,1.776691,1125.688384
74,1.788468,1118.275471
74,1.807526,1106.485007
74,1.809392,1105.343524
74,1.752914,1140.957128
