n_threads,Time,GFLOPS
52,3.515089,568.975697
52,3.509696,569.849967
52,2.953882,677.075075
52,3.561323,561.589095
52,3.530770,566.448723
