n_threads,Time,GFLOPS
56,1.530754,1306.545386
56,1.532645,1304.933556
56,1.523457,1312.803631
56,1.528721,1308.283537
56,1.529375,1307.723630
