n_threads,Time,GFLOPS
88,3.563488,561.247778
88,3.563037,561.318865
88,3.559503,561.876142
88,3.552252,563.023072
88,3.559321,561.904997
