n_threads,Time,GFLOPS
34,3.283486,609.108645
34,3.256464,614.163117
34,3.270549,611.518188
34,3.274632,610.755708
34,3.261984,613.123771
