n_threads,Time,GFLOPS
84,1.529293,1307.793966
84,1.501353,1332.132161
84,1.500429,1332.952443
84,1.508531,1325.793374
84,1.534706,1303.180858
