n_threads,Time,GFLOPS
116,3.694645,541.323937
116,3.691990,541.713293
116,3.706646,539.571407
116,3.714168,538.478601
116,3.719578,537.695448
