n_threads,Time,GFLOPS
82,3.264877,612.580577
82,3.261308,613.250906
82,3.333141,600.034592
82,3.278281,610.075858
82,3.263872,612.769067
