n_threads,Time,GFLOPS
4,11.352422,176.173864
4,11.329295,176.533486
4,11.298515,177.014407
4,11.248607,177.799798
4,11.259040,177.635034
