n_threads,Time,GFLOPS
112,1.413064,1415.364295
112,1.412027,1416.403280
112,1.413037,1415.390681
112,1.462699,1367.335286
112,1.395409,1433.271989
