n_threads,Time,GFLOPS
102,1.459071,1370.735296
102,1.499610,1333.679805
102,1.521355,1314.617330
102,1.541737,1297.238007
102,1.469679,1360.841731
