n_threads,Time,GFLOPS
88,1.515566,1319.638768
88,1.539672,1298.977994
88,1.538778,1299.732776
88,1.548209,1291.815090
88,1.545544,1294.042366
