n_threads,Time,GFLOPS
40,1.528230,1308.703457
40,1.533189,1304.470493
40,1.549974,1290.344442
40,1.534034,1303.751915
40,1.551536,1289.045495
