n_threads,Time,GFLOPS
56,3.656140,547.025045
56,3.661121,546.280713
56,3.682091,543.169564
56,3.656947,546.904237
56,3.620684,552.381764
