n_threads,Time,GFLOPS
64,3.686062,542.584522
64,3.694233,541.384387
64,3.712778,538.680204
64,3.689524,542.075282
64,3.689461,542.084647
