n_threads,Time,GFLOPS
18,3.615163,553.225477
18,3.659629,546.503483
18,3.620111,552.469303
18,3.627114,551.402582
18,3.620173,552.459807
