n_threads,Time,GFLOPS
28,1.673066,1195.410106
28,1.715325,1165.959714
28,1.717014,1164.812888
28,1.718843,1163.573588
28,1.711401,1168.633022
