n_threads,Time,GFLOPS
16,3.860229,518.103976
16,3.848436,519.691647
16,3.866275,517.293839
16,3.883917,514.944074
16,3.859773,518.165190
