n_threads,Time,GFLOPS
108,3.631459,550.742865
108,3.669712,545.001825
108,3.668139,545.235669
108,3.673665,544.415523
108,3.655355,547.142435
