n_threads,Time,GFLOPS
122,1.429878,1398.720877
122,1.413114,1415.313956
122,1.412679,1415.749956
122,1.387578,1441.359940
122,1.435231,1393.503511
