n_threads,Time,GFLOPS
126,3.374797,592.628257
126,3.421628,584.517160
126,3.416493,585.395661
126,3.372260,593.074112
126,3.392536,589.529423
