n_threads,Time,GFLOPS
98,2.881995,693.963672
98,2.905064,688.452902
98,2.875916,695.430573
98,2.918675,685.242527
98,2.951777,677.558049
