n_threads,Time,GFLOPS
82,2.609188,766.522143
82,2.621433,762.941543
82,2.608783,766.641139
82,2.606328,767.363032
82,2.573706,777.089452
