n_threads,Time,GFLOPS
70,1.275928,1567.487045
70,1.234628,1619.921170
70,1.274329,1569.453375
70,1.270264,1574.475592
70,1.265588,1580.293090
