n_threads,Time,GFLOPS
104,1.588272,1259.230502
104,1.580189,1265.671522
104,1.568821,1274.843100
104,1.566064,1277.086882
104,1.572349,1271.982345
