n_threads,Time,GFLOPS
88,1.446827,1382.335432
88,1.455080,1374.494702
88,1.449475,1379.810244
88,1.440455,1388.450463
88,1.440687,1388.226136
