n_threads,Time,GFLOPS
20,2.459158,813.286581
20,2.461143,812.630529
20,2.460295,812.910709
20,2.458418,813.531197
20,2.460636,812.798082
