n_threads,Time,GFLOPS
100,2.928342,682.980413
100,3.000955,666.454519
100,2.961141,675.415281
100,2.989482,669.012136
100,2.970868,673.204021
