n_threads,Time,GFLOPS
60,2.520827,793.390570
60,2.482901,805.509331
60,2.374191,842.392043
60,2.522092,792.992363
60,2.433240,821.949323
