n_threads,Time,GFLOPS
56,1.151271,1737.210861
56,1.184071,1689.088336
56,1.176794,1699.532517
56,1.177101,1699.090106
56,1.184484,1688.499136
