n_threads,Time,GFLOPS
122,3.294530,607.066823
122,3.264830,612.589257
122,3.294800,607.017039
122,3.305109,605.123848
122,3.307329,604.717636
