n_threads,Time,GFLOPS
4,5.276614,379.030981
4,5.272689,379.313087
4,5.265018,379.865744
4,5.281721,378.664487
4,5.244813,381.329141
