n_threads,Time,GFLOPS
48,2.247319,889.949185
48,2.252017,888.092642
48,2.228904,897.302073
48,2.243679,891.393084
48,2.238502,893.454470
