n_threads,Time,GFLOPS
112,3.165827,631.746405
112,3.129530,639.073514
112,3.146475,635.631875
112,3.170858,630.744016
112,3.105719,643.973338
