n_threads,Time,GFLOPS
48,0.993589,2012.904513
48,0.979358,2042.153391
48,0.993304,2013.482555
48,1.001662,1996.680604
48,0.990894,2018.380155
