n_threads,Time,GFLOPS
42,2.315156,863.872536
42,2.308227,866.466042
42,2.311710,865.160402
42,2.307188,866.856031
42,2.310412,865.646641
