n_threads,Time,GFLOPS
4,10.675792,187.339738
4,10.746543,186.106356
4,10.659829,187.620272
4,10.774421,185.624816
4,10.651741,187.762740
