n_threads,Time,GFLOPS
64,1.161323,1722.174056
64,1.124366,1778.779651
64,1.165034,1716.688540
64,1.129748,1770.306925
64,1.165097,1716.594917
