n_threads,Time,GFLOPS
30,1.314196,1521.843254
30,1.292259,1547.677036
30,1.288815,1551.813077
30,1.303175,1534.713739
30,1.291811,1548.213808
