n_threads,Time,GFLOPS
18,1.288649,1552.013090
18,1.277611,1565.422261
18,1.286736,1554.319987
18,1.273220,1570.820938
18,1.302907,1535.028732
