n_threads,Time,GFLOPS
66,2.564082,780.006280
66,2.688906,743.797023
66,2.629004,760.744245
66,2.650479,754.580624
66,2.462787,812.087967
