n_threads,Time,GFLOPS
124,3.361519,594.969105
124,3.360395,595.168089
124,3.398289,588.531527
124,3.362581,594.781229
124,3.422931,584.294571
