n_threads,Time,GFLOPS
96,2.880072,694.426966
96,2.941847,679.844966
96,2.894276,691.019211
96,2.895411,690.748233
96,2.865950,697.848994
