n_threads,Time,GFLOPS
26,1.239386,1613.702405
26,1.240433,1612.339700
26,1.240702,1611.990469
26,1.237807,1615.760533
26,1.229089,1627.220918
