n_threads,Time,GFLOPS
108,3.171316,630.652942
108,3.140569,636.827223
108,3.171345,630.647299
108,3.153507,634.214638
108,3.104170,644.294611
