n_threads,Time,GFLOPS
68,2.565121,779.690285
68,2.517737,794.364134
68,2.551741,783.778688
68,2.481600,805.931801
68,2.630280,760.375348
