n_threads,Time,GFLOPS
92,1.447671,1381.528922
92,1.450802,1378.547760
92,1.439804,1389.077732
92,1.441412,1387.528426
92,1.432875,1395.795184
