n_threads,Time,GFLOPS
90,1.475749,1355.243798
90,1.463243,1366.826928
90,1.477139,1353.968954
90,1.464477,1365.675645
90,1.488336,1343.782899
