n_threads,Time,GFLOPS
58,2.450751,816.076535
58,2.480800,806.191558
58,2.413140,828.795577
58,2.497072,800.938111
58,2.448600,816.793206
