n_threads,Time,GFLOPS
18,2.832786,706.018636
18,2.818807,709.519990
18,2.818229,709.665657
18,2.821483,708.847171
18,2.821705,708.791395
