n_threads,Time,GFLOPS
62,2.464843,811.410683
62,2.416948,827.489771
62,2.468866,810.088354
62,2.446052,817.644246
62,2.457218,813.928488
