n_threads,Time,GFLOPS
68,1.193975,1675.076351
68,1.242014,1610.287820
68,1.217430,1642.805597
68,1.248245,1602.249507
68,1.241118,1611.450231
