n_threads,Time,GFLOPS
28,1.237084,1616.704790
28,1.249729,1600.347282
28,1.230419,1625.462509
28,1.282428,1559.541167
28,1.250280,1599.642274
