n_threads,Time,GFLOPS
32,0.910806,2195.856580
32,0.911113,2195.116480
32,0.917938,2178.795392
32,0.916777,2181.554836
32,0.944200,2118.195098
