n_threads,Time,GFLOPS
112,1.613388,1239.627472
112,1.611614,1240.992070
112,1.651701,1210.873263
112,1.632951,1224.776239
112,1.621138,1233.701215
