n_threads,Time,GFLOPS
50,2.287862,874.178700
50,2.311799,865.127178
50,2.293649,871.972845
50,2.320803,861.770596
50,2.285215,875.190986
