n_threads,Time,GFLOPS
116,1.704948,1173.056357
116,1.680498,1190.123473
116,1.657872,1206.365693
116,1.671897,1196.245752
116,1.674791,1194.178854
