n_threads,Time,GFLOPS
104,3.062895,652.976925
104,2.993032,668.218666
104,3.030483,659.960845
104,3.008812,664.714279
104,3.047268,656.325639
