n_threads,Time,GFLOPS
98,1.530100,1307.104352
98,1.503588,1330.151289
98,1.522057,1314.011461
98,1.504413,1329.421809
98,1.514595,1320.484685
