n_threads,Time,GFLOPS
12,3.700146,540.519141
12,3.697926,540.843778
12,3.691493,541.786163
12,3.693253,541.528022
12,3.696265,541.086742
