n_threads,Time,GFLOPS
100,1.476660,1354.407713
100,1.477076,1354.026235
100,1.424602,1403.900741
100,1.437401,1391.400510
100,1.463523,1366.565064
