n_threads,Time,GFLOPS
26,2.251488,888.301395
26,2.246857,890.132338
26,2.254787,887.001669
26,2.257061,886.108220
26,2.266051,882.592734
