n_threads,Time,GFLOPS
60,1.153542,1733.790374
60,1.161183,1722.380822
60,1.171273,1707.544014
60,1.155541,1730.791723
60,1.120699,1784.600876
