n_threads,Time,GFLOPS
42,0.987290,2025.746825
42,0.985307,2029.824176
42,0.977825,2045.355737
42,0.986500,2027.369889
42,0.991180,2017.797651
