n_threads,Time,GFLOPS
44,2.217385,901.963320
44,2.266152,882.553513
44,2.254148,887.253318
44,2.196006,910.744517
44,2.242663,891.796943
