n_threads,Time,GFLOPS
40,0.999693,2000.614401
40,0.995051,2009.947364
40,0.997379,2005.256439
40,1.007395,1985.319206
40,0.997097,2005.822880
