n_threads,Time,GFLOPS
72,2.521080,793.310916
72,2.622313,762.685361
72,2.526166,791.713629
72,2.592496,771.457268
72,2.520313,793.552111
