n_threads,Time,GFLOPS
16,1.376262,1453.211630
16,1.375568,1453.944722
16,1.378737,1450.603463
16,1.388687,1440.209834
16,1.377477,1451.930293
