n_threads,Time,GFLOPS
114,1.695828,1179.365164
114,1.684555,1187.257443
114,1.680786,1189.919150
114,1.677049,1192.570975
114,1.679276,1190.989722
