n_threads,Time,GFLOPS
80,2.527879,791.177040
80,2.580082,775.169211
80,2.550462,784.171633
80,2.517097,794.566072
80,2.498559,800.461527
