n_threads,Time,GFLOPS
84,1.360381,1470.176525
84,1.379877,1449.404482
84,1.376996,1452.436943
84,1.351471,1479.868943
84,1.375276,1454.253614
