Size,Time,GFLOPS
2000,0.073231,218.485346
2000,0.067958,235.438085
2000,0.092445,173.076546
2000,0.072606,220.368765
2000,0.069837,229.105424
