Size,Time,GFLOPS
2000,0.097388,164.291488
2000,0.070658,226.442443
2000,0.109957,145.512045
2000,0.090888,176.040255
2000,0.098984,161.642001
