Size,Time,GFLOPS
3000,0.202397,266.803030
3000,0.163677,329.917484
3000,0.223007,242.144686
3000,0.197506,273.409231
3000,0.201759,267.645728
