Size,Time,GFLOPS
3000,0.377419,143.077180
3000,0.362885,148.807643
3000,0.322156,167.620879
3000,0.320911,168.270825
3000,0.330273,163.501333
