Size,Time,GFLOPS
2000,0.169600,94.339368
2000,0.181022,88.387069
2000,0.276907,57.781191
2000,0.206642,77.428570
2000,0.191722,83.454038
