Size,Time,GFLOPS
3000,0.314525,171.687207
3000,0.178676,302.223490
3000,0.318635,169.472993
3000,0.358335,150.696854
3000,0.155405,347.478861
