Size,Time,GFLOPS
3000,0.108539,497.519162
3000,0.106255,508.210771
3000,0.105092,513.834352
3000,0.111313,485.116840
3000,0.112608,479.537807
