Size,Time,GFLOPS
16000,8.510238,962.605327
16000,8.529510,960.430292
16000,8.563313,956.639121
16000,8.511422,962.471340
16000,8.357908,980.149585
