Size,Time,GFLOPS
19000,14.221590,964.589736
19000,14.245658,962.960063
19000,14.120183,971.517150
19000,14.100943,972.842768
19000,14.093191,973.377829
