Size,Time,GFLOPS
8000,1.038858,985.697670
8000,1.037202,987.271371
8000,1.044143,980.708260
8000,1.036882,987.576106
8000,1.037137,987.333239
