Size,Time,GFLOPS
10000,4.670232,428.244273
10000,4.677565,427.572915
10000,4.701685,425.379443
10000,4.715018,424.176546
10000,4.707006,424.898529
