Size,Time,GFLOPS
15000,16.310963,413.832090
15000,16.428635,410.867972
15000,16.430748,410.815126
15000,16.376917,412.165480
15000,16.352601,412.778360
