Size,Time,GFLOPS
16000,19.380295,422.697376
16000,19.456539,421.040961
16000,19.526367,419.535298
16000,19.399683,422.274937
16000,19.474048,420.662404
