Size,Time,GFLOPS
15000,7.041159,958.649034
15000,6.921039,975.287070
15000,6.942758,972.236128
15000,6.946084,971.770519
15000,6.927116,974.431500
