Size,Time,GFLOPS
17000,10.206537,962.716376
17000,10.115909,971.341266
17000,10.037998,978.880462
17000,10.043251,978.368417
17000,10.061470,976.596907
