Size,Time,GFLOPS
6000,0.913641,472.833469
6000,0.929983,464.524682
6000,0.923636,467.716673
6000,0.927910,465.562532
6000,0.927672,465.682064
