Size,Time,GFLOPS
20000,38.216158,418.671075
20000,38.404931,416.613169
20000,38.058657,420.403691
20000,38.063750,420.347448
20000,37.995356,421.104095
