Size,Time,GFLOPS
12000,3.564476,969.567509
12000,3.572520,967.384283
12000,3.565883,969.184896
12000,3.559171,971.012576
12000,3.570159,968.024202
