Size,Time,GFLOPS
9000,3.389484,430.153931
9000,3.412477,427.255647
9000,3.395828,429.350328
9000,3.408316,427.777276
9000,3.411259,427.408224
