Size,Time,GFLOPS
14000,5.740945,955.940113
14000,5.809404,944.675293
14000,5.727657,958.157978
14000,5.749284,954.553713
14000,5.772487,950.716712
