Size,Time,GFLOPS
13000,4.640581,946.864215
13000,4.617082,951.683334
13000,4.624076,950.243983
13000,4.612160,952.699017
13000,4.584847,958.374497
