Size,Time,GFLOPS
4000,0.272482,469.755585
4000,0.271692,471.121784
4000,0.272080,470.449183
4000,0.271484,471.482952
4000,0.271413,471.605754
