Size,Time,GFLOPS
14000,13.291755,412.887530
14000,13.252561,414.108642
14000,13.268216,413.620052
14000,13.272759,413.478462
14000,13.303468,412.524024
