Size,Time,GFLOPS
15000,6.915964,976.002810
15000,6.969114,968.559333
15000,6.984969,966.360814
15000,6.973626,967.932600
15000,6.944790,971.951650
