Size,Time,GFLOPS
11000,6.469227,411.486548
11000,6.498823,409.612661
11000,6.473967,411.185272
11000,6.507017,409.096804
11000,6.476082,411.050986
