Size,Time,GFLOPS
20000,16.317936,980.516145
20000,16.434339,973.571251
20000,16.284057,982.556127
20000,16.382679,976.641238
20000,16.307910,981.118992
