Size,Time,GFLOPS
11000,2.774187,959.560368
11000,2.778340,958.126242
11000,2.782717,956.618953
11000,2.782953,956.538049
11000,2.784409,956.037580
