Size,Time,GFLOPS
6000,0.436493,989.705956
6000,0.439228,983.544810
6000,0.436420,989.871479
6000,0.436983,988.597616
6000,0.440868,979.885602
