Size,Time,GFLOPS
15000,16.441586,410.544344
15000,16.393835,411.740134
15000,16.360190,412.586902
15000,16.418404,411.123992
15000,16.347285,412.912604
