Size,Time,GFLOPS
13000,10.668536,411.865306
13000,10.887682,403.575360
13000,10.672799,411.700802
13000,10.621194,413.701116
13000,10.719567,409.904599
