Size,Time,GFLOPS
7000,1.506054,455.494887
7000,1.538653,445.844533
7000,1.488019,461.015773
7000,1.521743,450.798843
7000,1.529533,448.502864
