Size,Time,GFLOPS
10000,4.796091,417.006280
10000,4.680745,427.282453
10000,4.646962,430.388672
10000,4.717250,423.975873
10000,4.659909,429.192954
