Size,Time,GFLOPS
12000,8.444786,409.246599
12000,8.454843,408.759804
12000,8.487373,407.193119
12000,8.480184,407.538343
12000,8.480131,407.540894
