Size,Time,GFLOPS
5000,0.256329,975.309239
5000,0.255863,977.084339
5000,0.256547,974.478950
5000,0.257966,969.120476
5000,0.256287,975.469475
