Size,Time,GFLOPS
9000,1.470578,991.446936
9000,1.472726,990.000763
9000,1.486404,980.890924
9000,1.474830,988.588680
9000,1.475202,988.338963
