Size,Time,GFLOPS
18000,27.140702,429.760442
18000,27.362594,426.275381
18000,27.365037,426.237323
18000,27.414575,425.467118
18000,27.317336,426.981612
