Size,Time,GFLOPS
2000,0.038342,417.298254
2000,0.039413,405.955303
2000,0.038460,416.015505
2000,0.039185,408.320364
2000,0.038527,415.297084
