Size,Time,GFLOPS
19000,14.159984,968.786379
19000,14.232728,963.834911
19000,14.185614,967.036033
19000,14.153053,969.260821
19000,14.197031,966.258389
