Size,Time,GFLOPS
7000,1.536154,446.569756
7000,1.542619,444.698403
7000,1.521372,450.908674
7000,1.526479,449.400303
7000,1.520542,451.155024
