Size,Time,GFLOPS
9000,1.471626,990.740847
9000,1.470475,991.516436
9000,1.474007,989.140792
9000,1.468675,992.731651
9000,1.469911,991.896526
