Size,Time,GFLOPS
4000,0.134629,950.760620
4000,0.134583,951.083170
4000,0.134427,952.192625
4000,0.135178,946.900330
4000,0.135582,944.076305
