Size,Time,GFLOPS
12000,8.481425,407.478710
12000,8.503115,406.439292
12000,8.482236,407.439747
12000,8.443471,409.310321
12000,8.448043,409.088830
