Size,Time,GFLOPS
18000,11.949092,976.141089
18000,11.945063,976.470384
18000,12.064111,966.834628
18000,11.987246,973.034157
18000,12.027054,969.813591
