Size,Time,GFLOPS
16000,8.464432,967.814501
16000,8.467056,967.514619
16000,8.472328,966.912467
16000,8.473725,966.753121
16000,8.468324,967.369748
