Size,Time,GFLOPS
6000,0.907047,476.270683
6000,0.921371,468.866534
6000,0.906539,476.537733
6000,0.922461,468.312432
6000,0.910882,474.265783
