Size,Time,GFLOPS
17000,23.094298,425.472997
17000,22.996225,427.287530
17000,22.946936,428.205316
17000,22.868583,429.672455
17000,22.894679,429.182696
