Size,Time,GFLOPS
8000,2.349731,435.794553
8000,2.351858,435.400435
8000,2.340027,437.601766
8000,2.340348,437.541748
8000,2.345715,436.540597
