Size,Time,GFLOPS
10000,2.052693,974.329938
10000,2.044575,978.198494
10000,2.041639,979.605164
10000,2.039713,980.530332
10000,2.055562,972.969735
