Size,Time,GFLOPS
2000,0.038453,416.096430
2000,0.038476,415.840984
2000,0.039057,409.660627
2000,0.038265,418.132155
2000,0.038571,414.815015
