Size,Time,GFLOPS
8000,1.038619,985.924138
8000,1.038915,985.643424
8000,1.038247,986.278114
8000,1.039458,985.129256
8000,1.039073,985.493444
