Size,Time,GFLOPS
7000,0.689883,994.372011
7000,0.690578,993.371311
7000,0.695830,985.872438
7000,0.689450,994.995919
7000,0.692539,990.558264
