Size,Time,GFLOPS
5000,0.525848,475.422391
5000,0.527069,474.321415
5000,0.525022,476.170971
5000,0.525515,475.723932
5000,0.527855,473.614567
