Size,Time,GFLOPS
2000,0.020842,767.687385
2000,0.020819,768.525315
2000,0.021203,754.600943
2000,0.020814,768.705130
2000,0.020895,765.718881
