Size,Time,GFLOPS
19000,32.772040,418.588534
19000,32.839887,417.723728
19000,32.752620,418.836727
19000,32.781526,418.467402
19000,32.792169,418.331587
