Size,Time,GFLOPS
14000,13.213300,415.339084
14000,13.249461,414.205519
14000,13.227027,414.908053
14000,13.226027,414.939437
14000,13.248978,414.220637
