Size,Time,GFLOPS
3000,0.117820,458.324665
3000,0.117223,460.659763
3000,0.117288,460.405298
3000,0.117457,459.741834
3000,0.117230,460.633624
