Size,Time,GFLOPS
2000,0.021146,756.640776
2000,0.021227,753.756652
2000,0.021296,751.322492
2000,0.021070,759.356362
2000,0.021063,759.612685
