Size,Time,GFLOPS
3000,0.117640,459.028474
3000,0.117811,458.360087
3000,0.117602,459.177457
3000,0.117947,457.830834
3000,0.117386,460.021202
