Size,Time,GFLOPS
6000,0.436546,989.586782
6000,0.439443,983.062822
6000,0.436652,989.345690
6000,0.436507,989.675737
6000,0.436444,989.817808
