Size,Time,GFLOPS
3000,0.060643,890.456341
3000,0.060148,897.779358
3000,0.059293,910.724371
3000,0.059900,901.499840
3000,0.059451,908.307196
