Size,Time,GFLOPS
17000,10.163891,966.755764
17000,10.232071,960.313890
17000,10.222109,961.249824
17000,10.184154,964.832251
17000,10.223597,961.109841
