Size,Time,GFLOPS
4000,0.273025,468.821449
4000,0.273237,468.457280
4000,0.272731,469.327079
4000,0.273030,468.813792
4000,0.272488,469.745414
