Size,Time,GFLOPS
10000,2.044794,978.093672
10000,2.029966,985.238083
10000,2.042534,979.175827
10000,2.039195,980.779125
10000,2.030896,984.786790
