Size,Time,GFLOPS
16000,9.932775,824.744345
16000,9.929725,824.997697
16000,9.922586,825.591259
16000,9.934824,824.574235
16000,9.929804,824.991115
