Size,Time,GFLOPS
3000,0.039870,1354.415054
3000,0.040188,1343.670205
3000,0.040779,1324.205113
3000,0.040120,1345.964328
3000,0.040838,1322.286365
