Size,Time,GFLOPS
11000,3.236038,822.610845
11000,3.236718,822.438097
11000,3.238258,822.046974
11000,3.234058,823.114552
11000,3.238143,822.076161
