Size,Time,GFLOPS
16000,9.949572,823.351969
16000,9.944242,823.793300
16000,9.935142,824.547820
16000,9.977377,821.057470
16000,9.953908,822.993301
