Size,Time,GFLOPS
15000,4.170224,1618.618003
15000,4.168657,1619.226674
15000,4.162604,1621.580920
15000,4.164386,1620.887036
15000,4.164914,1620.681771
