Size,Time,GFLOPS
5000,0.315668,791.971236
5000,0.315790,791.665174
5000,0.315568,792.222753
5000,0.315588,792.173024
5000,0.315853,791.506878
