Size,Time,GFLOPS
13000,2.712177,1620.100878
13000,2.709814,1621.513394
13000,2.711126,1620.729092
13000,2.710350,1621.192563
13000,2.712270,1620.045324
