Size,Time,GFLOPS
8000,1.250186,819.078019
8000,1.250163,819.093116
8000,1.249968,819.220712
8000,1.249067,819.812028
8000,1.250422,818.923702
