Size,Time,GFLOPS
4000,0.085790,1492.008012
4000,0.086062,1487.302498
4000,0.086499,1479.791419
4000,0.086264,1483.821798
4000,0.086239,1484.254805
