Size,Time,GFLOPS
9000,0.903485,1613.750323
9000,0.902626,1615.286365
9000,0.904214,1612.449756
9000,0.903865,1613.072606
9000,0.903626,1613.498788
