Size,Time,GFLOPS
6000,0.528938,816.730993
6000,0.529318,816.145273
6000,0.528901,816.788184
6000,0.528963,816.692576
6000,0.529483,815.890575
