Size,Time,GFLOPS
9000,0.898571,1622.576881
9000,0.901315,1617.636496
9000,0.900688,1618.762264
9000,0.900605,1618.911838
9000,0.900075,1619.865317
