Size,Time,GFLOPS
11000,3.246020,820.081132
11000,3.246728,819.902411
11000,3.246804,819.883192
11000,3.246166,820.044221
11000,3.245212,820.285448
