Size,Time,GFLOPS
16000,5.032808,1627.719716
16000,5.023489,1630.739143
16000,5.022841,1630.949353
16000,5.035421,1626.874957
16000,5.033817,1627.393257
