Size,Time,GFLOPS
7000,0.431192,1590.938821
7000,0.431098,1591.284962
7000,0.431682,1589.131733
7000,0.431339,1590.395241
7000,0.431066,1591.403234
