Size,Time,GFLOPS
2000,0.015619,1024.406157
2000,0.016534,967.700691
2000,0.016313,980.811887
2000,0.015809,1012.059063
2000,0.016076,995.256669
