Size,Time,GFLOPS
20000,9.876334,1620.034257
20000,9.888914,1617.973433
20000,9.895240,1616.939094
20000,9.885605,1618.514975
20000,9.919383,1613.003486
