Size,Time,GFLOPS
13000,5.340437,822.779065
13000,5.341269,822.650995
13000,5.335991,823.464727
13000,5.340735,822.733191
13000,5.333797,823.803450
