Size,Time,GFLOPS
16000,5.029516,1628.784962
16000,5.036170,1626.632954
16000,5.032974,1627.665792
16000,5.037522,1626.196445
16000,5.032512,1627.815426
