Size,Time,GFLOPS
6000,0.279325,1546.586011
6000,0.277600,1556.198449
6000,0.277053,1559.270756
6000,0.277959,1554.188090
6000,0.277819,1554.971974
