Size,Time,GFLOPS
13000,5.325838,825.034444
13000,5.325114,825.146717
13000,5.325942,825.018424
13000,5.328981,824.547884
13000,5.324960,825.170454
