Size,Time,GFLOPS
19000,8.404031,1632.311878
19000,8.464873,1620.579617
19000,8.406697,1631.794305
19000,8.448523,1623.715688
19000,8.452856,1622.883358
