Size,Time,GFLOPS
18000,7.147123,1631.985256
18000,7.143696,1632.768317
18000,7.147507,1631.897724
18000,7.145916,1632.260990
18000,7.148745,1631.615026
