Size,Time,GFLOPS
19000,16.568799,827.941722
19000,16.581485,827.308286
19000,16.568744,827.944492
19000,16.597245,826.522726
19000,16.575288,827.617575
