Size,Time,GFLOPS
9000,1.774909,821.450753
9000,1.770032,823.714024
9000,1.771306,823.121317
9000,1.775550,821.153950
9000,1.774816,821.493514
