Size,Time,GFLOPS
10000,1.244647,1606.881014
10000,1.245164,1606.214657
10000,1.241004,1611.598481
10000,1.247112,1603.705040
10000,1.247165,1603.637491
