Size,Time,GFLOPS
15000,8.188528,824.323969
15000,8.187906,824.386616
15000,8.266411,816.557487
15000,8.189911,824.184778
15000,8.188248,824.352199
