Size,Time,GFLOPS
3000,0.075308,717.052322
3000,0.075948,711.008988
3000,0.075708,713.264341
3000,0.076605,704.911740
3000,0.076080,709.782436
