Size,Time,GFLOPS
7000,0.431102,1591.270670
7000,0.431654,1589.235738
7000,0.431670,1589.178199
7000,0.431007,1591.621888
7000,0.431431,1590.058911
