Size,Time,GFLOPS
7000,0.848504,808.482165
7000,0.848976,808.032597
7000,0.848221,808.751539
7000,0.848348,808.630033
7000,0.848635,808.356503
