Size,Time,GFLOPS
5000,0.167007,1496.944344
5000,0.166920,1497.720760
5000,0.169234,1477.243748
5000,0.166602,1500.581127
5000,0.166879,1498.087697
