Size,Time,GFLOPS
11000,1.642585,1620.616052
11000,1.643208,1620.001935
11000,1.642594,1620.606966
11000,1.638312,1624.843231
11000,1.642550,1620.650774
