Size,Time,GFLOPS
8000,0.632004,1620.243469
8000,0.633367,1616.756555
8000,0.633236,1617.091007
8000,0.633961,1615.241930
8000,0.633450,1616.543530
