Size,Time,GFLOPS
18000,14.087827,827.948827
18000,14.091268,827.746679
18000,14.102515,827.086488
18000,14.099625,827.256065
18000,14.078098,828.520999
