Size,Time,GFLOPS
4000,0.162915,785.685435
4000,0.163537,782.697733
4000,0.163039,785.086064
4000,0.163258,784.033650
4000,0.163071,784.935932
