Size,Time,GFLOPS
19000,8.457269,1622.036611
19000,8.453221,1622.813386
19000,8.451219,1623.197743
19000,8.443131,1624.752731
19000,8.449446,1623.538464
