Size,Time,GFLOPS
3000,0.075789,712.508430
3000,0.076302,707.713379
3000,0.075656,713.761298
3000,0.075999,710.533019
3000,0.076340,707.358235
