Size,Time,GFLOPS
17000,11.933758,823.378518
17000,11.943662,822.695728
17000,11.958524,821.673337
17000,11.973041,820.677029
17000,11.957125,821.769457
