Size,Time,GFLOPS
8000,0.631686,1621.057809
8000,0.632313,1619.451390
8000,0.633872,1615.468770
8000,0.632951,1617.818790
8000,0.632964,1617.786808
