Size,Time,GFLOPS
6000,0.277991,1554.005383
6000,0.277828,1554.919817
6000,0.277592,1556.238426
6000,0.278371,1551.888229
6000,0.277104,1558.980323
