Size,Time,GFLOPS
20000,9.873096,1620.565591
20000,9.866664,1621.622056
20000,9.873971,1620.421983
20000,9.878390,1619.697109
20000,9.870614,1620.973043
