Size,Time,GFLOPS
10000,2.448860,816.706494
10000,2.447792,817.062890
10000,2.446893,817.363052
10000,2.446852,817.376921
10000,2.447798,817.060785
