Size,Time,GFLOPS
12000,2.143665,1612.192078
12000,2.142893,1612.773018
12000,2.144532,1611.540294
12000,2.143057,1612.649274
12000,2.140793,1614.354818
