Size,Time,GFLOPS
12000,4.205620,821.757499
12000,4.205770,821.728156
12000,4.205550,821.771296
12000,4.208163,821.261020
12000,4.204541,821.968441
