Size,Time,GFLOPS
4000,0.163777,781.550776
4000,0.164092,780.049945
4000,0.163761,781.628630
4000,0.164190,779.583744
4000,0.163810,781.394017
