Size,Time,GFLOPS
10000,2.438424,820.201776
10000,2.438575,820.151098
10000,2.438225,820.268980
10000,2.440352,819.553938
10000,2.439107,819.972273
