Size,Time,GFLOPS
11000,1.640478,1622.697517
11000,1.638560,1624.597175
11000,1.636999,1626.146169
11000,1.637905,1625.247247
11000,1.637653,1625.497373
