Size,Time,GFLOPS
20000,19.476984,821.482425
20000,19.438513,823.108215
20000,19.473608,821.624829
20000,19.405708,824.499693
20000,19.407985,824.402941
