Size,Time,GFLOPS
5000,0.167631,1491.369584
5000,0.167411,1493.326334
5000,0.166773,1499.039323
5000,0.166807,1498.739635
5000,0.167407,1493.367403
