Size,Time,GFLOPS
15000,8.197245,823.447389
15000,8.201689,823.001226
15000,8.199753,823.195517
15000,8.201307,823.039550
15000,8.202439,822.925998
