Size,Time,GFLOPS
6000,0.531298,813.102277
6000,0.531563,812.698137
6000,0.531174,813.293126
6000,0.531744,812.420605
6000,0.531575,812.679619
