Size,Time,GFLOPS
5000,0.313585,797.231787
5000,0.314301,795.415158
5000,0.314515,794.873445
5000,0.314020,796.128533
5000,0.313925,796.368539
