Size,Time,GFLOPS
17000,6.041895,1626.310972
17000,6.039805,1626.873698
17000,6.045402,1625.367603
17000,6.050492,1624.000101
17000,6.040840,1626.594902
