Size,Time,GFLOPS
10000,1.243559,1608.286896
10000,1.242263,1609.965664
10000,1.244019,1607.692014
10000,1.244259,1607.382399
10000,1.244487,1607.087611
