Size,Time,GFLOPS
14000,6.691633,820.128711
14000,6.658068,824.263094
14000,6.678847,821.698726
14000,6.686391,820.771683
14000,6.674410,822.245021
