Size,Time,GFLOPS
14000,3.362965,1631.893467
14000,3.363965,1631.408002
14000,3.361484,1632.612293
14000,3.362910,1631.920197
14000,3.364609,1631.095962
