Size,Time,GFLOPS
2000,0.027428,583.346571
2000,0.026598,601.557153
2000,0.027063,591.207896
2000,0.026556,602.511176
2000,0.027134,589.667818
