Size,Time,GFLOPS
7000,0.431149,1591.095447
7000,0.429422,1597.494994
7000,0.429541,1597.054120
7000,0.429862,1595.860633
7000,0.430180,1594.681830
