Size,Time,GFLOPS
17000,12.253266,801.908622
17000,12.286320,799.751270
17000,12.345711,795.903936
17000,12.236470,803.009358
17000,12.267022,801.009400
