Size,Time,GFLOPS
11000,1.668139,1595.790538
11000,1.661739,1601.936244
11000,1.667273,1596.618874
11000,1.658983,1604.597623
11000,1.662329,1601.367246
