Size,Time,GFLOPS
6000,0.277057,1559.244181
6000,0.277387,1557.390938
6000,0.276715,1561.172676
6000,0.279001,1548.379871
6000,0.278027,1553.804545
