Size,Time,GFLOPS
4000,0.082687,1548.015548
4000,0.083452,1533.816324
4000,0.083631,1530.539012
4000,0.083363,1535.461078
4000,0.083041,1541.414904
