Size,Time,GFLOPS
9000,1.821480,800.447895
9000,1.806754,806.972244
9000,1.813604,803.924118
9000,1.811323,804.936721
9000,1.800655,809.705569
