Size,Time,GFLOPS
8000,1.278249,801.096075
8000,1.279101,800.562129
8000,1.308087,782.822784
8000,1.300023,787.678412
8000,1.282729,798.297820
