Size,Time,GFLOPS
2000,0.014229,1124.459618
2000,0.014729,1086.316540
2000,0.013393,1194.658830
2000,0.013353,1198.204879
2000,0.014243,1123.378167
