Size,Time,GFLOPS
12000,2.135407,1618.426757
12000,2.158588,1601.046408
12000,2.161225,1599.093053
12000,2.136485,1617.610194
12000,2.137372,1616.938942
