Size,Time,GFLOPS
12000,4.304759,802.832483
12000,4.311618,801.555255
12000,4.312279,801.432382
12000,4.314914,800.942936
12000,4.368465,791.124544
