Size,Time,GFLOPS
18000,14.440838,807.709353
18000,14.458980,806.695885
18000,14.455464,806.892133
18000,14.487657,805.099114
18000,14.455291,806.901771
