Size,Time,GFLOPS
15000,4.147827,1627.357992
15000,4.143118,1629.207661
15000,4.142523,1629.441751
15000,4.145158,1628.405894
15000,4.150585,1626.276931
