Size,Time,GFLOPS
17000,6.028493,1629.926490
17000,6.103753,1609.829213
17000,6.021999,1631.684002
17000,6.117428,1606.230669
17000,6.073505,1617.846743
