Size,Time,GFLOPS
2000,0.024556,651.565151
2000,0.024005,666.528917
2000,0.023918,668.964979
2000,0.023805,672.116326
2000,0.024854,643.767534
