Size,Time,GFLOPS
5000,0.165036,1514.821045
5000,0.164568,1519.129000
5000,0.165346,1511.976813
5000,0.164149,1523.002018
5000,0.164702,1517.890968
