Size,Time,GFLOPS
11000,3.328066,799.864012
11000,3.335706,798.032027
11000,3.324049,800.830574
11000,3.341069,796.751038
11000,3.330490,799.281736
