Size,Time,GFLOPS
14000,3.361150,1632.774536
14000,3.377960,1624.649145
14000,3.383078,1622.191357
14000,3.357828,1634.390058
14000,3.384969,1621.285147
