Size,Time,GFLOPS
20000,9.915963,1613.559869
20000,9.851971,1624.040562
20000,9.821455,1629.086531
20000,9.825116,1628.479526
20000,9.832772,1627.211502
