Size,Time,GFLOPS
11000,1.654576,1608.871153
11000,1.654924,1608.533089
11000,1.654761,1608.691889
11000,1.655200,1608.264403
11000,1.654152,1609.283899
