Size,Time,GFLOPS
16000,10.221891,801.417276
16000,10.195056,803.526709
16000,10.210105,802.342362
16000,10.206914,802.593206
16000,10.206616,802.616693
