Size,Time,GFLOPS
19000,8.366962,1639.543786
19000,8.371203,1638.713147
19000,8.366525,1639.629396
19000,8.353832,1642.120623
19000,8.374476,1638.072663
