Size,Time,GFLOPS
14000,6.872454,798.550285
14000,6.867648,799.109066
14000,6.846564,801.569993
14000,6.860985,799.885121
14000,6.862633,799.693071
