Size,Time,GFLOPS
18000,7.169982,1626.782260
18000,7.162005,1628.594314
18000,7.159686,1629.121715
18000,7.159505,1629.162978
18000,7.162705,1628.435150
