Size,Time,GFLOPS
17000,12.279125,800.219917
17000,12.268314,800.925061
17000,12.296062,799.117640
17000,12.252069,801.986998
17000,12.269671,800.836495
