Size,Time,GFLOPS
19000,8.379609,1637.069192
19000,8.365756,1639.780017
19000,8.418609,1629.485409
19000,8.370987,1638.755461
19000,8.369322,1639.081321
