Size,Time,GFLOPS
4000,0.162835,786.074059
4000,0.162098,789.645809
4000,0.162336,788.485869
4000,0.162222,789.043587
4000,0.162545,787.475929
