Size,Time,GFLOPS
5000,0.324100,771.365722
5000,0.324569,770.252703
5000,0.324252,771.006238
5000,0.324165,771.212317
5000,0.323951,771.720908
