Size,Time,GFLOPS
13000,5.572650,788.493797
13000,5.450672,806.139135
13000,5.479837,801.848718
13000,5.447922,806.546044
13000,5.479705,801.867931
