Size,Time,GFLOPS
3000,0.074231,727.458673
3000,0.073257,737.128759
3000,0.073387,735.820955
3000,0.073870,731.009065
3000,0.072977,739.957756
