Size,Time,GFLOPS
8000,0.633349,1616.801059
8000,0.637823,1605.461232
8000,0.634466,1613.956744
8000,0.636951,1607.659536
8000,0.634227,1614.563911
