Size,Time,GFLOPS
15000,8.435523,800.187462
15000,8.435520,800.187811
15000,8.620076,783.055746
15000,8.454091,798.430016
15000,8.445808,799.213028
