Size,Time,GFLOPS
2000,0.014144,1131.193008
2000,0.014673,1090.425661
2000,0.014642,1092.733384
2000,0.014499,1103.545692
2000,0.013259,1206.750987
