Size,Time,GFLOPS
7000,0.865231,792.851882
7000,0.865105,792.967518
7000,0.867309,790.951799
7000,0.866374,791.805421
7000,0.867645,790.646006
