Size,Time,GFLOPS
6000,0.277135,1558.807777
6000,0.280034,1542.672435
6000,0.277114,1558.923362
6000,0.277519,1556.647595
6000,0.277501,1556.750390
