Size,Time,GFLOPS
16000,10.221682,801.433685
16000,10.221138,801.476320
16000,10.217963,801.725359
16000,10.228447,800.903572
16000,10.232582,800.579912
