Size,Time,GFLOPS
7000,0.869543,788.920170
7000,0.871882,786.804046
7000,0.875195,783.825434
7000,0.871674,786.991146
7000,0.869079,789.341673
