Size,Time,GFLOPS
20000,19.902885,803.903569
20000,20.016387,799.345055
20000,19.900692,803.992131
20000,20.011386,799.544814
20000,20.012583,799.496978
