Size,Time,GFLOPS
3000,0.037745,1430.637602
3000,0.037852,1426.623371
3000,0.038830,1390.661625
3000,0.037933,1423.564098
3000,0.038155,1415.264869
