Size,Time,GFLOPS
5000,0.326499,765.698034
5000,0.329359,759.050531
5000,0.325339,768.428454
5000,0.325349,768.406451
5000,0.325420,768.237681
