Size,Time,GFLOPS
13000,2.713554,1619.278767
13000,2.709262,1621.843922
13000,2.708277,1622.433521
13000,2.712014,1620.198186
13000,2.718998,1616.036788
