Size,Time,GFLOPS
15000,8.410090,802.607316
15000,8.454173,798.422246
15000,8.450397,798.779013
15000,8.443761,799.406782
15000,8.466109,797.296622
