Size,Time,GFLOPS
10000,2.524570,792.214208
10000,2.487923,803.883385
10000,2.481165,806.073007
10000,2.528112,791.104244
10000,2.480162,806.398924
