Size,Time,GFLOPS
19000,17.161054,799.368170
19000,17.127426,800.937643
19000,17.172410,798.839537
19000,17.372912,789.620085
19000,17.197259,797.685267
