Size,Time,GFLOPS
10000,1.272121,1572.177001
10000,1.274322,1569.462458
10000,1.271034,1573.522234
10000,1.274471,1569.278837
10000,1.270529,1574.146942
