Size,Time,GFLOPS
12000,2.135936,1618.026008
12000,2.133434,1619.923258
12000,2.130447,1622.194687
12000,2.135587,1618.290752
12000,2.147751,1609.125021
