Size,Time,GFLOPS
4000,0.164842,776.500442
4000,0.165987,771.143757
4000,0.167536,764.016449
4000,0.162198,789.160861
4000,0.162470,787.837134
