Size,Time,GFLOPS
15000,4.152826,1625.399167
15000,4.154864,1624.601963
15000,4.162364,1621.674507
15000,4.154983,1624.555295
15000,4.150994,1626.116566
