Size,Time,GFLOPS
14000,6.850376,801.123940
14000,6.855454,800.530548
14000,6.853468,800.762426
14000,6.855429,800.533463
14000,6.856958,800.354853
