Size,Time,GFLOPS
13000,2.702270,1626.040094
13000,2.706170,1623.696990
13000,2.702190,1626.088518
13000,2.706568,1623.458177
13000,2.698135,1628.532312
