Size,Time,GFLOPS
10000,2.477986,807.107147
10000,2.473699,808.505865
10000,2.478871,806.818955
10000,2.476067,807.732657
10000,2.476262,807.668993
