Size,Time,GFLOPS
14000,3.400739,1613.766820
14000,3.428721,1600.596803
14000,3.402815,1612.782133
14000,3.394244,1616.854696
14000,3.415913,1606.598185
