Size,Time,GFLOPS
7000,0.433778,1581.455307
7000,0.429326,1597.853621
7000,0.433737,1581.602654
7000,0.430549,1593.313831
7000,0.432642,1585.608122
