Size,Time,GFLOPS
6000,0.542816,795.849477
6000,0.541270,798.123639
6000,0.541037,798.466347
6000,0.547123,789.585450
6000,0.552178,782.355893
