Size,Time,GFLOPS
8000,0.629440,1626.841957
8000,0.628759,1628.605654
8000,0.630218,1624.834537
8000,0.629392,1626.967314
8000,0.631428,1621.721205
