Size,Time,GFLOPS
9000,0.899749,1620.451874
9000,0.898843,1622.085835
9000,0.898774,1622.209864
9000,0.899031,1621.746506
9000,0.898222,1623.207474
