Size,Time,GFLOPS
16000,5.076806,1613.613104
16000,5.064487,1617.537900
16000,5.091141,1609.069656
16000,5.101382,1605.839326
16000,5.076840,1613.602089
