Size,Time,GFLOPS
17000,6.075437,1617.332301
17000,6.088449,1613.875605
17000,6.088780,1613.788067
17000,6.137287,1601.033040
17000,6.076126,1617.148916
