Size,Time,GFLOPS
1000,Time: 1.083424,60000
1000,Time: 1.083424,60000
1000,Time: 1.083424,60000
1000,Time: 1.083424,60000
1000,Time: 1.083424,60000
