Size,Time,GFLOPS
3000,Time: 3.250271,180000
3000,Time: 3.250271,180000
3000,Time: 3.250271,180000
3000,Time: 3.250271,180000
3000,Time: 3.250271,180000
