Size,Time,GFLOPS
2000,0.002229,308
2000,0.002229,308
2000,0.002229,308
2000,0.002229,308
2000,0.002229,308
