Size,Time,GFLOPS
12000,5.299402,652.148998
12000,3.965175,871.588216
12000,4.262874,810.720684
12000,3.830347,902.268131
12000,3.774567,915.601786
