Size,Time,GFLOPS
7000,2.015040,340.439966
7000,2.005033,342.138960
7000,1.711947,400.713378
7000,1.512677,453.500692
7000,1.926316,356.120194
