Size,Time,GFLOPS
2000,0.303159,52.777518
2000,0.223151,71.700201
2000,0.078753,203.168035
2000,0.075232,212.676068
2000,0.492035,32.518022
