Size,Time,GFLOPS
11000,2.208472,1205.358138
11000,2.109537,1261.888045
11000,2.214554,1202.047913
11000,2.204851,1207.337928
11000,2.208604,1205.286247
