Size,Time,GFLOPS
15000,10.618968,635.655018
15000,10.930379,617.544921
15000,11.089682,608.673919
15000,10.639756,634.413068
15000,11.017786,612.645782
