Size,Time,GFLOPS
10000,3.985934,501.764395
10000,3.053880,654.904679
10000,3.604596,554.847266
10000,3.517764,568.542958
10000,3.618963,552.644554
