Size,Time,GFLOPS
12000,2.773057,1246.277963
12000,2.797343,1235.458071
12000,2.778783,1243.709905
12000,2.774470,1245.643171
12000,2.760655,1251.876877
