Size,Time,GFLOPS
16000,5.787744,1415.404704
16000,5.818432,1407.939550
16000,5.821576,1407.179030
16000,5.807546,1410.578569
16000,6.270015,1306.535846
