Size,Time,GFLOPS
6000,1.196313,361.109648
6000,1.567761,275.552246
6000,1.144637,377.412364
6000,0.896137,482.069095
6000,0.945296,456.999847
