Size,Time,GFLOPS
4000,0.243889,524.829882
4000,0.278757,459.181232
4000,0.219970,581.896431
4000,0.319019,401.230406
4000,0.314231,407.343990
