Size,Time,GFLOPS
3000,0.324206,166.560763
3000,0.352909,153.014028
3000,0.197750,273.072177
3000,0.411194,131.324745
3000,0.508717,106.149410
