Size,Time,GFLOPS
8000,1.507781,679.143774
8000,1.158336,884.026785
8000,1.019266,1004.644143
8000,1.402048,730.360074
8000,1.071889,955.322777
