Size,Time,GFLOPS
7000,1.217403,563.494552
7000,1.226329,559.392981
7000,0.946807,724.540499
7000,0.918251,747.072353
7000,0.951972,720.609797
