Size,Time,GFLOPS
9000,1.980182,736.296022
9000,1.919798,759.454991
9000,1.397899,1042.993632
9000,1.519534,959.504551
9000,1.431694,1018.374355
