Size,Time,GFLOPS
19000,8.841372,1551.569074
19000,8.464673,1620.617741
19000,8.226998,1667.436936
19000,8.411299,1630.901558
19000,8.483722,1616.978924
