Size,Time,GFLOPS
17000,15.814510,621.328122
17000,15.414770,637.440583
17000,15.352905,640.009187
17000,15.154624,648.382974
17000,15.269790,643.492793
