Size,Time,GFLOPS
18000,7.283033,1601.530628
18000,7.321485,1593.119532
18000,7.318878,1593.686811
18000,7.364720,1583.766936
18000,7.274622,1603.382349
