Size,Time,GFLOPS
8000,1.918683,533.699517
8000,1.802037,568.245921
8000,1.967118,520.558596
8000,2.037610,502.549549
8000,2.055349,498.212175
