Size,Time,GFLOPS
20000,8.554817,1870.291313
20000,8.515879,1878.843066
20000,8.535542,1874.514889
20000,8.465205,1890.090109
20000,7.345308,2178.261281
