Size,Time,GFLOPS
8000,3.500383,292.539443
8000,2.151500,475.947025
8000,2.235265,458.111277
8000,2.570134,398.422731
8000,2.130185,480.709480
