Size,Time,GFLOPS
19000,7.530294,1821.708403
19000,6.960654,1970.791728
19000,6.544324,2096.167486
19000,6.517262,2104.871518
19000,6.714520,2043.035100
