Size,Time,GFLOPS
6000,3.518963,122.763440
6000,2.514424,171.808719
6000,2.913865,148.256718
6000,1.666020,259.300538
6000,2.416401,178.778305
