Size,Time,GFLOPS
14000,7.281966,753.642651
14000,7.305966,751.166887
14000,7.488837,732.824080
14000,7.291645,752.642200
14000,7.346863,746.985438
