Size,Time,GFLOPS
13000,3.072259,1430.217757
13000,3.120298,1408.198648
13000,3.085854,1423.917123
13000,3.163104,1389.141633
13000,3.139063,1399.780817
