Size,Time,GFLOPS
15000,4.143879,1628.908626
15000,4.137059,1631.593941
15000,4.123045,1637.139657
15000,4.116285,1639.828178
15000,4.107982,1643.142515
