Size,Time,GFLOPS
7000,2.866872,239.285163
7000,2.003388,342.420021
7000,1.812779,378.424409
7000,2.133567,321.527320
7000,2.175460,315.335537
