Size,Time,GFLOPS
10000,4.469613,447.466057
10000,5.135630,389.436159
10000,4.433717,451.088798
10000,2.904698,688.539839
10000,3.568323,560.487363
