Size,Time,GFLOPS
4000,2.291903,55.848792
4000,1.408854,90.853965
4000,1.463649,87.452649
4000,1.571245,81.464040
4000,1.751707,73.071579
