Size,Time,GFLOPS
9000,2.346299,621.404062
9000,4.064589,358.707849
9000,3.122463,466.939102
9000,3.025117,481.964848
9000,2.905575,501.793899
