Size,Time,GFLOPS
12000,2.587437,1335.684772
12000,2.550138,1355.220923
12000,2.552217,1354.117061
12000,2.509531,1377.150015
12000,2.465891,1401.521782
