Size,Time,GFLOPS
5000,1.063807,235.004934
5000,2.410820,103.699144
5000,1.496942,167.007119
5000,1.794580,139.308325
5000,1.913098,130.678070
