Size,Time,GFLOPS
9000,2.503926,582.285654
9000,3.063759,475.886070
9000,3.037463,480.005900
9000,2.841321,513.141542
9000,3.008499,484.627116
