Size,Time,GFLOPS
16000,4.676878,1751.595723
16000,4.719293,1735.853238
16000,4.447928,1841.756494
16000,4.609096,1777.354939
16000,4.869451,1682.325212
