Size,Time,GFLOPS
17000,5.427057,1810.557810
17000,5.863719,1675.728205
17000,5.791802,1696.535923
17000,5.648894,1739.455625
17000,5.824517,1687.006816
