Size,Time,GFLOPS
2000,0.391514,40.866984
2000,0.137650,116.237246
2000,0.275027,58.176009
2000,0.324378,49.325175
2000,0.387316,41.309906
