Size,Time,GFLOPS
3000,0.259750,207.891926
3000,0.301417,179.154070
3000,0.230129,234.650620
3000,0.293894,183.739496
3000,0.218676,246.940582
