Size,Time,GFLOPS
3000,0.197802,273.000290
3000,0.220702,244.674359
3000,0.202169,267.103603
3000,0.197501,273.416041
3000,0.187589,287.863499
