Size,Time,GFLOPS
2000,0.101674,157.365126
2000,0.102794,155.650666
2000,0.104198,153.554097
2000,0.134210,119.216514
2000,0.109682,145.875756
