Size,Time,GFLOPS
2000,0.126163,126.819954
2000,0.126741,126.242158
2000,0.185752,86.136244
2000,0.127292,125.695696
2000,0.165341,96.769503
