n_threads,Time,GFLOPS
58,2.401663,832.756182
58,2.262127,884.123673
58,2.473254,808.651183
58,2.385029,838.564284
58,2.495237,801.527069
