n_threads,Time,GFLOPS
86,2.689638,743.594511
86,2.331536,857.803535
86,2.771985,721.504680
86,2.642553,756.843950
86,3.195339,625.911760
