n_threads,Time,GFLOPS
34,1.242788,1609.284424
34,1.270111,1574.665957
34,1.834701,1090.095775
34,1.471649,1359.019475
34,1.617529,1236.454208
