n_threads,Time,GFLOPS
58,1.059473,1887.730596
58,1.039153,1924.644416
58,1.037928,1926.916250
58,1.002694,1994.626824
58,1.059589,1887.523940
