n_threads,Time,GFLOPS
20,2.102122,951.419747
20,2.376640,841.524339
20,1.777141,1125.403108
20,1.350476,1480.959801
20,2.361042,847.083533
