n_threads,Time,GFLOPS
38,1.717711,1164.340003
38,1.232301,1622.979664
38,1.108473,1804.283353
38,1.212544,1649.424425
38,1.700797,1175.919336
