n_threads,Time,GFLOPS
34,3.155031,633.908196
34,2.457409,813.865362
34,2.682435,745.591186
34,2.708710,738.358783
34,2.483223,805.404935
