n_threads,Time,GFLOPS
90,2.233090,895.620140
90,2.248081,889.647628
90,2.340145,854.647801
90,2.128481,939.637230
90,2.271610,880.432863
