n_threads,Time,GFLOPS
92,2.059289,971.209229
92,2.132962,937.663085
92,2.180233,917.333157
92,1.903006,1050.968680
92,2.125443,940.980315
