n_threads,Time,GFLOPS
98,1.888710,1058.923538
98,1.957124,1021.907824
98,1.994995,1002.508974
98,1.891200,1057.529538
98,1.823481,1096.803605
