n_threads,Time,GFLOPS
8,2.729415,732.757871
8,2.715006,736.646489
8,2.718117,735.803627
8,2.701559,740.313265
8,2.708019,738.547167
