n_threads,Time,GFLOPS
46,1.137369,1758.444470
46,1.400477,1428.084652
46,2.232809,895.732524
46,1.091761,1831.902253
46,1.849778,1081.211016
