n_threads,Time,GFLOPS
12,4.813553,415.493496
12,4.793296,417.249440
12,4.816938,415.201491
12,4.795040,417.097688
12,4.803306,416.379888
