n_threads,Time,GFLOPS
126,1.200385,1666.131886
126,1.299017,1539.625627
126,1.272449,1571.772301
126,1.296784,1542.277400
126,1.253309,1595.776034
