n_threads,Time,GFLOPS
100,2.316070,863.531775
100,2.273669,879.635500
100,2.158916,926.391028
100,2.236169,894.386615
100,2.251076,888.464036
