n_threads,Time,GFLOPS
114,3.510460,569.725876
114,3.437176,581.872970
114,3.649053,548.087336
114,3.501159,571.239479
114,3.433740,582.455327
