n_threads,Time,GFLOPS
76,1.667721,1199.241599
76,1.691099,1182.662702
76,1.563667,1279.044973
76,1.737061,1151.370126
76,1.777695,1125.052605
