n_threads,Time,GFLOPS
92,1.991882,1004.075766
92,2.009143,995.449388
92,2.001620,999.190599
92,2.010810,994.624247
92,2.024120,988.083702
