n_threads,Time,GFLOPS
70,1.453172,1376.299838
70,1.431683,1396.957124
70,1.361120,1469.377677
70,1.376639,1452.813613
70,1.396368,1432.287156
