n_threads,Time,GFLOPS
100,3.420033,584.789687
100,3.223457,620.451981
100,3.211180,622.823955
100,3.383550,591.095190
100,3.351509,596.746074
