n_threads,Time,GFLOPS
62,1.267553,1577.842894
62,1.110133,1801.586579
62,1.103491,1812.429863
62,1.148561,1741.309728
62,1.206451,1657.754588
