n_threads,Time,GFLOPS
112,1.729307,1156.532698
112,1.575687,1269.287824
112,1.622879,1232.377915
112,1.742322,1147.893231
112,1.515128,1320.020441
