n_threads,Time,GFLOPS
24,3.088808,647.499072
24,3.152478,634.421621
24,3.266840,612.212454
24,3.016645,662.988140
24,3.302756,605.554924
