n_threads,Time,GFLOPS
48,2.294134,871.788502
48,2.318179,862.745978
48,2.285216,875.190831
48,2.325787,859.924040
48,2.322798,861.030470
