n_threads,Time,GFLOPS
84,2.494719,801.693466
84,2.537274,788.247398
84,2.502852,799.088312
84,2.549971,784.322796
84,2.437922,820.370957
