n_threads,Time,GFLOPS
56,2.593792,771.071984
56,2.117003,944.731972
56,2.390785,836.545480
56,2.379611,840.473476
56,2.422978,825.430520
