n_threads,Time,GFLOPS
100,2.554854,782.823723
100,2.551980,783.705049
100,2.538098,787.991493
100,2.630326,760.361903
100,2.605932,767.479688
