n_threads,Time,GFLOPS
126,3.817368,523.921166
126,3.792549,527.349845
126,3.816191,524.082820
126,3.951727,506.107850
126,3.694114,541.401776
