n_threads,Time,GFLOPS
6,7.484612,267.214929
6,7.476262,267.513363
6,7.446754,268.573410
6,7.451679,268.395898
6,7.516821,266.069917
