n_threads,Time,GFLOPS
86,4.468571,447.570400
86,4.752092,420.867266
86,4.387028,455.889522
86,4.651803,429.940795
86,4.823477,414.638668
