n_threads,Time,GFLOPS
42,2.204423,907.266809
42,2.225717,898.586753
42,2.873139,696.102743
42,2.370424,843.730753
42,2.355535,849.064060
