n_threads,Time,GFLOPS
56,2.277265,878.246652
56,2.274263,879.405605
56,2.275333,878.992167
56,2.301340,869.058988
56,2.285556,875.060450
