n_threads,Time,GFLOPS
2,10.483919,190.768349
2,10.517563,190.158112
2,10.517660,190.156365
2,10.511676,190.264620
2,10.533409,189.872052
