n_threads,Time,GFLOPS
16,1.588933,1258.706595
16,1.588656,1258.926016
16,1.594177,1254.566135
16,1.585311,1261.582181
16,1.615581,1237.944940
