n_threads,Time,GFLOPS
6,3.632483,550.587507
6,3.640860,549.320704
6,3.628448,551.199777
6,3.628464,551.197418
6,3.633548,550.426209
