n_threads,Time,GFLOPS
124,4.488158,445.617141
124,4.260007,469.482794
124,4.278774,467.423615
124,4.150444,481.876172
124,4.386563,455.937858
