n_threads,Time,GFLOPS
112,2.693479,742.534193
112,2.427207,823.992355
112,2.254586,887.080913
112,2.368063,844.572012
112,2.464711,811.454237
