n_threads,Time,GFLOPS
122,4.459368,448.494077
122,4.240396,471.654034
122,4.578295,436.843800
122,4.384627,456.139105
122,4.534604,441.052836
