n_threads,Time,GFLOPS
76,1.901481,1051.811756
76,1.903978,1050.432464
76,2.046741,977.163430
76,1.861972,1074.129729
76,1.809864,1105.055127
