n_threads,Time,GFLOPS
66,1.439118,1389.739765
66,1.474002,1356.850237
66,1.475460,1355.509558
66,1.464861,1365.316849
66,1.411629,1416.802820
