n_threads,Time,GFLOPS
102,1.662950,1202.681702
102,1.946553,1027.457042
102,1.682542,1188.677766
102,1.773124,1127.952737
102,1.843015,1085.178299
