n_threads,Time,GFLOPS
70,1.560646,1281.520526
70,1.773576,1127.665052
70,1.625639,1230.285660
70,1.723390,1160.503608
70,1.921283,1040.971228
