n_threads,Time,GFLOPS
20,1.392110,1436.668136
20,1.391652,1437.140599
20,1.411019,1417.415186
20,1.397504,1431.122807
20,1.389935,1438.915883
