n_threads,Time,GFLOPS
106,2.350211,850.987370
106,2.205468,906.837194
106,1.127987,1773.069948
106,0.923237,2166.290299
106,2.046419,977.316912
