n_threads,Time,GFLOPS
94,2.194057,911.553502
94,2.154234,928.404363
94,2.332614,857.407291
94,2.249151,889.224347
94,2.357294,848.430534
