n_threads,Time,GFLOPS
54,2.216164,902.460189
54,2.646326,755.764657
54,2.390192,836.752949
54,2.460144,812.960408
54,2.381250,839.895104
