n_threads,Time,GFLOPS
102,3.636296,550.010172
102,3.453130,579.184759
102,3.324315,601.627777
102,3.435868,582.094520
102,3.393653,589.335526
