n_threads,Time,GFLOPS
44,1.319228,1516.037661
44,1.304355,1533.325083
44,1.312564,1523.734946
44,1.274731,1568.958458
44,1.313023,1523.202400
