n_threads,Time,GFLOPS
28,2.728758,732.934104
28,2.653899,753.608189
28,2.575182,776.644161
28,2.967522,673.962885
28,2.991892,668.473363
