n_threads,Time,GFLOPS
12,2.017908,991.125342
12,2.042993,978.955833
12,2.028233,986.079799
12,2.041332,979.752360
12,2.048909,976.129105
