n_threads,Time,GFLOPS
64,2.297068,870.675055
64,2.282822,876.108429
64,2.275763,878.826195
64,2.277144,878.293084
64,2.276384,878.586316
