n_threads,Time,GFLOPS
106,2.848549,702.111781
106,3.495797,572.115627
106,2.422396,825.628700
106,2.445097,817.963541
106,3.380026,591.711449
