n_threads,Time,GFLOPS
38,2.511971,796.187646
38,2.723456,734.361037
38,3.278912,609.958374
38,2.464093,811.657785
38,2.603600,768.167210
