n_threads,Time,GFLOPS
40,1.247597,1603.081393
40,1.297847,1541.013604
40,1.288355,1552.367474
40,1.277506,1565.550777
40,1.273436,1570.553504
