n_threads,Time,GFLOPS
44,2.392055,836.101053
44,2.395127,835.028814
44,2.474815,808.141058
44,2.397805,834.096267
44,2.400759,833.069877
