n_threads,Time,GFLOPS
38,1.988279,1005.895298
38,1.449942,1379.365436
38,1.112707,1797.418463
38,1.713396,1167.272450
38,1.140713,1753.289462
