n_threads,Time,GFLOPS
22,3.216260,621.840236
22,2.982735,670.525542
22,3.080183,649.312032
22,3.029511,660.172499
22,3.011443,664.133411
