n_threads,Time,GFLOPS
124,4.272210,468.141751
124,4.443957,450.049337
124,4.284322,466.818275
124,4.353694,459.379983
124,4.411594,453.350856
