n_threads,Time,GFLOPS
40,2.321944,861.347388
40,2.318994,862.442866
40,2.285834,874.954097
40,2.311020,865.418613
40,2.325696,859.957449
