n_threads,Time,GFLOPS
86,0.989853,2020.501869
86,0.999257,2001.488018
86,0.997554,2004.904976
86,1.001270,1997.462821
86,1.003549,1992.926774
