n_threads,Time,GFLOPS
50,2.353481,849.805027
50,2.428942,823.403786
50,2.372174,843.108465
50,2.372708,842.918735
50,2.405830,831.313802
