n_threads,Time,GFLOPS
100,1.492314,1340.200446
100,1.614723,1238.602152
100,1.587788,1259.613996
100,1.612509,1240.303258
100,1.485366,1346.469441
