n_threads,Time,GFLOPS
102,2.363424,846.229977
102,2.788195,717.309972
102,2.024920,987.693330
102,2.427768,823.802086
102,2.371094,843.492503
