n_threads,Time,GFLOPS
4,11.661846,171.499437
4,11.647542,171.710052
4,11.663873,171.469637
4,11.653451,171.622982
4,11.667581,171.415139
