n_threads,Time,GFLOPS
76,3.046384,656.516049
76,2.945326,679.041935
76,2.916839,685.673766
76,2.483538,805.302607
76,2.896383,690.516511
