n_threads,Time,GFLOPS
14,1.619357,1235.057925
14,1.614823,1238.525568
14,1.616072,1237.568806
14,1.609823,1242.372766
14,1.609455,1242.656825
