n_threads,Time,GFLOPS
104,2.274729,879.225788
104,2.356828,848.598226
104,2.304015,868.050009
104,2.281976,876.433372
104,2.375743,841.841771
