n_threads,Time,GFLOPS
104,2.497701,800.736390
104,2.483573,805.291521
104,2.475149,808.032044
104,2.396692,834.483357
104,2.462069,812.324928
