n_threads,Time,GFLOPS
88,1.529921,1307.257076
88,1.558893,1282.961828
88,1.386679,1442.294537
88,1.461663,1368.304909
88,1.471848,1358.836393
