n_threads,Time,GFLOPS
56,2.512937,795.881368
56,2.393455,835.612223
56,2.404304,831.841609
56,2.391522,836.287671
56,2.390118,836.778631
