n_threads,Time,GFLOPS
30,1.724351,1159.856498
30,1.202129,1663.714414
30,1.162914,1719.818003
30,1.539139,1299.427675
30,1.433259,1395.421228
