n_threads,Time,GFLOPS
60,2.384719,838.673159
60,2.323575,860.742711
60,2.320152,862.012328
60,2.322118,861.282661
60,2.341484,854.159163
