n_threads,Time,GFLOPS
6,3.685277,542.700071
6,3.697524,540.902511
6,3.712774,538.680764
6,3.812117,524.642906
6,3.665018,545.699858
