n_threads,Time,GFLOPS
48,1.113917,1795.465818
48,1.115681,1792.627085
48,1.118701,1787.787452
48,1.115499,1792.920160
48,1.119791,1786.048052
