n_threads,Time,GFLOPS
48,2.331043,857.985001
48,2.331437,857.840178
48,2.316465,863.384447
48,2.354628,849.391033
48,2.289376,873.600471
