n_threads,Time,GFLOPS
80,1.398077,1430.535974
80,1.521527,1314.469246
80,1.363877,1466.407575
80,1.400444,1428.118605
80,1.387777,1441.153848
