n_threads,Time,GFLOPS
90,2.553050,783.376622
90,2.522812,792.766040
90,2.492966,802.257122
90,2.421828,825.822412
90,2.388930,837.194846
