n_threads,Time,GFLOPS
10,5.290904,378.007241
10,5.233636,382.143499
10,5.279796,378.802529
10,5.242101,381.526393
10,5.265035,379.864553
