n_threads,Time,GFLOPS
116,3.869439,516.870727
116,4.021574,497.317697
116,3.748531,533.542396
116,3.884191,514.907697
116,3.726276,536.728931
