n_threads,Time,GFLOPS
30,1.156209,1729.790777
30,1.156046,1730.035473
30,1.149917,1739.255590
30,1.137444,1758.328038
30,1.149662,1739.641998
