n_threads,Time,GFLOPS
102,3.020903,662.053634
102,2.982415,670.597386
102,3.009134,664.643116
102,3.114604,642.136251
102,3.007071,665.099001
