n_threads,Time,GFLOPS
8,6.826160,292.990501
8,6.854154,291.793865
8,6.852025,291.884503
8,6.900825,289.820431
8,6.848216,292.046851
