n_threads,Time,GFLOPS
10,4.593623,435.386204
10,4.565968,438.023263
10,4.630726,431.897762
10,4.600244,434.759564
10,4.582862,436.408521
