n_threads,Time,GFLOPS
74,2.230325,896.730371
74,2.160429,925.741882
74,2.252750,887.803742
74,2.306713,867.034711
74,2.113750,946.185475
