n_threads,Time,GFLOPS
50,2.552003,783.698108
50,2.522710,792.798165
50,2.440681,819.443559
50,2.576779,776.162836
50,2.541465,786.947700
