n_threads,Time,GFLOPS
56,1.361011,1469.495653
56,1.330894,1502.749544
56,1.331441,1502.131719
56,1.284348,1557.210264
56,1.375616,1453.893766
