n_threads,Time,GFLOPS
108,1.492293,1340.219756
108,1.481095,1350.352713
108,1.533830,1303.925159
108,1.506984,1327.154490
108,1.489605,1342.637414
