n_threads,Time,GFLOPS
40,2.377356,841.270859
40,2.435413,821.215918
40,2.425905,824.434481
40,2.348789,851.502683
40,2.180184,917.353943
