n_threads,Time,GFLOPS
10,2.427812,823.787002
10,2.806923,712.523935
10,2.547212,785.172199
10,2.336402,856.017236
10,2.396450,834.567880
