n_threads,Time,GFLOPS
52,2.486192,804.443013
52,2.519813,793.709717
52,2.464603,811.489738
52,2.532852,789.623756
52,2.516720,794.685162
