n_threads,Time,GFLOPS
118,4.460232,448.407213
118,4.423842,452.095732
118,4.475670,446.860455
118,4.448078,449.632390
118,4.672292,428.055439
