n_threads,Time,GFLOPS
4,11.591886,172.534471
4,11.637259,171.861776
4,11.608210,172.291846
4,11.602214,172.380898
4,11.665750,171.442041
