n_threads,Time,GFLOPS
12,3.738352,534.995120
12,3.744465,534.121736
12,3.749906,533.346642
12,3.761020,531.770653
12,3.747120,533.743277
