n_threads,Time,GFLOPS
128,2.858190,699.743467
128,2.877823,694.969767
128,2.989471,669.014781
128,2.967291,674.015359
128,2.935170,681.391493
