n_threads,Time,GFLOPS
16,4.458145,448.617129
16,4.571260,437.516122
16,4.568989,437.733636
16,4.617536,433.131389
16,4.553310,439.240872
