n_threads,Time,GFLOPS
90,1.275579,1567.915030
90,1.098392,1820.843527
90,1.368143,1461.835323
90,1.208699,1654.672110
90,1.381065,1448.157332
