n_threads,Time,GFLOPS
42,1.247254,1603.522840
42,1.263228,1583.246061
42,1.232193,1623.122979
42,1.161611,1721.746894
42,1.273147,1570.910419
