n_threads,Time,GFLOPS
128,2.972544,672.824291
128,3.065406,652.442079
128,2.943250,679.520971
128,2.992942,668.238785
128,2.779634,719.519110
