n_threads,Time,GFLOPS
60,1.238101,1615.376612
60,1.197566,1670.053764
60,1.315306,1520.558219
60,1.237927,1615.604011
60,1.275978,1567.424738
