n_threads,Time,GFLOPS
116,2.401559,832.792210
116,2.449183,816.598765
116,2.443662,818.443670
116,2.715233,736.585013
116,2.494800,801.667407
