n_threads,Time,GFLOPS
100,2.719714,735.371490
100,2.579192,775.436591
100,2.607099,767.136133
100,2.641719,757.082676
100,2.618106,763.910950
