n_threads,Time,GFLOPS
72,2.443226,818.589956
72,2.447246,817.245165
72,2.283923,875.686319
72,2.579425,775.366722
72,2.298257,870.224875
