n_threads,Time,GFLOPS
106,0.906735,2205.717116
106,0.991122,2017.915577
106,0.919417,2175.292072
106,0.910251,2197.197005
106,0.870516,2297.488354
