n_threads,Time,GFLOPS
28,1.266253,1579.463094
28,1.195182,1673.384617
28,1.191152,1679.046789
28,1.287591,1553.288775
28,1.151962,1736.168224
