n_threads,Time,GFLOPS
42,2.231742,896.161089
42,2.246552,890.253070
42,2.271295,880.554911
42,2.267759,881.928095
42,2.258618,885.497145
