n_threads,Time,GFLOPS
6,3.695920,541.137300
6,3.668869,545.127099
6,3.689301,542.108115
6,3.752503,532.977529
6,3.668804,545.136806
