n_threads,Time,GFLOPS
40,1.240206,1612.635415
40,1.261248,1585.731052
40,1.333978,1499.274824
40,1.259195,1588.316296
40,1.254335,1594.470313
