n_threads,Time,GFLOPS
78,2.764397,723.485106
78,2.713959,736.930842
78,2.755007,725.950955
78,2.614619,764.929848
78,2.593930,771.030946
