n_threads,Time,GFLOPS
42,2.535236,788.881047
42,2.441830,819.057911
42,2.374725,842.202956
42,2.365900,845.344412
42,2.413122,828.802024
