n_threads,Time,GFLOPS
80,2.379878,840.379196
80,2.402615,832.426274
80,2.400099,833.298826
80,2.392119,836.078847
80,2.354924,849.284229
