n_threads,Time,GFLOPS
26,1.098141,1821.260042
26,1.093145,1829.583421
26,1.076555,1857.777260
26,1.081945,1848.523527
26,1.090918,1833.318324
