n_threads,Time,GFLOPS
4,5.451584,366.865842
4,5.429678,368.345980
4,5.392027,370.917994
4,5.457507,366.467691
4,5.449682,366.993909
