n_threads,Time,GFLOPS
110,1.721704,1161.640172
110,1.473080,1357.699899
110,1.615029,1238.367923
110,1.626726,1229.463316
110,1.635389,1222.950796
