n_threads,Time,GFLOPS
124,2.658619,752.270298
124,2.647316,755.482133
124,2.633253,759.516915
124,2.542319,786.683434
124,2.636678,758.530248
