n_threads,Time,GFLOPS
52,2.318627,862.579334
52,2.573126,777.264585
52,2.308056,866.529918
52,2.553826,783.138729
52,2.539586,787.529825
