n_threads,Time,GFLOPS
70,1.297413,1541.528774
70,1.239733,1613.251160
70,1.244117,1607.566198
70,1.301708,1536.442813
70,1.269909,1574.916184
