n_threads,Time,GFLOPS
32,2.350807,850.771636
32,2.341786,854.048925
32,2.247734,889.784841
32,2.387829,837.580932
32,2.351616,850.478817
