n_threads,Time,GFLOPS
116,2.933608,681.754453
116,2.994816,667.820762
116,2.986017,669.788620
116,3.105669,643.983717
116,2.930542,682.467498
