n_threads,Time,GFLOPS
4,11.069305,180.679818
4,11.030906,181.308770
4,11.117471,179.897027
4,11.214649,178.338171
4,11.111220,179.998231
