n_threads,Time,GFLOPS
38,2.385188,838.508317
38,2.348987,851.430695
38,2.331216,857.921421
38,2.389355,837.046024
38,2.343852,853.296136
