n_threads,Time,GFLOPS
8,2.827047,707.451997
8,2.800525,714.151874
8,2.819658,709.305908
8,2.827150,707.426225
8,2.812104,711.211330
