n_threads,Time,GFLOPS
22,1.590683,1257.321583
22,1.344176,1487.900093
22,1.978316,1010.960859
22,1.369392,1460.502438
22,1.734992,1152.742972
