n_threads,Time,GFLOPS
108,2.534889,788.989312
108,2.512206,796.113002
108,2.589895,772.231994
108,2.512652,795.971657
108,2.481331,806.018970
