n_threads,Time,GFLOPS
6,8.026760,249.166548
6,7.973038,250.845398
6,7.974683,250.793656
6,8.182777,244.415793
6,8.182953,244.410547
