n_threads,Time,GFLOPS
50,2.395102,835.037463
50,2.499738,800.083924
50,2.219939,900.925797
50,2.530047,790.499253
50,4.076842,490.575754
