n_threads,Time,GFLOPS
118,2.385101,838.538922
118,3.325243,601.459783
118,2.336510,855.977347
118,2.535412,788.826419
118,2.593922,771.033313
