n_threads,Time,GFLOPS
116,4.079657,490.237350
116,4.382613,456.348753
116,4.452323,449.203730
116,4.388093,455.778867
116,4.322329,462.713533
