n_threads,Time,GFLOPS
118,2.257378,885.983620
118,2.352531,850.148026
118,2.271023,880.660403
118,2.205526,906.813293
118,2.253140,887.650260
