n_threads,Time,GFLOPS
108,1.586713,1260.467733
108,1.588796,1258.814980
108,1.534165,1303.640708
108,1.489437,1342.789487
108,1.574735,1270.054624
