n_threads,Time,GFLOPS
68,1.828706,1093.669443
68,1.808483,1105.898950
68,1.852741,1079.481780
68,1.846441,1083.165101
68,1.731761,1154.893918
