n_threads,Time,GFLOPS
16,4.669361,428.324114
16,4.503072,444.141286
16,4.697800,425.731152
16,4.540947,440.436717
16,4.635976,431.408633
