n_threads,Time,GFLOPS
72,1.516819,1318.548922
72,1.572949,1271.497274
72,1.532038,1305.450352
72,1.553283,1287.594990
72,1.641367,1218.496605
