n_threads,Time,GFLOPS
64,1.221975,1636.694359
64,1.205064,1659.663399
64,1.220160,1639.129742
64,1.207268,1656.633059
64,1.197184,1670.587022
