n_threads,Time,GFLOPS
72,3.285041,608.820345
72,2.996700,667.400701
72,3.118708,641.291303
72,2.834382,705.621093
72,3.031158,659.813793
