n_threads,Time,GFLOPS
26,2.424138,825.035426
26,2.415792,827.885706
26,2.385228,838.494350
26,2.386628,838.002424
26,2.448081,816.966527
