n_threads,Time,GFLOPS
28,2.598258,769.746561
28,2.567640,778.925361
28,2.525427,791.945327
28,2.502460,799.213517
28,2.564719,779.812607
