n_threads,Time,GFLOPS
78,1.484258,1347.475013
78,1.511893,1322.845183
78,1.497206,1335.821235
78,1.486646,1345.309992
78,1.499064,1334.165442
