n_threads,Time,GFLOPS
64,2.279868,877.243590
64,2.265142,882.946840
64,2.289895,873.402331
64,2.274115,879.462895
64,2.272252,880.184116
