n_threads,Time,GFLOPS
112,2.686936,744.342332
112,2.736020,730.988722
112,2.757563,725.278104
112,2.706096,739.072180
112,2.676893,747.134916
