n_threads,Time,GFLOPS
102,2.976886,671.843061
102,3.027835,660.537909
102,3.017573,662.784406
102,3.018170,662.653153
102,2.869655,696.947872
