n_threads,Time,GFLOPS
18,1.540147,1298.577526
18,1.594390,1254.398549
18,1.496488,1336.462241
18,1.554989,1286.182838
18,1.502326,1331.269302
