n_threads,Time,GFLOPS
96,2.406109,831.217370
96,2.414245,828.416381
96,2.403390,832.157984
96,2.363691,846.134387
96,2.394317,835.311413
