n_threads,Time,GFLOPS
14,4.021968,497.269028
14,4.049344,493.907117
14,4.044180,494.537787
14,4.079845,490.214717
14,4.091651,488.800265
