n_threads,Time,GFLOPS
120,2.657343,752.631456
120,2.710569,737.852491
120,2.694506,742.250977
120,2.478591,806.910096
120,2.683714,745.235925
