n_threads,Time,GFLOPS
76,1.843737,1084.753531
76,1.855578,1077.831466
76,1.901997,1051.526292
76,1.903956,1050.444700
76,1.862500,1073.825457
