n_threads,Time,GFLOPS
64,1.199545,1667.299340
64,1.207324,1656.555796
64,1.170744,1708.316053
64,1.179592,1695.502148
64,1.191128,1679.080692
