n_threads,Time,GFLOPS
8,6.683467,299.245874
8,6.669159,299.887908
8,6.484179,308.443039
8,6.538794,305.866820
8,6.692716,298.832354
