n_threads,Time,GFLOPS
114,3.548199,563.666266
114,3.282237,609.340503
114,3.410769,586.378086
114,3.294751,607.026236
114,3.598419,555.799586
