n_threads,Time,GFLOPS
2,21.264876,94.051804
2,21.295510,93.916512
2,21.171798,94.465288
2,21.286712,93.955328
2,21.859213,91.494604
