n_threads,Time,GFLOPS
14,3.327922,600.975545
14,3.318619,602.660342
14,3.424913,583.956455
14,3.326717,601.193330
14,3.304739,605.191522
