n_threads,Time,GFLOPS
46,2.391041,836.455729
46,2.337086,855.766599
46,2.343753,853.332098
46,3.219419,621.230192
46,2.436816,820.743271
