n_threads,Time,GFLOPS
68,1.481703,1349.798526
68,1.573503,1271.049013
68,1.544932,1294.555066
68,1.624569,1231.095959
68,1.608080,1243.719128
