n_threads,Time,GFLOPS
20,2.600242,769.159105
20,2.598111,769.789940
20,2.598326,769.726237
20,2.607238,767.095406
20,2.605336,767.655211
