n_threads,Time,GFLOPS
56,1.363530,1466.781059
56,1.348032,1483.644567
56,1.363196,1467.140039
56,1.388810,1440.081929
56,1.418592,1409.848509
