n_threads,Time,GFLOPS
120,1.737036,1151.386338
120,1.719818,1162.913588
120,1.693529,1180.965748
120,1.731095,1155.337838
120,1.708369,1170.707378
