n_threads,Time,GFLOPS
70,2.276832,878.413418
70,2.345085,852.847453
70,2.363689,846.134901
70,2.371383,843.389675
70,2.168215,922.417696
