n_threads,Time,GFLOPS
104,1.290026,1550.356066
104,1.458192,1371.561504
104,1.482444,1349.123434
104,1.446547,1382.602420
104,1.403408,1425.101858
