n_threads,Time,GFLOPS
2,21.684899,92.230083
2,21.624442,92.487935
2,21.391457,93.495269
2,22.385975,89.341653
2,21.575578,92.697401
