n_threads,Time,GFLOPS
2,10.446898,191.444389
2,10.450152,191.384784
2,10.470096,191.020214
2,10.483273,190.780104
2,10.506798,190.352957
