n_threads,Time,GFLOPS
98,1.689055,1184.094015
98,1.709663,1169.821316
98,1.938810,1031.560683
98,1.860042,1075.244476
98,1.794454,1114.544844
