n_threads,Time,GFLOPS
36,1.219144,1640.495573
36,1.310964,1525.594723
36,1.348342,1483.303553
36,1.211639,1650.657062
36,1.232405,1622.843634
