n_threads,Time,GFLOPS
104,1.389872,1438.980993
104,1.483190,1348.444530
104,1.441427,1387.513705
104,1.580135,1265.714568
104,1.407982,1420.472563
