n_threads,Time,GFLOPS
86,2.217644,901.858197
86,2.656675,752.820845
86,2.551632,783.812228
86,2.307547,866.721332
86,2.233761,895.350935
