n_threads,Time,GFLOPS
72,1.420726,1407.731350
72,1.433370,1395.312863
72,1.468413,1362.014785
72,1.423958,1404.535921
72,1.429481,1399.109173
