n_threads,Time,GFLOPS
8,5.480155,364.953194
8,5.520567,362.281630
8,5.482896,364.770725
8,5.448332,367.084802
8,5.457380,366.476230
