n_threads,Time,GFLOPS
84,3.165779,631.755964
84,3.131444,638.683039
84,3.539413,565.065516
84,3.106273,643.858363
84,3.145540,635.820918
