n_threads,Time,GFLOPS
46,1.094759,1826.886858
46,1.826244,1095.143692
46,1.280744,1561.592723
46,1.123762,1779.736106
46,1.098015,1821.469000
