n_threads,Time,GFLOPS
4,5.399999,370.370470
4,5.392177,370.907688
4,5.404883,370.035771
4,5.398995,370.439321
4,5.404554,370.058315
