n_threads,Time,GFLOPS
122,1.037156,1928.349371
122,0.948538,2108.507825
122,1.569794,1274.052229
122,1.091028,1833.133965
122,1.319070,1516.220182
