n_threads,Time,GFLOPS
42,1.325324,1509.064647
42,1.515104,1320.041408
42,1.354184,1476.903865
42,1.306156,1531.210416
42,1.240845,1611.805447
