n_threads,Time,GFLOPS
54,2.433945,821.711359
54,2.132211,937.993473
54,2.363070,846.356571
54,2.392800,835.840779
54,2.432778,822.105507
