n_threads,Time,GFLOPS
122,0.912961,2190.674849
122,0.864899,2312.408131
122,0.897708,2227.896516
122,0.779743,2564.946892
122,0.990687,2018.800822
