n_threads,Time,GFLOPS
28,1.277520,1565.533164
28,1.273287,1570.738382
28,1.290625,1549.636931
28,1.287149,1553.822205
28,1.276451,1566.844316
