n_threads,Time,GFLOPS
78,2.331922,857.661678
78,2.530788,790.267663
78,2.547317,785.139855
78,2.594502,770.860774
78,2.599279,769.444235
