n_threads,Time,GFLOPS
58,1.232092,1623.254915
58,1.138985,1755.949791
58,1.065370,1877.281719
58,1.200385,1666.131446
58,1.141735,1751.720123
