n_threads,Time,GFLOPS
104,3.254968,614.445346
104,3.253353,614.750387
104,3.359242,595.372321
104,3.292353,607.468267
104,3.337134,599.316598
