n_threads,Time,GFLOPS
22,1.363004,1467.347150
22,1.785858,1119.909988
22,2.164983,923.794816
22,1.364276,1465.978966
22,2.138068,935.423740
