n_threads,Time,GFLOPS
128,1.495492,1337.352936
128,1.641367,1218.496838
128,1.665748,1200.661730
128,1.818391,1099.873160
128,1.657380,1206.723526
