n_threads,Time,GFLOPS
36,1.192108,1677.700848
36,1.195399,1673.082205
36,1.197043,1670.783551
36,1.204363,1660.629463
36,1.201774,1664.205893
