n_threads,Time,GFLOPS
64,2.298402,870.169899
64,2.265757,882.707044
64,2.248992,889.287426
64,2.276466,878.554916
64,2.262437,884.002377
