n_threads,Time,GFLOPS
32,1.282554,1559.388646
32,1.258422,1589.291384
32,1.257802,1590.075335
32,1.254265,1594.558796
32,1.304593,1533.045501
