n_threads,Time,GFLOPS
28,2.301434,869.023373
28,2.337777,855.513440
28,2.328093,859.072312
28,2.324664,860.339438
28,2.324341,860.459068
