n_threads,Time,GFLOPS
34,1.215878,1644.901547
34,1.229539,1626.625302
34,1.259929,1587.391566
34,1.965212,1017.701899
34,1.551865,1288.771583
