n_threads,Time,GFLOPS
122,2.212178,904.086373
122,2.317134,863.135292
122,2.306438,867.137837
122,2.220247,900.800612
122,2.223010,899.681187
