n_threads,Time,GFLOPS
72,1.745881,1145.553600
72,1.782300,1122.145637
72,1.827497,1094.392888
72,1.839834,1087.054414
72,1.787573,1118.835358
