n_threads,Time,GFLOPS
50,1.307291,1529.881357
50,1.452993,1376.469186
50,1.467655,1362.717825
50,1.466497,1363.794222
50,1.458277,1371.481547
