n_threads,Time,GFLOPS
76,2.982211,670.643267
76,3.430539,582.998749
76,3.004553,665.656502
76,3.083847,648.540693
76,3.481963,574.388702
