n_threads,Time,GFLOPS
104,2.534705,789.046590
104,2.517066,794.576036
104,2.488487,803.701207
104,2.562031,780.630701
104,2.501972,799.369406
