n_threads,Time,GFLOPS
124,2.832528,706.082981
124,2.869940,696.878570
124,2.844120,703.205129
124,2.758725,724.972611
124,2.869627,696.954615
