n_threads,Time,GFLOPS
94,4.623676,432.556241
94,4.747734,421.253621
94,4.846899,412.634977
94,4.695800,425.912548
94,4.729731,422.857019
