n_threads,Time,GFLOPS
40,2.320983,861.703891
40,2.513742,795.626703
40,2.342290,853.865276
40,2.350319,850.948227
40,2.153731,928.621121
