n_threads,Time,GFLOPS
18,3.559387,561.894542
18,3.760678,531.818946
18,5.055153,395.635914
18,3.570917,560.080169
18,5.817141,343.811508
