n_threads,Time,GFLOPS
68,2.869598,696.961708
68,2.714307,736.836315
68,2.453772,815.071549
68,2.763938,723.605236
68,2.433760,821.773831
