n_threads,Time,GFLOPS
16,1.548437,1291.625408
16,1.519634,1316.106480
16,1.546085,1293.590140
16,1.544061,1295.285826
16,1.548803,1291.319566
