n_threads,Time,GFLOPS
82,3.394892,589.120282
82,3.351832,596.688670
82,3.400318,588.180297
82,3.292761,607.393030
82,3.414160,585.795616
