n_threads,Time,GFLOPS
96,1.356281,1474.620722
96,1.375884,1453.610960
96,1.288303,1552.430192
96,1.279194,1563.484504
96,1.372011,1457.714300
