n_threads,Time,GFLOPS
18,1.401910,1426.624801
18,1.385313,1443.717333
18,1.364124,1466.142645
18,1.356434,1474.453879
18,1.409451,1418.992386
