n_threads,Time,GFLOPS
120,1.670824,1197.014381
120,1.594331,1254.444441
120,1.661954,1203.402878
120,1.691805,1182.169074
120,1.728817,1156.860541
