n_threads,Time,GFLOPS
82,2.345844,852.571450
82,2.474240,808.329115
82,2.528067,791.118226
82,2.985272,669.955602
82,2.488279,803.768267
