n_threads,Time,GFLOPS
82,2.328600,858.885177
82,2.093897,955.157044
82,2.188416,913.903225
82,2.253410,887.543893
82,2.324112,860.543544
