n_threads,Time,GFLOPS
124,2.612941,765.421100
124,2.430831,822.763749
124,2.848372,702.155581
124,2.658957,752.174687
124,2.515687,795.011328
