n_threads,Time,GFLOPS
114,3.451924,579.386977
114,3.483088,574.203202
114,3.825065,522.866951
114,3.784520,528.468670
114,3.660770,546.333136
