n_threads,Time,GFLOPS
82,0.996877,2006.266242
82,1.009209,1981.749268
82,1.001586,1996.833230
82,1.050452,1903.941674
82,1.056933,1892.268075
