n_threads,Time,GFLOPS
90,1.308922,1527.974922
90,1.391580,1437.215556
90,1.343802,1488.314192
90,1.556980,1284.537728
90,1.314965,1520.953229
