n_threads,Time,GFLOPS
126,2.688156,744.004470
126,2.821073,708.950127
126,2.657213,752.668400
126,2.836268,705.151980
126,2.685898,744.629777
