n_threads,Time,GFLOPS
98,2.841535,703.844892
98,2.711893,737.492277
98,2.816068,710.210146
98,2.784061,718.375046
98,2.745626,728.431214
