n_threads,Time,GFLOPS
90,2.311013,865.421397
90,2.312328,864.929384
90,2.298273,870.218714
90,2.386615,838.006890
90,2.311946,865.072169
