n_threads,Time,GFLOPS
38,4.575479,437.112676
38,2.688187,743.995818
38,2.432963,822.043037
38,4.386965,455.896021
38,2.676604,747.215516
