n_threads,Time,GFLOPS
14,2.010195,994.928497
14,1.838325,1087.946950
14,1.876628,1065.741194
14,1.942780,1029.452456
14,1.793614,1115.067399
