n_threads,Time,GFLOPS
54,1.345483,1486.455233
54,1.378899,1450.432945
54,1.305223,1532.305633
54,1.304696,1532.924178
54,1.292004,1547.983229
