n_threads,Time,GFLOPS
108,2.537805,788.082715
108,2.509201,797.066345
108,2.321023,861.688852
108,2.541946,786.798893
108,2.407750,830.650958
