n_threads,Time,GFLOPS
36,2.522422,792.888592
36,2.310525,865.604113
36,2.481457,805.978258
36,2.253953,887.330018
36,2.405587,831.397826
