n_threads,Time,GFLOPS
114,2.384218,838.849514
114,2.295416,871.301843
114,2.492678,802.349861
114,2.267168,882.157682
114,2.179071,917.822128
