n_threads,Time,GFLOPS
44,2.258018,885.732614
44,2.387769,837.602029
44,2.397742,834.118003
44,2.182063,916.563855
44,2.178971,917.864602
