n_threads,Time,GFLOPS
52,1.413105,1415.323433
52,1.424297,1404.201964
52,1.505621,1328.355358
52,1.503345,1330.366290
52,1.483608,1348.065123
