n_threads,Time,GFLOPS
88,1.336256,1496.719465
88,1.359295,1471.351273
88,1.202415,1663.318934
88,1.322413,1512.386800
88,1.281700,1560.427782
