n_threads,Time,GFLOPS
84,1.407887,1420.568073
84,1.449308,1379.968559
84,1.506240,1327.809985
84,1.483926,1347.776063
84,1.519986,1315.801500
