n_threads,Time,GFLOPS
94,0.938127,2131.907293
94,0.941986,2123.172775
94,1.013404,1973.545890
94,0.949992,2105.280574
94,0.950143,2104.946408
