n_threads,Time,GFLOPS
74,1.013533,1973.296168
74,1.102915,1813.376532
74,0.985192,2030.061578
74,1.074443,1861.430163
74,1.061065,1884.898411
