n_threads,Time,GFLOPS
72,2.650247,754.646548
72,2.645122,756.108801
72,2.585658,773.497641
72,2.769644,722.114423
72,2.562266,780.559170
