n_threads,Time,GFLOPS
126,2.439200,819.941086
126,2.464327,811.580578
126,2.469112,810.007897
126,2.512774,795.933167
126,2.485845,804.555241
