n_threads,Time,GFLOPS
110,2.559548,781.387975
110,2.671617,748.610206
110,2.671827,748.551588
110,2.645146,756.102031
110,2.610594,766.109228
