n_threads,Time,GFLOPS
66,1.760443,1136.077623
66,1.734890,1152.810558
66,1.734726,1152.919621
66,1.882960,1062.157297
66,1.552984,1287.843057
