n_threads,Time,GFLOPS
92,3.082906,648.738587
92,3.032463,659.529801
92,3.119943,641.037404
92,3.111276,642.823118
92,3.069724,651.524416
