n_threads,Time,GFLOPS
34,2.350575,850.855480
34,2.430247,822.961689
34,2.535092,788.926123
34,2.374832,842.164965
34,2.387914,837.551059
