n_threads,Time,GFLOPS
82,1.155369,1731.049283
82,1.379909,1449.370798
82,1.115886,1792.297302
82,1.780177,1123.483756
82,1.548038,1291.957546
