n_threads,Time,GFLOPS
20,1.348113,1483.555258
20,1.349390,1482.150843
20,1.359449,1471.184241
20,1.356621,1474.251506
20,1.327185,1506.949124
