n_threads,Time,GFLOPS
48,1.118615,1787.924767
48,1.115612,1792.738233
48,1.118134,1788.693708
48,1.117103,1790.344689
48,1.117503,1789.703961
