n_threads,Time,GFLOPS
56,1.225172,1632.424459
56,1.229550,1626.611372
56,1.239362,1613.733328
56,1.246297,1604.754150
56,1.239357,1613.739628
