n_threads,Time,GFLOPS
30,1.154824,1731.866052
30,1.229614,1626.526099
30,1.220032,1639.301017
30,1.183617,1689.735386
30,1.153629,1733.658885
