n_threads,Time,GFLOPS
116,2.423488,825.256868
116,2.692699,742.749242
116,2.927163,683.255364
116,2.828759,707.023893
116,3.069124,651.651839
