n_threads,Time,GFLOPS
74,1.455970,1373.654995
74,1.348344,1483.301042
74,1.243306,1608.613835
74,2.437655,820.460575
74,1.268493,1576.673928
