n_threads,Time,GFLOPS
128,1.800929,1110.537715
128,1.474941,1355.986634
128,1.586812,1260.389044
128,1.569479,1274.308535
128,1.649245,1212.675911
