n_threads,Time,GFLOPS
106,2.230379,896.708653
106,2.223825,899.351262
106,2.181791,916.678124
106,2.235804,894.532796
106,2.349393,851.283706
