n_threads,Time,GFLOPS
96,2.528830,790.879686
96,2.352578,850.131241
96,2.160570,925.681807
96,2.150793,929.889583
96,2.214746,903.037903
