n_threads,Time,GFLOPS
78,1.864978,1072.398658
78,1.992181,1003.924929
78,1.827851,1094.180857
78,2.071322,965.567139
78,1.979036,1010.592821
