n_threads,Time,GFLOPS
62,2.193614,911.737436
62,2.289172,873.678184
62,2.232256,895.954675
62,2.392327,836.006083
62,2.425338,824.627236
