n_threads,Time,GFLOPS
18,3.773396,530.026597
18,3.785631,528.313561
18,3.726708,536.666744
18,3.609937,554.026265
18,3.702583,540.163389
