n_threads,Time,GFLOPS
24,1.422688,1405.789527
24,1.744680,1146.341849
24,1.574856,1269.957686
24,1.781677,1122.538104
24,1.258497,1589.196822
