n_threads,Time,GFLOPS
88,2.349992,851.066865
88,2.363198,846.310895
88,2.422944,825.441941
88,2.442908,818.696524
88,2.375811,841.817901
