n_threads,Time,GFLOPS
80,2.487887,803.895013
80,2.457970,813.679660
80,2.484077,805.128164
80,2.533990,789.269190
80,2.494089,801.895904
