n_threads,Time,GFLOPS
122,5.576648,358.638356
122,5.868671,340.792638
122,5.409800,369.699464
122,5.490800,364.245653
122,5.468761,365.713560
