n_threads,Time,GFLOPS
92,3.314721,603.369058
92,3.218765,621.356341
92,3.147204,635.484625
92,3.165707,631.770417
92,3.191786,626.608425
