n_threads,Time,GFLOPS
74,3.296886,606.633104
74,2.991077,668.655366
74,3.211038,622.851511
74,3.286797,608.495189
74,3.112814,642.505385
