n_threads,Time,GFLOPS
2,21.376279,93.561654
2,21.822426,91.648841
2,21.305731,93.871457
2,21.357789,93.642654
2,21.301578,93.889757
