n_threads,Time,GFLOPS
32,2.337558,855.593603
32,2.338478,855.257118
32,2.335587,856.315958
32,2.367024,844.942745
32,2.319226,862.356720
