n_threads,Time,GFLOPS
30,2.779455,719.565626
30,2.775496,720.592034
30,2.771853,721.539024
30,2.906321,688.155297
30,2.865860,697.870810
