n_threads,Time,GFLOPS
68,2.960385,675.587910
68,2.975520,672.151525
68,3.077532,649.871320
68,2.837784,704.775395
68,2.828837,707.004342
