n_threads,Time,GFLOPS
32,1.138518,1756.669717
32,1.134489,1762.907675
32,1.136847,1759.252397
32,1.153032,1734.557762
32,1.134171,1763.402438
