n_threads,Time,GFLOPS
62,2.173427,920.205551
62,2.379645,840.461407
62,2.200405,908.923676
62,2.218037,901.698292
62,2.228880,897.311660
