n_threads,Time,GFLOPS
26,2.818386,709.625958
26,2.914397,686.248356
26,2.769461,722.162192
26,2.866191,697.790123
26,2.739240,730.129460
