n_threads,Time,GFLOPS
118,0.798741,2503.940294
118,0.909566,2198.851502
118,0.905049,2209.824146
118,0.862096,2319.925955
118,1.019544,1961.660607
