n_threads,Time,GFLOPS
20,3.219337,621.245878
20,3.424542,584.019698
20,2.986160,669.756397
20,3.494233,572.371704
20,3.248388,615.689903
