n_threads,Time,GFLOPS
26,1.256314,1591.958272
26,1.253408,1595.649303
26,1.454466,1375.075044
26,1.296024,1543.180990
26,1.425246,1403.266686
