n_threads,Time,GFLOPS
76,2.808237,712.190557
76,2.751561,726.860207
76,2.803385,713.423362
76,2.750320,727.188050
76,2.785703,717.951715
