n_threads,Time,GFLOPS
114,2.191324,912.690094
114,2.184701,915.457096
114,2.411403,829.392638
114,2.326096,859.809559
114,2.263859,883.447099
