n_threads,Time,GFLOPS
34,2.705591,739.209919
34,2.923130,684.198017
34,4.242480,471.422387
34,4.530935,441.409997
34,4.586130,436.097582
