n_threads,Time,GFLOPS
118,5.656905,353.550231
118,5.317078,376.146459
118,5.508792,363.056007
118,5.454386,366.677376
118,5.312090,376.499615
