n_threads,Time,GFLOPS
50,1.372128,1457.589450
50,1.392906,1435.846610
50,1.339031,1493.617127
50,1.354338,1476.735964
50,1.386614,1442.362957
