n_threads,Time,GFLOPS
66,2.405383,831.468350
66,2.255175,886.849242
66,2.561919,780.664715
66,2.580530,775.034612
66,2.566333,779.322107
