n_threads,Time,GFLOPS
14,3.845383,520.104303
14,3.851814,519.235884
14,3.856514,518.603075
14,3.870405,516.741818
14,4.107516,486.912311
