n_threads,Time,GFLOPS
28,1.521442,1314.542423
28,1.387760,1441.171671
28,1.153782,1733.429619
28,1.211290,1651.132655
28,1.378560,1450.788898
