n_threads,Time,GFLOPS
82,3.441115,581.206979
82,3.237501,617.760446
82,3.151171,634.684611
82,3.416571,585.382213
82,3.447064,580.203874
