n_threads,Time,GFLOPS
22,3.456289,578.655294
22,3.419646,584.855778
22,3.703789,539.987628
22,3.295304,606.924305
22,3.994829,500.647158
