n_threads,Time,GFLOPS
46,3.046912,656.402312
46,3.114110,642.237978
46,3.126763,639.639172
46,3.183275,628.283826
46,3.150947,634.729844
