n_threads,Time,GFLOPS
108,3.418280,585.089642
108,3.468053,576.692519
108,3.507856,570.148816
108,3.575873,559.303922
108,3.475678,575.427254
