n_threads,Time,GFLOPS
98,2.049644,975.779422
98,2.055704,972.902903
98,1.984486,1007.817789
98,2.014682,992.712641
98,2.023855,988.213280
