n_threads,Time,GFLOPS
42,2.954546,676.922925
42,2.692643,742.764648
42,3.045012,656.811837
42,2.750740,727.077080
42,3.125477,639.902329
