n_threads,Time,GFLOPS
106,3.560515,561.716521
106,3.698962,540.692279
106,2.679309,746.461134
106,3.600375,555.497759
106,3.494140,572.386833
