n_threads,Time,GFLOPS
4,11.308192,176.862932
4,11.327072,176.568129
4,11.317247,176.721422
4,11.310712,176.823522
4,11.340802,176.354378
