n_threads,Time,GFLOPS
110,1.936825,1032.618025
110,2.006059,996.979625
110,1.939790,1031.039440
110,2.005916,997.050892
110,1.982345,1008.906324
