n_threads,Time,GFLOPS
38,1.762951,1134.461362
38,2.158518,926.561662
38,1.797881,1112.420634
38,1.857156,1076.915709
38,1.724602,1159.687930
