n_threads,Time,GFLOPS
104,2.094518,954.873418
104,2.070411,965.991890
104,2.087255,958.196472
104,2.035859,982.386123
104,2.017698,991.228453
