n_threads,Time,GFLOPS
74,3.362606,594.776807
74,3.377938,592.077175
74,3.403903,587.560776
74,3.338991,598.983369
74,3.346344,597.667186
