n_threads,Time,GFLOPS
32,1.647861,1213.694714
32,1.653025,1209.902967
32,1.634718,1223.452708
32,1.697558,1178.163009
32,1.637120,1221.657272
