n_threads,Time,GFLOPS
28,3.470369,576.307572
28,3.452168,579.346042
28,3.479161,574.851217
28,3.487106,573.541490
28,3.468435,576.628996
