n_threads,Time,GFLOPS
128,1.776633,1125.724958
128,1.761882,1135.149638
128,1.769031,1130.562726
128,1.726891,1158.150915
128,1.772386,1128.422055
