n_threads,Time,GFLOPS
6,5.725554,349.311160
6,5.715258,349.940435
6,5.684721,351.820277
6,5.661705,353.250485
6,5.684964,351.805223
