n_threads,Time,GFLOPS
10,3.936986,508.002778
10,3.909820,511.532541
10,3.971831,503.546142
10,3.920301,510.164845
10,3.975532,503.077357
