n_threads,Time,GFLOPS
30,1.768818,1130.698567
30,1.709272,1170.088628
30,1.976786,1011.743285
30,1.774448,1127.111228
30,1.697161,1178.438638
