n_threads,Time,GFLOPS
86,3.395523,589.010859
86,3.516566,568.736674
86,3.356935,595.781527
86,3.452950,579.214957
86,3.341159,598.594703
