n_threads,Time,GFLOPS
70,1.825617,1095.520249
70,1.729083,1156.682649
70,1.809103,1105.520293
70,1.811458,1104.082858
70,1.807211,1106.677440
