n_threads,Time,GFLOPS
68,1.923129,1039.971713
68,1.922582,1040.267514
68,1.998159,1000.921147
68,2.099080,952.798174
68,1.966293,1017.142300
