n_threads,Time,GFLOPS
28,3.151648,634.588629
28,3.454406,578.970765
28,3.479504,574.794622
28,3.451870,579.396077
28,3.487765,573.433156
