n_threads,Time,GFLOPS
42,1.594116,1254.613714
42,1.674945,1194.069219
42,1.898339,1053.552426
42,1.958916,1020.972612
42,1.928270,1037.199073
