n_threads,Time,GFLOPS
38,3.152787,634.359414
38,3.097395,645.703905
38,3.112987,642.469763
38,3.122408,640.531275
38,3.109885,643.110566
