n_threads,Time,GFLOPS
76,3.513706,569.199520
76,3.535646,565.667528
76,3.508021,570.121955
76,3.591512,556.868595
76,3.529520,566.649352
