n_threads,Time,GFLOPS
70,1.826919,1094.739519
70,1.780511,1123.273165
70,1.795771,1113.727480
70,1.822234,1097.553872
70,1.814873,1102.005630
