n_threads,Time,GFLOPS
86,2.036993,981.839594
86,2.004293,997.858201
86,2.099077,952.799830
86,2.170124,921.606378
86,2.082432,960.415468
