n_threads,Time,GFLOPS
58,2.910199,687.238254
58,2.711502,737.598599
58,3.288714,608.140418
58,3.270805,611.470249
58,3.252374,614.935426
