n_threads,Time,GFLOPS
128,3.421514,584.536619
128,3.136109,637.732876
128,3.127005,639.589610
128,3.469686,576.420990
128,3.471874,576.057799
