n_threads,Time,GFLOPS
58,2.111452,947.215672
58,2.040132,980.328617
58,2.165218,923.694379
58,2.180054,917.408503
58,2.049400,975.895607
