n_threads,Time,GFLOPS
98,2.049815,975.697760
98,2.038633,981.049548
98,2.107818,948.848728
98,2.047797,976.659482
98,2.106068,949.637172
