n_threads,Time,GFLOPS
74,3.290047,607.894111
74,3.121550,640.707292
74,3.475857,575.397616
74,3.445768,580.422168
74,3.532503,566.170819
