n_threads,Time,GFLOPS
34,1.715428,1165.889880
34,1.773424,1127.762086
34,1.719633,1163.038987
34,1.843595,1084.836805
34,1.726163,1158.638907
