n_threads,Time,GFLOPS
78,3.441564,581.131084
78,3.381150,591.514798
78,3.427530,583.510500
78,3.382124,591.344290
78,3.392960,589.455814
