n_threads,Time,GFLOPS
82,1.650964,1211.413682
82,1.673777,1194.902613
82,1.712415,1167.941419
82,1.846193,1083.310355
82,1.663384,1202.368163
