n_threads,Time,GFLOPS
10,3.910363,511.461533
10,3.915930,510.734372
10,3.917126,510.578400
10,3.904230,512.264927
10,3.919682,510.245434
