n_threads,Time,GFLOPS
112,2.159933,925.954607
112,2.130810,938.610395
112,2.223324,899.553839
112,2.227590,897.831441
112,2.325029,860.204337
