n_threads,Time,GFLOPS
62,3.279644,609.822270
62,3.325576,601.399537
62,3.278307,610.070998
62,3.409776,586.548860
62,3.427107,583.582659
