n_threads,Time,GFLOPS
52,3.449203,579.844138
52,3.430064,583.079511
52,3.440061,581.385077
52,3.438550,581.640519
52,3.490118,573.046550
