n_threads,Time,GFLOPS
4,11.517466,173.649314
4,11.567660,172.895815
4,11.412695,175.243441
4,11.514009,173.701443
4,11.467148,174.411283
