n_threads,Time,GFLOPS
44,1.634202,1223.838754
44,1.607410,1244.237546
44,1.702191,1174.956363
44,1.634913,1223.306609
44,1.650512,1211.745306
