n_threads,Time,GFLOPS
50,1.725616,1159.006536
50,1.725593,1159.021798
50,1.734938,1152.778625
50,1.711107,1168.834252
50,1.717718,1164.335168
