n_threads,Time,GFLOPS
64,3.613079,553.544426
64,3.589179,557.230450
64,3.648095,548.231391
64,3.675023,544.214336
64,3.598875,555.729264
