n_threads,Time,GFLOPS
26,1.875040,1066.643720
26,1.856617,1077.227971
26,1.927686,1037.513481
26,1.912027,1046.010232
26,1.938017,1031.982677
