n_threads,Time,GFLOPS
76,1.961185,1019.791489
76,1.957128,1021.905461
76,1.945138,1028.204632
76,1.961683,1019.532783
76,1.960468,1020.164679
