n_threads,Time,GFLOPS
106,3.928181,509.141552
106,3.322814,601.899481
106,3.919186,510.310091
106,3.777184,529.494936
106,3.324256,601.638399
