n_threads,Time,GFLOPS
52,1.971374,1014.521031
52,2.037429,981.629108
52,1.987825,1006.124808
52,2.084692,959.374308
52,1.961861,1019.440455
