n_threads,Time,GFLOPS
102,3.491206,572.868006
102,3.533488,566.012991
102,3.060744,653.435946
102,3.057874,654.049245
102,3.435675,582.127307
