n_threads,Time,GFLOPS
90,3.414147,585.797817
90,3.395524,589.010671
90,3.431572,582.823246
90,3.416184,585.448500
90,3.352115,596.638208
