n_threads,Time,GFLOPS
16,2.640316,757.485156
16,2.666330,750.094768
16,2.650690,754.520614
16,2.652311,754.059427
16,2.663058,751.016289
