n_threads,Time,GFLOPS
50,1.915995,1043.844157
50,1.978081,1011.081058
50,1.642727,1217.487390
50,1.602223,1248.265468
50,1.858363,1076.215892
