n_threads,Time,GFLOPS
70,3.368386,593.756105
70,3.371821,593.151343
70,2.895686,690.682548
70,3.350031,597.009447
70,3.349826,597.045941
