n_threads,Time,GFLOPS
30,3.346053,597.719129
30,3.233388,618.546156
30,3.421712,584.502698
30,3.242671,616.775454
30,3.268620,611.879090
