n_threads,Time,GFLOPS
24,1.947267,1027.080356
24,1.921202,1041.014800
24,1.895965,1054.871574
24,1.900917,1052.123943
24,1.938589,1031.678094
