n_threads,Time,GFLOPS
104,3.163029,632.305295
104,3.124007,640.203423
104,3.068384,651.808915
104,3.526485,567.136997
104,3.187612,627.428906
