n_threads,Time,GFLOPS
66,2.749405,727.430081
66,2.657498,752.587571
66,3.342420,598.368917
66,3.100870,644.980313
66,2.765201,723.274829
