n_threads,Time,GFLOPS
116,2.398232,833.947589
116,2.457184,813.940014
116,2.531469,790.055103
116,2.417541,827.286763
116,2.638100,758.121510
