n_threads,Time,GFLOPS
78,3.302651,605.574202
78,3.569186,560.351786
78,3.111986,642.676510
78,3.592647,556.692616
78,3.606620,554.535812
