n_threads,Time,GFLOPS
124,2.904652,688.550537
124,2.988207,669.297763
124,2.719340,735.472539
124,2.867745,697.412199
124,2.837196,704.921228
