n_threads,Time,GFLOPS
24,1.933173,1034.568332
24,2.467068,810.679000
24,2.416349,827.695167
24,2.217292,902.001048
24,2.040731,980.040944
