n_threads,Time,GFLOPS
64,1.805638,1107.641645
64,1.840514,1086.652943
64,1.843614,1084.825727
64,1.841413,1086.122303
64,1.840169,1086.856481
