n_threads,Time,GFLOPS
96,3.533386,566.029261
96,3.460145,578.010418
96,3.519563,568.252316
96,3.418998,584.966655
96,3.570999,560.067291
