n_threads,Time,GFLOPS
90,1.952655,1024.246555
90,1.895657,1055.043326
90,1.992987,1003.519065
90,1.845348,1083.806558
90,1.944689,1028.442297
