n_threads,Time,GFLOPS
100,1.962589,1019.062319
100,1.902304,1051.356772
100,1.962022,1019.356446
100,1.927207,1037.771504
100,1.938883,1031.521791
