n_threads,Time,GFLOPS
26,1.915774,1043.964667
26,1.897710,1053.901856
26,1.891520,1057.350821
26,1.888892,1058.821603
26,1.850003,1081.079371
