n_threads,Time,GFLOPS
82,1.783489,1121.397145
82,1.800276,1110.940746
82,1.773085,1127.977454
82,1.708209,1170.817119
82,1.755416,1139.330777
