n_threads,Time,GFLOPS
44,3.378421,591.992547
44,3.297645,606.493440
44,3.380065,591.704552
44,3.378504,591.978000
44,3.344128,598.063174
