n_threads,Time,GFLOPS
74,3.352002,596.658394
74,3.333773,599.920859
74,3.413258,585.950491
74,3.337845,599.189016
74,3.336670,599.400065
