n_threads,Time,GFLOPS
100,3.463991,577.368694
100,3.490829,572.929842
100,3.515574,568.897076
100,3.496848,571.943727
100,3.538193,565.260229
