n_threads,Time,GFLOPS
2,22.175104,90.191236
2,22.420761,89.203038
2,22.406398,89.260221
2,22.345577,89.503170
2,22.272117,89.798379
