n_threads,Time,GFLOPS
6,7.568533,264.251988
6,7.520507,265.939501
6,7.538818,265.293565
6,7.511353,266.263600
6,7.510553,266.291983
