n_threads,Time,GFLOPS
50,3.132161,638.536842
50,3.183933,628.153891
50,3.193836,626.206292
50,3.121908,640.633806
50,3.110372,643.009897
