n_threads,Time,GFLOPS
72,1.714527,1166.502801
72,1.681053,1189.730578
72,1.675497,1193.675351
72,1.690074,1183.380078
72,1.727767,1157.563599
