n_threads,Time,GFLOPS
38,2.941766,679.863781
38,3.070072,651.450548
38,2.798843,714.580863
38,3.246247,616.096022
38,3.229847,619.224361
