n_threads,Time,GFLOPS
120,3.611975,553.713731
120,3.139364,637.071762
120,3.101168,644.918359
120,3.151077,634.703695
120,3.570897,560.083324
