n_threads,Time,GFLOPS
64,1.806775,1106.944438
64,1.815157,1101.833051
64,1.809607,1105.212043
64,1.829602,1093.133697
64,1.813284,1102.971424
