n_threads,Time,GFLOPS
20,3.923410,509.760686
20,3.733045,535.755718
20,3.638320,549.704306
20,3.690996,541.859234
20,3.676673,543.970113
