n_threads,Time,GFLOPS
118,3.345196,597.872349
118,3.304996,605.144545
118,2.971175,673.134360
118,2.493609,802.050425
118,3.380880,591.561889
