n_threads,Time,GFLOPS
120,3.582699,558.238292
120,3.569835,560.249994
120,3.704401,539.898318
120,3.604271,554.897213
120,3.644654,548.748903
