n_threads,Time,GFLOPS
28,1.740599,1149.029965
28,1.740500,1149.094769
28,1.709495,1169.936188
28,1.734765,1152.893894
28,1.742398,1147.843543
