n_threads,Time,GFLOPS
118,3.790766,527.597785
118,3.856139,518.653495
118,2.800500,714.158066
118,4.160387,480.724567
118,3.763089,531.478294
