n_threads,Time,GFLOPS
88,3.496992,571.920076
88,3.068552,651.773265
88,3.507439,570.216587
88,3.110894,642.902050
88,3.549620,563.440621
