n_threads,Time,GFLOPS
26,1.950745,1025.249240
26,1.855487,1077.883969
26,1.838837,1087.644233
26,1.899100,1053.130465
26,1.864557,1072.640818
