n_threads,Time,GFLOPS
88,3.542891,564.510673
88,3.522061,567.849415
88,3.466230,576.995812
88,3.500485,571.349389
88,3.471422,576.132787
