n_threads,Time,GFLOPS
4,10.996725,181.872325
4,11.174008,178.986804
4,10.953314,182.593147
4,11.013887,181.588926
4,10.996255,181.880099
