n_threads,Time,GFLOPS
112,3.558102,562.097417
112,3.518076,568.492610
112,3.120838,640.853517
112,3.539717,565.016955
112,3.465227,577.162820
