n_threads,Time,GFLOPS
34,1.714938,1166.222852
34,1.857864,1076.505204
34,2.108028,948.753879
34,1.735064,1152.695177
34,1.798751,1111.882814
