n_threads,Time,GFLOPS
104,1.870523,1069.219629
104,1.836503,1089.026041
104,1.722752,1160.933211
104,1.849532,1081.354831
104,1.900236,1052.501108
