n_threads,Time,GFLOPS
74,2.361048,847.081322
74,2.244141,891.209461
74,2.503150,798.993356
74,2.413431,828.695905
74,2.441740,819.088105
