n_threads,Time,GFLOPS
68,3.002888,666.025514
68,3.663320,545.952923
68,3.600415,555.491544
68,2.805960,712.768638
68,3.644536,548.766641
