n_threads,Time,GFLOPS
60,1.878203,1064.847806
60,1.821858,1097.780535
60,1.824922,1095.937120
60,1.797737,1112.509768
60,1.855364,1077.955396
