n_threads,Time,GFLOPS
20,3.532508,566.169986
20,3.882397,515.145661
20,4.292057,465.977069
20,3.708921,539.240324
20,3.895715,513.384619
