n_threads,Time,GFLOPS
16,2.824521,708.084750
16,2.862983,698.572031
16,2.857126,700.004191
16,2.776482,720.336129
16,2.852440,701.154024
