n_threads,Time,GFLOPS
22,3.302875,605.533072
22,3.048250,656.114211
22,3.093983,646.416021
22,3.324628,601.571058
22,3.183880,628.164462
