n_threads,Time,GFLOPS
126,2.028121,986.134402
126,2.033459,983.545851
126,1.929078,1036.764479
126,2.017838,991.159786
126,2.081254,960.959162
