n_threads,Time,GFLOPS
104,2.081163,961.001258
104,2.063355,969.295008
104,2.081551,960.822227
104,2.022579,988.836575
104,2.105974,949.679477
