n_threads,Time,GFLOPS
54,1.799740,1111.271343
54,1.692848,1181.440715
54,1.687210,1185.388988
54,1.766747,1132.023890
54,1.791759,1116.221479
