n_threads,Time,GFLOPS
18,3.641669,549.198736
18,3.613177,553.529538
18,3.635201,550.175896
18,3.613190,553.527542
18,3.691692,541.757020
