n_threads,Time,GFLOPS
118,2.154049,928.483878
118,2.094142,955.045189
118,2.092874,955.623632
118,2.040733,980.039822
118,2.106177,949.587618
