n_threads,Time,GFLOPS
96,2.053369,974.009217
96,2.093430,955.370121
96,2.049840,975.685869
96,2.057371,972.114196
96,2.052047,974.636717
