n_threads,Time,GFLOPS
62,2.179679,917.566239
62,2.233352,895.515056
62,2.059431,971.141967
62,2.197266,910.221920
62,2.133272,937.526996
