n_threads,Time,GFLOPS
92,3.446146,580.358407
92,3.520413,568.115154
92,3.484273,574.007829
92,3.491225,572.864881
92,3.513124,569.293830
