n_threads,Time,GFLOPS
68,2.077548,962.673126
68,1.963558,1018.559034
68,2.005863,997.076871
68,2.068615,966.830511
68,2.061367,970.229731
