n_threads,Time,GFLOPS
18,2.307664,866.677201
18,2.748596,727.644107
18,2.335532,856.335855
18,2.313248,864.585098
18,2.337117,855.755351
