n_threads,Time,GFLOPS
108,2.014078,993.010198
108,2.101853,951.541470
108,2.084874,959.290562
108,2.107235,949.111003
108,2.050164,975.531780
