n_threads,Time,GFLOPS
108,3.121554,640.706580
108,3.613643,553.458150
108,3.750016,533.331017
108,3.932820,508.540920
108,3.616350,553.043828
