n_threads,Time,GFLOPS
102,3.472646,575.929702
102,3.478479,574.963960
102,3.468109,576.683194
102,3.524312,567.486629
102,3.080199,649.308633
