n_threads,Time,GFLOPS
34,1.986734,1006.677137
34,1.967743,1016.393054
34,1.960135,1020.337847
34,2.008290,995.871947
34,1.923401,1039.824624
