n_threads,Time,GFLOPS
94,2.497480,800.807085
94,2.406066,831.232507
94,2.402970,832.303279
94,2.430221,822.970514
94,2.496683,801.062936
