n_threads,Time,GFLOPS
104,3.434030,582.406168
104,3.464802,577.233513
104,3.537716,565.336526
104,3.504333,570.722033
104,3.579597,558.722163
