n_threads,Time,GFLOPS
14,3.432564,582.654877
14,3.465718,577.080986
14,3.451061,579.531875
14,3.450633,579.603849
14,3.462936,577.544525
