n_threads,Time,GFLOPS
100,2.045543,977.735706
100,1.961604,1019.573998
100,2.015507,992.305989
100,2.004132,997.938261
100,1.965070,1017.775244
