n_threads,Time,GFLOPS
66,1.870045,1069.493042
66,1.916698,1043.461007
66,1.904585,1050.097569
66,1.877863,1065.040568
66,1.898146,1053.659952
