n_threads,Time,GFLOPS
106,2.118636,944.003785
106,2.013670,993.211265
106,2.113341,946.368986
106,2.065113,968.470125
106,2.053804,973.802736
