n_threads,Time,GFLOPS
114,2.384296,838.822008
114,2.276528,878.530674
114,2.218921,901.339080
114,2.243805,891.343177
114,2.404700,831.704534
