n_threads,Time,GFLOPS
12,3.474317,575.652633
12,3.473882,575.724874
12,3.320819,602.261050
12,3.388078,590.305240
12,3.378419,591.992932
