n_threads,Time,GFLOPS
94,3.442977,580.892629
94,3.399277,588.360415
94,3.442161,581.030268
94,3.341992,598.445527
94,2.965276,674.473404
