n_threads,Time,GFLOPS
70,3.405114,587.351898
70,3.391346,589.736303
70,3.353323,596.423275
70,3.380487,591.630725
70,3.371954,593.127852
