n_threads,Time,GFLOPS
14,2.975654,672.121108
14,3.029024,660.278670
14,2.981411,670.823418
14,3.065097,652.507891
14,3.053497,654.986704
