n_threads,Time,GFLOPS
88,3.469530,576.447024
88,3.490197,573.033527
88,3.512660,569.369030
88,3.477885,575.062191
88,3.543497,564.414247
