n_threads,Time,GFLOPS
40,1.815009,1101.922778
40,1.839267,1087.389486
40,1.899026,1053.171410
40,1.815107,1101.863367
40,1.901784,1051.643915
