n_threads,Time,GFLOPS
114,2.004687,997.661987
114,2.019869,990.163072
114,1.938742,1031.597035
114,1.963662,1018.505121
114,1.976502,1011.888794
