n_threads,Time,GFLOPS
92,3.188525,627.249352
92,3.105247,644.071159
92,3.721251,537.453645
92,3.115044,642.045575
92,3.640059,549.441644
