n_threads,Time,GFLOPS
48,1.573096,1271.378020
48,1.570404,1273.557621
48,1.581094,1264.947146
48,1.592182,1256.138013
48,1.567225,1276.140702
