n_threads,Time,GFLOPS
88,1.752093,1141.491775
88,1.672925,1195.510803
88,1.798516,1112.028033
88,1.714060,1166.820543
88,1.792618,1115.686571
