n_threads,Time,GFLOPS
50,1.731198,1155.269138
50,1.627890,1228.584284
50,1.653068,1209.871708
50,1.650340,1211.871274
50,1.632552,1225.075639
