n_threads,Time,GFLOPS
84,3.491523,572.815925
84,3.439140,581.540673
84,3.461179,577.837782
84,3.449546,579.786460
84,3.519894,568.198869
