n_threads,Time,GFLOPS
102,2.023931,988.175951
102,2.183401,916.002237
102,2.145242,932.295817
102,2.139032,935.002381
102,2.047741,976.685780
