n_threads,Time,GFLOPS
72,1.729895,1156.139839
72,1.743520,1147.104920
72,1.745364,1145.892688
72,1.740368,1149.181934
72,1.727894,1157.478663
