n_threads,Time,GFLOPS
56,3.488397,573.329239
56,3.500419,571.360247
56,3.429220,583.222976
56,3.455422,578.800571
56,3.440410,581.326136
