n_threads,Time,GFLOPS
88,1.987768,1006.153815
88,2.002516,998.743457
88,1.960204,1020.302180
88,1.996636,1001.684594
88,1.988625,1005.720155
