n_threads,Time,GFLOPS
84,3.561471,561.565783
84,3.576145,559.261476
84,2.470448,809.569609
84,3.557014,562.269415
84,3.531429,566.343047
