n_threads,Time,GFLOPS
84,1.854453,1078.485138
84,1.801005,1110.491113
84,1.836083,1089.275310
84,1.889710,1058.363457
84,1.767837,1131.326283
