n_threads,Time,GFLOPS
66,2.663515,750.887440
66,2.660495,751.739693
66,2.887709,692.590647
66,2.690959,743.229591
66,2.640221,757.512284
