n_threads,Time,GFLOPS
80,3.563927,561.178653
80,3.609823,554.043736
80,3.585510,557.800713
80,3.569070,560.370124
80,3.577273,559.085064
