n_threads,Time,GFLOPS
42,2.884682,693.317355
42,2.806143,712.722098
42,2.967314,674.010263
42,2.822739,708.531707
42,3.221671,620.795868
