n_threads,Time,GFLOPS
80,1.764995,1133.147694
80,1.830697,1092.480338
80,1.780702,1123.152315
80,1.841031,1086.348089
80,1.757413,1138.036328
