n_threads,Time,GFLOPS
66,1.834494,1090.218614
66,1.825046,1095.862566
66,1.824467,1096.210526
66,1.794431,1114.559648
66,1.872588,1068.040655
