n_threads,Time,GFLOPS
60,3.750549,533.255243
60,3.759101,532.042041
60,3.767008,530.925382
60,3.748435,533.556033
60,3.773622,529.994749
