n_threads,Time,GFLOPS
104,3.250863,615.221247
104,3.511126,569.617901
104,3.534985,565.773236
104,3.576747,559.167291
104,3.512407,569.410100
