n_threads,Time,GFLOPS
34,2.910940,687.063172
34,2.985598,669.882491
34,2.937824,680.775938
34,3.129916,638.994880
34,2.849722,701.822781
