n_threads,Time,GFLOPS
122,3.519617,568.243719
122,3.270700,611.489910
122,3.270928,611.447264
122,3.260218,613.455976
122,3.315008,603.316705
