n_threads,Time,GFLOPS
52,1.908335,1048.034275
52,1.898466,1053.482260
52,1.931959,1035.218659
52,1.855116,1078.099423
52,1.965242,1017.686196
