n_threads,Time,GFLOPS
80,1.848622,1081.887142
80,1.832712,1091.279106
80,1.815324,1101.731821
80,1.827922,1094.138466
80,1.825110,1095.824078
