n_threads,Time,GFLOPS
38,2.023688,988.294502
38,2.080047,961.516886
38,1.769457,1130.290535
38,1.977122,1011.571367
38,2.142543,933.470010
