n_threads,Time,GFLOPS
36,3.114476,642.162699
36,3.360206,595.201687
36,3.528361,566.835465
36,2.993476,668.119642
36,3.048457,656.069536
