n_threads,Time,GFLOPS
126,4.051680,493.622406
126,4.206898,475.409711
126,3.224080,620.332021
126,4.219797,473.956452
126,4.213070,474.713213
