n_threads,Time,GFLOPS
8,5.928197,337.370726
8,5.889648,339.578841
8,5.890823,339.511109
8,5.907460,338.554957
8,5.915229,338.110349
