n_threads,Time,GFLOPS
46,1.861599,1074.345329
46,1.865127,1072.312934
46,1.866057,1071.778784
46,1.860458,1075.003962
46,1.866540,1071.501104
