n_threads,Time,GFLOPS
64,1.818153,1100.017227
64,1.803696,1108.834466
64,1.812870,1103.223083
64,1.810295,1104.792380
64,1.812463,1103.470698
