n_threads,Time,GFLOPS
122,2.033675,983.441460
122,2.047071,977.005848
122,1.921002,1041.123300
122,2.002864,998.569800
122,2.091871,956.081918
