n_threads,Time,GFLOPS
120,1.979095,1010.562935
120,2.027778,986.301503
120,1.899826,1052.727761
120,2.053330,974.027391
120,1.982442,1008.856659
