n_threads,Time,GFLOPS
52,3.496833,571.946144
52,3.265812,612.405200
52,3.311039,604.039990
52,2.776719,720.274649
52,3.525980,567.218253
