n_threads,Time,GFLOPS
114,2.611944,765.713055
114,2.839319,704.394141
114,4.302896,464.803267
114,3.168433,631.226953
114,4.338272,461.013090
