n_threads,Time,GFLOPS
66,1.884211,1061.452260
66,1.844668,1084.205808
66,1.858761,1075.985319
66,1.895109,1055.348472
66,1.874771,1066.797005
