n_threads,Time,GFLOPS
66,3.474881,575.559267
66,3.531963,566.257293
66,3.334785,599.738789
66,3.457487,578.454836
66,3.527418,566.986952
