n_threads,Time,GFLOPS
2,24.176192,82.726013
2,24.270594,82.404246
2,24.280435,82.370847
2,24.263961,82.426773
2,24.294180,82.324244
