n_threads,Time,GFLOPS
74,2.332145,857.579466
74,2.389625,836.951279
74,2.351475,850.530092
74,2.343416,853.455043
74,2.474888,808.117383
