n_threads,Time,GFLOPS
54,3.123855,640.234544
54,3.334658,599.761703
54,3.162793,632.352383
54,3.197250,625.537578
54,2.791594,716.436670
