n_threads,Time,GFLOPS
72,3.479806,574.744649
72,3.475867,575.396078
72,2.842413,703.627538
72,2.986494,669.681677
72,2.850517,701.626999
