n_threads,Time,GFLOPS
2,16.453631,121.553719
2,16.408859,121.885377
2,16.530009,120.992068
2,16.388885,122.033925
2,16.442653,121.634872
