n_threads,Time,GFLOPS
100,3.032459,659.530822
100,3.106857,643.737377
100,2.622028,762.768466
100,3.451151,579.516812
100,3.032685,659.481599
