n_threads,Time,GFLOPS
110,3.512791,569.347796
110,3.584406,557.972447
110,3.595659,556.226225
110,3.523155,567.673044
110,3.512499,569.395260
