n_threads,Time,GFLOPS
90,1.888110,1059.260572
90,1.883494,1061.856110
90,1.931214,1035.617895
90,1.911840,1046.112465
90,1.889336,1058.573016
