n_threads,Time,GFLOPS
56,3.061515,653.271378
56,3.520445,568.109994
56,3.270296,611.565505
56,3.569197,560.350163
56,3.801632,526.089878
