n_threads,Time,GFLOPS
56,3.283748,609.060173
56,3.705778,539.697789
56,3.744277,534.148483
56,3.116792,641.685454
56,3.011202,664.186558
