n_threads,Time,GFLOPS
112,3.423137,584.259414
112,3.991308,501.088813
112,3.614796,553.281596
112,3.135206,637.916622
112,3.792818,527.312352
