n_threads,Time,GFLOPS
108,3.473357,575.811846
108,3.434285,582.362854
108,3.501017,571.262503
108,3.460657,577.924998
108,3.480115,574.693635
