n_threads,Time,GFLOPS
82,1.784360,1120.850356
82,1.750122,1142.777737
82,1.742012,1148.097691
82,1.796821,1113.077077
82,1.779429,1123.955927
