n_threads,Time,GFLOPS
26,3.155388,633.836407
26,3.081679,648.996845
26,3.445536,580.461132
26,3.281792,609.423215
26,3.176299,629.663621
