n_threads,Time,GFLOPS
58,2.029493,985.467778
58,2.165961,923.377740
58,2.039833,980.472192
58,2.032804,983.862873
58,2.049747,975.730149
