n_threads,Time,GFLOPS
42,1.663657,1202.171155
42,1.612366,1240.413265
42,1.707521,1171.288735
42,2.688238,743.981687
42,2.007078,996.473277
