n_threads,Time,GFLOPS
116,2.709934,738.025431
116,3.595216,556.294834
116,3.664601,545.761967
116,3.986314,501.716632
116,3.699746,540.577637
