n_threads,Time,GFLOPS
110,3.549879,563.399493
110,3.832644,521.833034
110,3.954322,505.775711
110,3.436352,582.012607
110,3.328660,600.842421
