n_threads,Time,GFLOPS
102,2.037837,981.432969
102,2.155440,927.884731
102,2.203669,907.577483
102,2.211501,904.363180
102,2.171363,921.080299
