n_threads,Time,GFLOPS
106,2.093591,955.296377
106,2.067399,967.398908
106,2.103040,951.004043
106,2.083464,959.939817
106,2.132189,938.003073
