n_threads,Time,GFLOPS
116,3.570634,560.124678
116,3.771074,530.352831
116,3.646647,548.449061
116,3.589025,557.254419
116,3.125880,639.819791
