n_threads,Time,GFLOPS
92,2.094478,954.891984
92,2.067412,967.393020
92,2.076956,962.947608
92,2.037424,981.631611
92,2.091593,956.209186
