n_threads,Time,GFLOPS
56,1.658314,1206.044145
56,1.658063,1206.226666
56,1.664966,1201.225931
56,1.685010,1186.936794
56,1.677213,1192.454072
