n_threads,Time,GFLOPS
68,3.650605,547.854354
68,3.241409,617.015634
68,3.276004,610.499891
68,3.000451,666.566357
68,3.250878,615.218456
