n_threads,Time,GFLOPS
84,1.952548,1024.302859
84,1.935842,1033.142274
84,1.947634,1026.886720
84,1.978991,1010.616212
84,1.966940,1016.808089
