n_threads,Time,GFLOPS
122,3.254610,614.513000
122,3.796409,526.813568
122,3.267881,612.017308
122,3.231502,618.907193
122,3.814275,524.346101
