n_threads,Time,GFLOPS
90,3.431948,582.759391
90,3.389644,590.032518
90,2.473648,808.522334
90,3.421435,584.550029
90,3.404163,587.515984
