n_threads,Time,GFLOPS
62,2.236804,894.132740
62,2.257379,885.983199
62,2.339684,854.816394
62,2.453010,815.324705
62,2.122505,942.282722
