n_threads,Time,GFLOPS
120,2.052680,974.335843
120,2.052902,974.230682
120,2.091718,956.151731
120,1.956572,1022.196046
120,2.077331,962.773823
