n_threads,Time,GFLOPS
124,2.317371,863.046958
124,2.345541,852.681623
124,2.289791,873.442232
124,2.360624,847.233460
124,2.290309,873.244680
