n_threads,Time,GFLOPS
24,3.577979,558.974706
24,3.377529,592.148812
24,3.531293,566.364738
24,3.442185,581.026260
24,3.411909,586.182143
