n_threads,Time,GFLOPS
8,4.940184,404.843246
8,5.065070,394.861272
8,4.968617,402.526459
8,5.078684,393.802767
8,5.023885,398.098251
