n_threads,Time,GFLOPS
8,4.397148,454.840249
8,4.402250,454.313116
8,4.419900,452.498951
8,4.376048,457.033328
8,4.362285,458.475368
