n_threads,Time,GFLOPS
46,1.659941,1204.861933
46,1.615166,1238.262577
46,1.670519,1197.232511
46,1.650841,1211.503743
46,1.637533,1221.349213
