n_threads,Time,GFLOPS
18,2.456367,814.210459
18,2.458273,813.579395
18,2.441064,819.314795
18,2.448392,816.862806
18,2.448009,816.990303
