n_threads,Time,GFLOPS
40,3.369540,593.552823
40,3.337556,599.240865
40,3.363954,594.538387
40,2.961662,675.296443
40,3.397785,588.618721
