n_threads,Time,GFLOPS
14,2.762874,723.883769
14,2.740860,729.698108
14,2.767618,722.643014
14,2.743259,729.059877
14,2.728131,733.102594
