n_threads,Time,GFLOPS
48,3.325218,601.464261
48,3.298847,606.272446
48,3.315612,603.206811
48,3.402517,587.800191
48,3.326618,601.211152
