n_threads,Time,GFLOPS
64,3.588238,557.376572
64,3.652047,547.638139
64,3.507692,570.175549
64,3.616699,552.990492
64,3.623735,551.916781
