n_threads,Time,GFLOPS
108,2.013661,993.216034
108,2.025268,987.523740
108,2.053974,973.721948
108,1.991130,1004.454701
108,2.053901,973.756975
