n_threads,Time,GFLOPS
48,1.579198,1266.465582
48,1.634375,1223.708998
48,1.600831,1249.351356
48,1.574348,1270.367433
48,1.589825,1258.000279
