n_threads,Time,GFLOPS
60,1.892774,1056.649939
60,1.848747,1081.813967
60,1.879093,1064.343165
60,1.894091,1055.915583
60,1.889010,1058.755712
