n_threads,Time,GFLOPS
84,1.954165,1023.455097
84,1.896621,1054.507076
84,1.950936,1025.148740
84,1.959039,1020.908483
84,1.988557,1005.754476
