n_threads,Time,GFLOPS
40,1.618454,1235.746861
40,1.641089,1218.702993
40,1.856120,1077.516727
40,1.649556,1212.447374
40,1.651362,1211.121191
