n_threads,Time,GFLOPS
32,3.345571,597.805227
32,3.344468,598.002501
32,3.373642,592.831061
32,3.378706,591.942646
32,3.339626,598.869459
