n_threads,Time,GFLOPS
124,3.559580,561.864087
124,3.202013,624.607017
124,3.127176,639.554581
124,3.150908,634.737674
124,3.259454,613.599704
