n_threads,Time,GFLOPS
68,2.173802,920.047188
68,2.115499,945.403472
68,2.031297,984.592427
68,2.029175,985.622442
68,2.068763,966.761497
