n_threads,Time,GFLOPS
8,5.870521,340.685271
8,6.061203,329.967485
8,6.025085,331.945511
8,5.967516,335.147851
8,5.859923,341.301406
