n_threads,Time,GFLOPS
122,2.040649,980.080542
122,2.013558,993.266484
122,2.175183,919.462799
122,2.036393,982.128709
122,2.047450,976.824901
