n_threads,Time,GFLOPS
14,3.988824,501.400951
14,3.981739,502.293108
14,4.002432,499.696180
14,3.979697,502.550846
14,3.989055,501.371878
