n_threads,Time,GFLOPS
48,1.795341,1113.994505
48,1.781928,1122.379925
48,1.807694,1106.382039
48,1.818818,1099.615032
48,1.832217,1091.573765
