n_threads,Time,GFLOPS
16,3.954815,505.712688
16,3.963790,504.567577
16,3.965069,504.404880
16,3.944413,507.046348
16,3.930485,508.843051
