n_threads,Time,GFLOPS
32,3.339694,598.857188
32,3.342405,598.371480
32,3.343356,598.201368
32,3.346013,597.726267
32,3.349258,597.147223
