n_threads,Time,GFLOPS
12,3.183174,628.303741
12,3.183748,628.190338
12,3.165200,631.871615
12,3.179893,628.952012
12,3.172165,630.484254
