n_threads,Time,GFLOPS
94,2.444969,818.006382
94,2.567508,778.965350
94,2.453531,815.151865
94,2.536917,788.358578
94,2.496644,801.075501
