n_threads,Time,GFLOPS
94,3.028448,660.404252
94,3.608913,554.183425
94,2.972795,672.767588
94,3.459606,578.100541
94,3.568975,560.385052
