n_threads,Time,GFLOPS
16,3.982620,502.181918
16,3.975305,503.106061
16,3.979200,502.613629
16,3.984986,501.883760
16,3.964742,504.446428
