n_threads,Time,GFLOPS
20,2.284378,875.511847
20,2.519148,793.919250
20,2.164954,923.807176
20,2.164229,924.116644
20,2.179534,917.627293
