n_threads,Time,GFLOPS
30,2.891835,691.602507
30,2.887936,692.536223
30,3.330397,600.528996
30,2.852435,701.155367
30,3.265846,612.398695
