n_threads,Time,GFLOPS
18,3.670658,544.861390
18,4.526162,441.875496
18,3.659717,546.490275
18,3.695039,541.266240
18,3.799064,526.445395
