n_threads,Time,GFLOPS
98,2.790361,716.753244
98,2.661789,751.374476
98,2.160801,925.582847
98,3.151158,634.687367
98,2.766427,722.954260
