n_threads,Time,GFLOPS
108,1.713202,1167.404604
108,1.723573,1160.380293
108,1.740015,1149.415513
108,1.737628,1150.994629
108,1.883728,1061.724507
