n_threads,Time,GFLOPS
4,12.343295,162.031292
4,12.077069,165.603089
4,12.606135,158.652915
4,12.861933,155.497617
4,11.830272,169.057824
