n_threads,Time,GFLOPS
46,3.253145,614.789598
46,2.855913,700.301463
46,3.172188,630.479626
46,3.335749,599.565583
46,2.697346,741.469617
