n_threads,Time,GFLOPS
4,11.838343,168.942556
4,11.936770,167.549514
4,12.574735,159.049075
4,11.806969,169.391485
4,12.428692,160.917985
