n_threads,Time,GFLOPS
86,3.377575,592.140754
86,3.217773,621.547937
86,3.734034,535.613808
86,3.708607,539.286038
86,3.414913,585.666519
