n_threads,Time,GFLOPS
78,1.795262,1114.043814
78,1.855341,1077.969169
78,1.795722,1113.758018
78,1.846944,1082.869928
78,1.825501,1095.589854
