n_threads,Time,GFLOPS
60,1.840311,1086.772585
60,1.819707,1099.077797
60,1.834506,1090.211951
60,1.797373,1112.735007
60,1.823317,1096.901972
