n_threads,Time,GFLOPS
22,2.078481,962.240996
22,2.103867,950.630412
22,2.584858,773.736920
22,2.059663,971.032861
22,2.234137,895.200067
