n_threads,Time,GFLOPS
20,2.175971,919.129762
20,2.201283,908.560925
20,2.169102,922.040378
20,2.214446,903.160574
20,2.217538,901.901014
