n_threads,Time,GFLOPS
24,3.337610,599.231222
24,3.578100,558.955824
24,3.596844,556.043027
24,3.629125,551.097058
24,3.577184,559.099064
