n_threads,Time,GFLOPS
52,1.833539,1090.786509
52,1.926260,1038.281187
52,1.844740,1084.163393
52,1.928894,1036.863418
52,1.895678,1055.031749
