n_threads,Time,GFLOPS
82,3.386235,590.626539
82,3.330142,600.574970
82,3.353213,596.442895
82,3.336145,599.494320
82,3.073923,650.634281
