n_threads,Time,GFLOPS
112,2.049813,975.698841
112,2.157524,926.988705
112,2.114450,945.872252
112,2.192753,912.095256
112,2.093686,955.252886
