n_threads,Time,GFLOPS
50,3.229533,619.284605
50,3.240646,617.160871
50,2.943370,679.493335
50,3.109995,643.087866
50,2.601739,768.716657
