n_threads,Time,GFLOPS
36,1.916521,1043.557814
36,2.382753,839.365218
36,1.674995,1194.033277
36,1.624812,1230.911833
36,1.704899,1173.090013
