n_threads,Time,GFLOPS
78,3.412126,586.144888
78,3.433601,582.478848
78,3.403691,587.597329
78,2.981438,670.817336
78,2.736467,730.869427
