n_threads,Time,GFLOPS
124,3.496061,572.072442
124,3.607272,554.435663
124,3.721489,537.419276
124,3.310155,604.201359
124,3.729773,536.225654
