n_threads,Time,GFLOPS
12,4.367775,457.899072
12,4.359615,458.756118
12,4.368806,457.791023
12,4.361509,458.556901
12,4.351246,459.638416
