n_threads,Time,GFLOPS
78,1.864284,1072.798020
78,1.847619,1082.474122
78,1.799669,1111.315572
78,1.830688,1092.485517
78,1.843376,1084.965954
