n_threads,Time,GFLOPS
10,4.876565,410.124779
10,4.894444,408.626592
10,4.910241,407.311992
10,4.898166,408.316125
10,4.865743,411.036921
