n_threads,Time,GFLOPS
44,3.363178,594.675649
44,3.346930,597.562556
44,3.332501,600.149796
44,3.315277,603.267815
44,3.421244,584.582720
