n_threads,Time,GFLOPS
128,2.018744,990.715233
128,1.939256,1031.323250
128,2.168836,922.153759
128,1.994243,1002.887027
128,2.014714,992.696718
