n_threads,Time,GFLOPS
112,5.433842,368.063681
112,5.163632,387.324240
112,5.468286,365.745328
112,5.353938,373.556811
112,5.344780,374.196891
