n_threads,Time,GFLOPS
118,4.749037,421.138047
118,4.678034,427.530051
118,4.851176,412.271161
118,4.898823,408.261317
118,4.499251,444.518476
