n_threads,Time,GFLOPS
34,2.653880,753.613666
34,2.739446,730.074686
34,2.629663,760.553754
34,2.664566,750.591218
34,2.660495,751.739770
