n_threads,Time,GFLOPS
126,2.693702,742.472748
126,2.563172,780.283122
126,2.419251,826.702291
126,2.555245,782.703687
126,2.731199,732.279160
