n_threads,Time,GFLOPS
126,3.341216,598.584411
126,3.333555,599.960188
126,3.333104,600.041272
126,3.272401,611.171978
126,3.219353,621.242936
