n_threads,Time,GFLOPS
50,2.757259,725.357978
50,2.446443,817.513327
50,2.234285,895.141010
50,2.736456,730.872392
50,1.530092,1307.110739
