n_threads,Time,GFLOPS
96,4.762424,419.954169
96,5.001877,399.849934
96,4.759067,420.250469
96,4.707977,424.810896
96,5.016377,398.694119
