n_threads,Time,GFLOPS
60,3.165830,631.745945
60,3.164366,632.038056
60,3.172479,630.421778
60,3.188797,627.195835
60,3.116674,641.709632
