n_threads,Time,GFLOPS
48,1.534880,1303.033168
48,1.495436,1337.402251
48,1.515761,1319.469506
48,1.500036,1333.301491
48,1.489717,1342.536688
