n_threads,Time,GFLOPS
58,1.542545,1296.558250
58,1.694951,1179.975102
58,1.625657,1230.272065
58,1.543401,1295.839386
58,1.688053,1184.796614
