n_threads,Time,GFLOPS
24,1.429788,1398.809237
24,1.436235,1392.530209
24,1.466403,1363.881976
24,1.500430,1332.951222
24,1.482762,1348.834193
