n_threads,Time,GFLOPS
60,1.842215,1085.649899
60,1.711310,1168.695576
60,1.717467,1164.505635
60,1.681910,1189.124448
60,1.657033,1206.976382
