n_threads,Time,GFLOPS
4,10.704230,186.842016
4,10.725060,186.479149
4,10.724654,186.486205
4,10.725750,186.467143
4,10.712980,186.689424
