n_threads,Time,GFLOPS
108,4.623075,432.612469
108,4.590579,435.674927
108,4.587683,435.949869
108,4.971467,402.295741
108,4.479200,446.508274
