n_threads,Time,GFLOPS
14,3.348517,597.279275
14,3.368481,593.739433
14,3.347285,597.499146
14,3.376081,592.402854
14,3.343704,598.139093
