n_threads,Time,GFLOPS
22,1.352617,1478.615561
22,1.340167,1492.351521
22,2.585220,773.628584
22,1.377469,1451.938603
22,3.150669,634.785746
