n_threads,Time,GFLOPS
72,2.461257,812.593037
72,2.453642,815.114931
72,2.351217,850.623350
72,2.226589,898.234854
72,2.633544,759.433044
