n_threads,Time,GFLOPS
28,3.404968,587.377100
28,3.649709,547.988963
28,3.414377,585.758400
28,3.584241,557.998270
28,3.664133,545.831713
