n_threads,Time,GFLOPS
90,2.367378,844.816521
90,2.417037,827.459438
90,2.385199,838.504515
90,2.424393,824.948826
90,2.434699,821.456773
