n_threads,Time,GFLOPS
44,1.437580,1391.226469
44,1.454894,1374.670271
44,1.426925,1401.615400
44,1.430458,1398.153159
44,1.462853,1367.190960
