n_threads,Time,GFLOPS
112,2.863361,698.479838
112,2.873572,695.997882
112,2.887434,692.656532
112,2.898195,690.084695
112,2.903934,688.720836
