n_threads,Time,GFLOPS
110,4.856452,411.823287
110,5.292543,377.890179
110,5.217396,383.332962
110,5.571405,358.975905
110,5.080045,393.697285
