n_threads,Time,GFLOPS
62,1.673832,1194.862893
62,1.661893,1203.447103
62,1.661542,1203.701368
62,1.640398,1219.216630
62,1.668480,1198.695561
