n_threads,Time,GFLOPS
106,2.548704,784.712396
106,2.491282,802.799481
106,2.371151,843.472152
106,2.490382,803.089677
106,2.471911,809.090620
