n_threads,Time,GFLOPS
54,1.751458,1141.905785
54,1.977637,1011.308161
54,1.629140,1227.641366
54,1.647853,1213.700484
54,2.232436,895.882411
