n_threads,Time,GFLOPS
122,3.161928,632.525395
122,3.138681,637.210418
122,3.158701,633.171774
122,3.176207,629.681915
122,3.152299,634.457659
