n_threads,Time,GFLOPS
114,3.422037,584.447148
114,3.148510,635.221012
114,3.063699,652.805597
114,3.219775,621.161472
114,3.230470,619.105019
