n_threads,Time,GFLOPS
58,2.920542,684.804347
58,3.473433,575.799193
58,3.352965,596.487048
58,3.123046,640.400409
58,2.738340,730.369552
