n_threads,Time,GFLOPS
30,3.497780,571.791187
30,2.723075,734.463755
30,3.547368,563.798225
30,2.630540,760.300100
30,3.342960,598.272131
