n_threads,Time,GFLOPS
52,4.855614,411.894324
52,4.262767,469.178780
52,3.578489,558.895050
52,3.887096,514.522858
52,3.577486,559.051774
