n_threads,Time,GFLOPS
100,2.907017,687.990427
100,2.855497,700.403411
100,2.926351,683.445112
100,2.778828,719.727772
100,2.732576,731.910109
