n_threads,Time,GFLOPS
66,3.480460,574.636738
66,2.751426,726.895921
66,3.473201,575.837687
66,2.671401,748.670862
66,2.497386,800.837247
