n_threads,Time,GFLOPS
88,2.440741,819.423154
88,2.417552,827.283158
88,2.333162,857.205949
88,2.343173,853.543283
88,2.350065,851.040162
