n_threads,Time,GFLOPS
128,2.534326,789.164341
128,2.515616,795.033830
128,2.601615,768.753244
128,2.501689,799.460021
128,2.651369,754.327369
