n_threads,Time,GFLOPS
66,3.395803,588.962285
66,3.464038,577.360920
66,3.104028,644.324130
66,3.528107,566.876217
66,3.337764,599.203455
