n_threads,Time,GFLOPS
84,4.098914,487.934116
84,4.178643,478.624265
84,4.154819,481.368710
84,4.201759,475.991168
84,4.021794,497.290554
