n_threads,Time,GFLOPS
18,1.564646,1278.244685
18,1.801156,1110.397700
18,1.825523,1095.576703
18,1.806188,1107.304253
18,1.805640,1107.640523
