n_threads,Time,GFLOPS
4,5.249744,380.970989
4,5.189676,385.380505
4,5.275487,379.111890
4,5.239874,381.688579
4,5.246392,381.214391
