n_threads,Time,GFLOPS
86,4.670472,428.222199
86,4.223616,473.527951
86,3.598654,555.763356
86,4.193066,476.977931
86,4.576728,436.993380
