n_threads,Time,GFLOPS
18,1.349594,1481.927515
18,1.344499,1487.542539
18,1.355901,1475.034464
18,1.344208,1487.865211
18,1.366879,1463.187319
