n_threads,Time,GFLOPS
68,3.712748,538.684543
68,3.860492,518.068673
68,3.848152,519.730003
68,3.720705,537.532556
68,3.877819,515.753812
