n_threads,Time,GFLOPS
116,5.589209,357.832368
116,4.450949,449.342402
116,5.688951,351.558641
116,5.742884,348.257071
116,5.629631,355.263092
