n_threads,Time,GFLOPS
120,4.013086,498.369638
120,4.927904,405.852030
120,4.669120,428.346232
120,4.896979,408.415044
120,4.764384,419.781468
