n_threads,Time,GFLOPS
64,1.668420,1198.738664
64,1.687505,1185.181888
64,1.684873,1187.033020
64,1.682044,1189.029554
64,1.676543,1192.930743
