n_threads,Time,GFLOPS
108,5.495505,363.933792
108,5.482550,364.793781
108,5.187224,385.562690
108,5.344391,374.224088
108,5.169156,386.910389
