n_threads,Time,GFLOPS
26,2.494574,801.740120
26,2.465060,811.339395
26,2.482357,805.685817
26,2.470625,809.511833
26,2.466761,810.779692
