n_threads,Time,GFLOPS
98,3.098868,645.396888
98,4.824874,414.518557
98,4.751396,420.928914
98,4.604890,434.320882
98,4.803671,416.348283
