n_threads,Time,GFLOPS
110,4.900978,408.081830
110,4.891081,408.907562
110,4.777013,418.671703
110,4.616898,433.191315
110,5.007007,399.440210
