n_threads,Time,GFLOPS
4,5.272566,379.321972
4,5.228987,382.483226
4,5.245095,381.308664
4,5.244830,381.327911
4,5.217520,383.323859
