n_threads,Time,GFLOPS
6,3.568930,560.392069
6,3.629991,550.965501
6,3.611414,553.799678
6,3.616772,552.979290
6,3.603225,555.058359
