n_threads,Time,GFLOPS
18,4.218537,474.098022
18,5.093212,392.679477
18,5.087532,393.117938
18,5.475865,365.239130
18,5.152615,388.152421
