n_threads,Time,GFLOPS
98,2.664058,750.734526
98,2.798384,714.698282
98,2.563420,780.207692
98,2.452650,815.444353
98,3.934805,508.284371
