n_threads,Time,GFLOPS
90,4.636333,431.375376
90,3.892091,513.862662
90,4.681196,427.241217
90,4.474544,446.972948
90,4.922784,406.274190
