n_threads,Time,GFLOPS
110,5.357063,373.338877
110,5.286490,378.322891
110,5.378840,371.827375
110,5.320899,375.876310
110,5.346117,374.103269
