n_threads,Time,GFLOPS
42,2.767200,722.752284
42,2.850777,701.563082
42,2.789403,716.999421
42,2.772158,721.459728
42,2.782417,718.799475
