n_threads,Time,GFLOPS
24,4.004712,499.411694
24,3.666027,545.549737
24,4.001648,499.794084
24,3.900746,512.722472
24,3.719093,537.765585
