n_threads,Time,GFLOPS
108,3.091581,646.918272
108,2.931360,682.277154
108,2.953964,677.056348
108,2.965972,674.315275
108,2.978421,671.496769
