n_threads,Time,GFLOPS
16,1.529692,1307.453081
16,1.528174,1308.751291
16,1.524627,1311.796638
16,1.536916,1301.307460
16,1.523115,1313.098309
