n_threads,Time,GFLOPS
78,2.868980,697.111932
78,2.991167,668.635269
78,2.847207,702.442776
78,2.674871,747.699623
78,2.702118,740.160188
