n_threads,Time,GFLOPS
32,2.615290,764.733623
32,2.567738,778.895641
32,2.637400,758.322562
32,2.633656,759.400567
32,2.641647,757.103471
