n_threads,Time,GFLOPS
76,3.740802,534.644680
76,3.821268,523.386507
76,4.074300,490.881857
76,3.936612,508.051049
76,3.926199,509.398565
