n_threads,Time,GFLOPS
70,3.513869,569.173154
70,3.636376,549.998200
70,3.578042,558.965005
70,3.724539,536.979211
70,3.614950,553.257965
