n_threads,Time,GFLOPS
46,1.973621,1013.365976
46,1.379443,1449.860856
46,1.535231,1302.735222
46,1.564202,1278.607107
46,1.424620,1403.883488
