n_threads,Time,GFLOPS
46,1.584241,1262.434047
46,1.485254,1346.570764
46,1.498433,1334.727330
46,1.868638,1070.298446
46,2.143023,933.261102
