n_threads,Time,GFLOPS
8,2.730701,732.412745
8,2.700834,740.511892
8,2.703143,739.879473
8,2.698286,741.211349
8,2.689073,743.750673
