n_threads,Time,GFLOPS
66,2.589422,772.373121
66,2.646680,755.663626
66,2.284892,875.315048
66,2.628644,760.848635
66,2.164220,924.120508
