n_threads,Time,GFLOPS
80,3.991532,501.060754
80,4.170854,479.518096
80,4.198042,476.412617
80,3.903286,512.388748
80,4.031010,496.153603
