n_threads,Time,GFLOPS
70,1.994065,1002.976538
70,2.078484,962.239569
70,2.157872,926.839218
70,2.130842,938.595933
70,2.451033,815.982543
