n_threads,Time,GFLOPS
76,1.951392,1024.909583
76,1.815753,1101.471206
76,2.034704,982.943941
76,2.026288,987.026756
76,2.011269,994.397062
