n_threads,Time,GFLOPS
102,4.457565,448.675491
102,4.334679,461.395163
102,4.381233,456.492529
102,4.392790,455.291506
102,4.411187,453.392742
