n_threads,Time,GFLOPS
62,1.840352,1086.748689
62,1.876466,1065.833045
62,1.832680,1091.297799
62,1.797253,1112.809506
62,1.918383,1042.544473
