n_threads,Time,GFLOPS
8,2.769709,722.097432
8,2.791573,716.442065
8,2.813677,710.813522
8,2.776573,720.312427
8,2.765175,723.281442
