n_threads,Time,GFLOPS
16,1.449174,1380.096961
16,1.445389,1383.711014
16,1.453965,1375.548833
16,1.455892,1373.728070
16,1.456836,1372.838153
