n_threads,Time,GFLOPS
92,4.490514,445.383267
92,3.790557,527.626910
92,4.326974,462.216782
92,4.466169,447.811083
92,4.019697,497.549879
