n_threads,Time,GFLOPS
88,4.477938,446.634178
88,4.506075,443.845277
88,4.584249,436.276502
88,4.579015,436.775151
88,4.373744,457.274096
