n_threads,Time,GFLOPS
34,8.046227,248.563707
34,8.912633,224.400580
34,9.535057,209.752278
34,3.995676,500.541088
34,8.187032,244.288773
