n_threads,Time,GFLOPS
58,1.595278,1253.699615
58,1.618850,1235.444911
58,1.603607,1247.188534
58,1.637993,1221.006657
58,1.613140,1239.817767
