n_threads,Time,GFLOPS
124,3.303014,605.507564
124,3.282159,609.354988
124,3.250615,615.268096
124,3.304203,605.289653
124,3.301040,605.869707
