n_threads,Time,GFLOPS
52,1.907264,1048.622539
52,1.942766,1029.460172
52,1.929491,1036.542544
52,1.779089,1124.171083
52,1.951744,1024.724592
