n_threads,Time,GFLOPS
60,3.463531,577.445396
60,3.487762,573.433615
60,3.686694,542.491451
60,3.499240,571.552692
60,3.670279,544.917680
