n_threads,Time,GFLOPS
124,5.958273,335.667715
124,5.899090,339.035343
124,5.994422,333.643488
124,6.041618,331.037127
124,6.032895,331.515791
