n_threads,Time,GFLOPS
118,3.202802,624.453283
118,2.965835,674.346364
118,3.163379,632.235292
118,3.135994,637.756417
118,3.109746,643.139242
