n_threads,Time,GFLOPS
8,5.458674,366.389361
8,5.440980,367.580857
8,5.431348,368.232686
8,5.456377,366.543596
8,5.449966,366.974791
