n_threads,Time,GFLOPS
126,6.173728,323.953363
126,6.075986,329.164687
126,5.976302,334.655126
126,6.157709,324.796143
126,6.219874,321.549907
