n_threads,Time,GFLOPS
78,2.192746,912.098545
78,2.187271,914.381587
78,2.163763,924.315729
78,2.165751,923.467192
78,2.211831,904.228300
