n_threads,Time,GFLOPS
84,2.694343,742.296048
84,2.970655,673.252218
84,3.108142,643.471232
84,2.565524,779.567980
84,2.764124,723.556455
