n_threads,Time,GFLOPS
54,3.014747,663.405525
54,3.198993,625.196668
54,2.975419,672.174342
54,3.168938,631.126238
54,3.064776,652.576229
