n_threads,Time,GFLOPS
92,2.717814,735.885433
92,2.676626,747.209298
92,2.559384,781.437925
92,2.731538,732.188315
92,2.871627,696.469285
