n_threads,Time,GFLOPS
102,2.119258,943.726624
102,2.219022,901.298012
102,2.198574,909.680539
102,2.294978,871.468000
102,2.174890,919.586893
