n_threads,Time,GFLOPS
28,2.205809,906.696731
28,2.095016,954.646512
28,2.051789,974.759331
28,2.137620,935.620127
28,1.992223,1003.903900
