n_threads,Time,GFLOPS
6,7.201837,277.706931
6,7.190686,278.137593
6,7.191214,278.117151
6,7.206364,277.532466
6,7.199338,277.803309
