n_threads,Time,GFLOPS
56,1.641596,1218.326366
56,2.327560,859.268983
56,1.585294,1261.595721
56,1.581404,1264.699313
56,1.826717,1094.860219
