n_threads,Time,GFLOPS
40,1.465187,1365.013169
40,1.994922,1002.545272
40,1.735717,1152.261306
40,1.724494,1159.760800
40,1.525989,1310.625718
