n_threads,Time,GFLOPS
128,5.356981,373.344644
128,5.301552,377.248015
128,5.204394,384.290663
128,4.866043,411.011598
128,5.113467,391.124074
