n_threads,Time,GFLOPS
24,1.946552,1027.457658
24,1.963740,1018.464978
24,2.128478,939.638651
24,2.220087,900.865594
24,2.019129,990.525974
