n_threads,Time,GFLOPS
58,4.190277,477.295461
58,3.103366,644.461562
58,3.527427,566.985528
58,4.081483,490.017967
58,3.755251,532.587544
