n_threads,Time,GFLOPS
58,2.295826,871.146286
58,1.992296,1003.866945
58,1.668029,1199.019974
58,1.792572,1115.715248
58,1.734928,1152.785603
