n_threads,Time,GFLOPS
26,1.837975,1088.153883
26,1.888961,1058.783046
26,1.942252,1029.732260
26,2.396944,834.395785
26,1.387890,1441.036089
