n_threads,Time,GFLOPS
54,3.376507,592.328066
54,3.896788,513.243210
54,5.021516,398.286096
54,3.814681,524.290228
54,3.726186,536.741869
