n_threads,Time,GFLOPS
108,2.364566,845.821296
108,2.262694,883.902060
108,2.255194,886.841818
108,2.333312,857.150643
108,2.381008,839.980548
