n_threads,Time,GFLOPS
48,1.418285,1410.153960
48,1.418967,1409.476131
48,1.418718,1409.723365
48,1.410754,1417.681365
48,1.406735,1421.732262
