n_threads,Time,GFLOPS
40,2.987495,669.457125
40,2.787456,717.500013
40,2.623868,762.233463
40,2.784207,718.337454
40,2.729354,732.774058
