n_threads,Time,GFLOPS
46,3.420253,584.752108
46,3.181254,628.682883
46,2.752555,726.597764
46,3.043207,657.201352
46,3.404779,587.409718
