n_threads,Time,GFLOPS
22,3.187529,627.445187
22,2.758348,725.071712
22,3.052428,655.216119
22,2.267656,881.968118
22,2.949599,678.058213
