n_threads,Time,GFLOPS
28,1.561725,1280.635507
28,1.571340,1272.798872
28,1.569059,1274.649061
28,1.569463,1274.321228
28,1.535536,1302.477206
