n_threads,Time,GFLOPS
38,1.669654,1197.853183
38,2.050912,975.175913
38,2.835249,705.405467
38,1.958112,1021.391853
38,2.162824,924.717158
