n_threads,Time,GFLOPS
82,3.562434,561.413984
82,3.809599,524.989584
82,3.899442,512.893951
82,3.443205,580.854141
82,3.841795,520.590010
