n_threads,Time,GFLOPS
106,5.296636,377.598154
106,5.722532,349.495631
106,5.444286,367.357599
106,5.283726,378.520789
106,4.810119,415.790169
