n_threads,Time,GFLOPS
74,1.843342,1084.986087
74,1.880706,1063.430493
74,1.801546,1110.157631
74,1.957218,1021.858826
74,1.981481,1009.345900
