n_threads,Time,GFLOPS
44,2.783445,718.534128
44,2.824304,708.138996
44,2.824339,708.130222
44,2.697084,741.541682
44,2.849361,701.911773
