n_threads,Time,GFLOPS
66,3.487447,573.485386
66,3.208845,623.277176
66,3.105574,644.003334
66,3.131584,638.654365
66,3.754411,532.706789
