n_threads,Time,GFLOPS
38,2.755754,725.754213
38,2.590421,772.075135
38,2.967810,673.897569
38,2.649978,754.723374
38,4.001058,499.867756
