n_threads,Time,GFLOPS
14,1.645698,1215.290067
14,1.646900,1214.402484
14,1.642098,1217.953941
14,1.644012,1216.536209
14,1.637807,1221.145464
