n_threads,Time,GFLOPS
86,3.522535,567.772919
86,4.100972,487.689293
86,4.054474,493.282221
86,3.889921,514.149215
86,3.865245,517.431601
