n_threads,Time,GFLOPS
98,5.295595,377.672353
98,4.974316,402.065327
98,4.815829,415.297130
98,5.074442,394.131968
98,4.026610,496.695727
