n_threads,Time,GFLOPS
68,1.735285,1152.548427
68,1.812297,1103.572022
68,1.852427,1079.664494
68,1.772655,1128.250875
68,1.778162,1124.756723
