n_threads,Time,GFLOPS
30,1.613323,1239.677597
30,1.574698,1270.084854
30,1.640739,1218.962644
30,1.599254,1250.583201
30,1.575409,1269.511797
