n_threads,Time,GFLOPS
116,5.559397,359.751265
116,5.527747,361.811027
116,5.602018,357.014235
116,5.723423,349.441215
116,5.443703,367.397001
