n_threads,Time,GFLOPS
12,1.812240,1103.606509
12,1.827940,1094.127826
12,1.823379,1096.864548
12,1.817000,1100.715186
12,1.822479,1097.406417
