n_threads,Time,GFLOPS
60,1.964507,1018.067324
60,1.782768,1121.851277
60,1.883680,1061.751532
60,1.923339,1039.858522
60,1.886953,1059.909934
