n_threads,Time,GFLOPS
128,3.094687,646.268861
128,3.091278,646.981547
128,3.090751,647.091946
128,3.109533,643.183494
128,3.128786,639.225479
