n_threads,Time,GFLOPS
92,4.671640,428.115193
92,4.492338,445.202502
92,4.715685,424.116517
92,4.835741,413.587080
92,4.809693,415.826943
