n_threads,Time,GFLOPS
56,2.424877,824.783978
56,3.263467,612.845163
56,2.624633,762.011219
56,3.091459,646.943816
56,3.535853,565.634323
