n_threads,Time,GFLOPS
116,4.755740,420.544402
116,4.761454,420.039803
116,4.719471,423.776330
116,4.676940,427.630075
116,4.759415,420.219739
