n_threads,Time,GFLOPS
62,3.400158,588.207918
62,3.647303,548.350428
62,3.550319,563.329637
62,4.021638,497.309754
62,3.496999,571.919026
