n_threads,Time,GFLOPS
104,4.229762,472.839873
104,5.117744,390.797176
104,5.012005,399.041862
104,5.219908,383.148533
104,5.297334,377.548388
