n_threads,Time,GFLOPS
36,2.701737,740.264397
36,2.719973,735.301390
36,2.715483,736.517178
36,2.751678,726.829123
36,2.734957,731.272887
