n_threads,Time,GFLOPS
114,5.585744,358.054374
114,3.757429,532.278850
114,5.825696,343.306621
114,3.244658,616.397797
114,4.855569,411.898185
