n_threads,Time,GFLOPS
88,2.011928,994.071545
88,2.035968,982.333710
88,2.094443,954.907614
88,2.103491,950.800266
88,1.981028,1009.576772
