n_threads,Time,GFLOPS
44,1.666153,1200.370091
44,1.691874,1182.121419
44,1.631927,1225.545347
44,1.659228,1205.380144
44,1.660658,1204.342217
