n_threads,Time,GFLOPS
32,1.151332,1737.117664
32,1.159822,1724.403068
32,1.162407,1720.568275
32,1.146205,1744.889161
32,1.158103,1726.962816
