n_threads,Time,GFLOPS
8,5.563605,359.479177
8,5.692029,351.368582
8,5.496011,363.900311
8,5.494280,364.014937
8,5.518491,362.417904
