n_threads,Time,GFLOPS
10,4.362323,458.471369
10,4.354692,459.274769
10,4.362347,458.468795
10,4.355471,459.192618
10,4.362495,458.453215
