n_threads,Time,GFLOPS
20,3.527331,567.000958
20,2.362433,846.585007
20,2.313472,864.501451
20,3.555310,562.538839
20,2.345937,852.537650
