n_threads,Time,GFLOPS
42,3.868431,517.005414
42,3.108445,643.408602
42,3.463777,577.404383
42,4.195304,476.723491
42,3.113368,642.391235
