n_threads,Time,GFLOPS
102,2.529124,790.787532
102,2.710641,737.832974
102,2.724938,733.961637
102,2.694664,742.207658
102,2.755766,725.750961
