n_threads,Time,GFLOPS
6,3.520508,568.099868
6,3.568431,560.470481
6,3.567995,560.538967
6,3.557783,562.147862
6,3.554111,562.728644
