n_threads,Time,GFLOPS
34,2.300970,869.198638
34,5.022519,398.206547
34,4.624702,432.460284
34,1.445980,1383.145103
34,4.438995,450.552386
