n_threads,Time,GFLOPS
80,2.104852,950.185791
80,2.102278,951.348963
80,2.072186,965.164356
80,2.094429,954.914260
80,2.115507,945.399956
