n_threads,Time,GFLOPS
34,2.600880,768.970644
34,6.652831,300.623908
34,2.522255,792.941350
34,3.043229,657.196753
34,2.979280,671.303048
