n_threads,Time,GFLOPS
16,3.061346,653.307469
16,3.059630,653.673866
16,3.054278,654.819338
16,3.068183,651.851613
16,3.043722,657.090198
