n_threads,Time,GFLOPS
80,3.631623,550.717956
80,3.784681,528.446061
80,4.194086,476.861979
80,3.733015,535.760001
80,4.133552,483.845416
