n_threads,Time,GFLOPS
114,5.769711,346.637808
114,3.558894,561.972322
114,4.770171,419.272159
114,5.581246,358.342901
114,5.359418,373.174815
