n_threads,Time,GFLOPS
36,6.218968,321.596790
36,5.037271,397.040383
36,4.808587,415.922603
36,6.343013,315.307553
36,4.889949,409.002250
