n_threads,Time,GFLOPS
112,5.505831,363.251245
112,5.383828,371.482893
112,5.478013,365.095896
112,5.493725,364.051704
112,5.502421,363.476361
