n_threads,Time,GFLOPS
128,5.981107,334.386278
128,6.003646,333.130923
128,6.100958,327.817368
128,6.074490,329.245767
128,6.030884,331.626325
