n_threads,Time,GFLOPS
94,4.854125,412.020733
94,4.773326,418.995019
94,4.669751,428.288329
94,4.659042,429.272798
94,4.744187,421.568574
