n_threads,Time,GFLOPS
54,2.812464,711.120339
54,3.352775,596.520813
54,2.592804,771.365633
54,2.699438,740.894962
54,2.774216,720.924341
