n_threads,Time,GFLOPS
60,2.976828,671.856065
60,3.166711,631.570110
60,3.388608,590.212833
60,3.632348,550.608086
60,3.096273,645.937861
