n_threads,Time,GFLOPS
36,1.660530,1204.434375
36,2.232821,895.728031
36,1.200412,1666.095272
36,1.392901,1435.852346
36,1.188798,1682.371582
