n_threads,Time,GFLOPS
10,2.246887,890.120578
10,2.335165,856.470423
10,2.243020,891.655062
10,2.336182,856.097657
10,2.228224,897.575850
