n_threads,Time,GFLOPS
38,3.756139,532.461599
38,5.687226,351.665324
38,7.049165,283.721534
38,4.671057,428.168605
38,3.981172,502.364646
