n_threads,Time,GFLOPS
118,5.778665,346.100704
118,5.814299,343.979554
118,5.828238,343.156899
118,5.825329,343.328252
118,5.425539,368.626959
