n_threads,Time,GFLOPS
96,3.072190,651.001300
96,3.004078,665.761652
96,2.937231,680.913387
96,2.892392,691.469259
96,2.823326,708.384460
