n_threads,Time,GFLOPS
84,3.966907,504.171097
84,4.290416,466.155258
84,3.882472,515.135769
84,4.316940,463.291152
84,4.317407,463.240973
