n_threads,Time,GFLOPS
22,4.331689,461.713705
22,2.850915,701.529095
22,5.318300,376.059994
22,3.803774,525.793624
22,4.076212,490.651658
