n_threads,Time,GFLOPS
90,3.119989,641.027894
90,3.203019,624.410861
90,2.783807,718.440560
90,3.133701,638.222996
90,3.030983,659.851850
