n_threads,Time,GFLOPS
112,3.055795,654.494263
112,3.150066,634.907357
112,3.138712,637.204015
112,3.102798,644.579428
112,3.129400,639.100077
