n_threads,Time,GFLOPS
70,4.000439,499.945090
70,3.775075,529.790788
70,3.731530,535.973240
70,3.990974,501.130785
70,3.617026,552.940519
