n_threads,Time,GFLOPS
128,6.257946,319.593673
128,6.015560,332.471105
128,6.081936,328.842665
128,6.135780,325.956924
128,6.136805,325.902498
