n_threads,Time,GFLOPS
100,5.225188,382.761332
100,5.001686,399.865138
100,4.897914,408.337074
100,5.127517,390.052361
100,5.129219,389.922933
