n_threads,Time,GFLOPS
82,3.598242,555.827018
82,3.198988,625.197768
82,3.232562,618.704333
82,2.181657,916.734536
82,3.254876,614.462673
