n_threads,Time,GFLOPS
76,3.545421,564.107860
76,3.779419,529.181887
76,3.828931,522.339016
76,3.864334,517.553602
76,3.576118,559.265722
