n_threads,Time,GFLOPS
44,1.408245,1420.207843
44,1.340921,1491.512372
44,1.476525,1354.531386
44,1.429194,1399.390225
44,1.316880,1518.740879
