n_threads,Time,GFLOPS
56,3.365057,594.343541
56,3.227415,619.691034
56,3.233522,618.520571
56,3.536741,565.492397
56,3.369392,593.578892
