n_threads,Time,GFLOPS
120,3.535955,565.618105
120,5.875344,340.405594
120,6.115036,327.062646
120,6.071094,329.429912
120,5.850167,341.870555
