n_threads,Time,GFLOPS
54,1.979062,1010.579774
54,1.906177,1049.220716
54,2.474451,808.260194
54,1.851553,1080.174349
54,1.905705,1049.480239
