n_threads,Time,GFLOPS
12,1.927670,1037.521991
12,1.930814,1035.832787
12,1.932147,1035.118174
12,1.927706,1037.502869
12,1.932733,1034.803859
