n_threads,Time,GFLOPS
100,4.759055,420.251490
100,5.250166,380.940316
100,5.173199,386.607976
100,4.645818,430.494662
100,5.204552,384.279003
