n_threads,Time,GFLOPS
120,3.098247,645.526410
120,3.023336,661.521016
120,3.113277,642.409827
120,3.061102,653.359541
120,3.118344,641.366067
