n_threads,Time,GFLOPS
50,2.783434,718.536824
50,4.093489,488.580747
50,4.771842,419.125371
50,2.496349,801.169970
50,3.040570,657.771308
