n_threads,Time,GFLOPS
118,2.736683,730.811673
118,2.305983,867.308952
118,2.581090,774.866453
118,2.416895,827.507904
118,2.586873,773.134295
