n_threads,Time,GFLOPS
56,2.154453,928.309888
56,1.903519,1050.685692
56,2.018416,990.875824
56,1.909758,1047.253055
56,1.730262,1155.894201
