n_threads,Time,GFLOPS
64,1.645518,1215.422875
64,1.654005,1209.185983
64,1.663650,1202.176272
64,1.635082,1223.180207
64,1.639704,1219.732439
