n_threads,Time,GFLOPS
50,7.852245,254.704213
50,6.007756,332.903024
50,4.394108,455.154968
50,6.014258,332.543092
50,3.789372,527.791972
