n_threads,Time,GFLOPS
98,4.241723,471.506493
98,3.771726,530.261241
98,4.126047,484.725428
98,4.058022,492.850983
98,3.975006,503.143837
