n_threads,Time,GFLOPS
20,2.457234,813.923324
20,2.461445,812.530918
20,2.476096,807.723246
20,2.462780,812.090384
20,2.459486,813.178083
