n_threads,Time,GFLOPS
74,3.882262,515.163588
74,3.997101,500.362591
74,4.074835,490.817368
74,3.819602,523.614698
74,3.765089,531.195979
