n_threads,Time,GFLOPS
114,2.454324,814.888324
114,2.203328,907.717716
114,2.253684,887.435753
114,2.482576,805.614858
114,2.416535,827.631429
