n_threads,Time,GFLOPS
116,3.027389,660.635223
116,3.216051,621.880730
116,3.072339,650.969828
116,3.167357,631.441250
116,3.079181,649.523335
