n_threads,Time,GFLOPS
68,2.248644,889.424867
68,2.271276,880.562246
68,2.011194,994.434372
68,2.535177,788.899457
68,2.216757,902.218915
