n_threads,Time,GFLOPS
80,2.416190,827.749475
80,2.667832,749.672452
80,2.443876,818.372271
80,2.483322,805.372774
80,2.422741,825.511188
