n_threads,Time,GFLOPS
10,4.691699,426.284768
10,4.666472,428.589302
10,4.619118,432.983111
10,4.678875,427.453139
10,4.682322,427.138468
