n_threads,Time,GFLOPS
116,2.601133,768.895742
116,2.539439,787.575390
116,2.490374,803.092118
116,2.353497,849.799138
116,2.385437,838.420767
