n_threads,Time,GFLOPS
104,2.222600,899.847075
104,2.128802,939.495360
104,2.332464,857.462158
104,2.416533,827.631876
104,2.068504,966.882267
