n_threads,Time,GFLOPS
14,3.371609,593.188548
14,3.354276,596.253850
14,3.353212,596.443096
14,3.444368,580.657980
14,3.358808,595.449317
