n_threads,Time,GFLOPS
64,3.337032,599.334915
64,3.424196,584.078636
64,3.390307,589.917044
64,3.370293,593.420268
64,3.430912,582.935429
