n_threads,Time,GFLOPS
42,2.432260,822.280490
42,1.919702,1041.828123
42,2.249199,889.205377
42,2.521794,793.086292
42,1.898382,1053.528908
