n_threads,Time,GFLOPS
32,2.632955,759.602916
32,2.596553,770.251830
32,2.585333,773.594810
32,2.617580,764.064420
32,2.591913,771.630905
