n_threads,Time,GFLOPS
114,4.883876,409.510783
114,4.974173,402.076914
114,4.934660,405.296420
114,4.403382,454.196374
114,5.217411,383.331873
