n_threads,Time,GFLOPS
20,4.915239,406.897796
20,4.951463,403.921031
20,5.615676,356.145920
20,4.930163,405.666122
20,5.547329,360.533895
