n_threads,Time,GFLOPS
78,3.685899,542.608485
78,4.267705,468.635904
78,3.673839,544.389620
78,4.157307,481.080718
78,4.435079,450.950238
