n_threads,Time,GFLOPS
110,2.558822,781.609623
110,2.186376,914.755784
110,2.520979,793.342533
110,2.311366,865.289168
110,2.434058,821.673023
