n_threads,Time,GFLOPS
104,2.945173,679.077210
104,2.902906,688.964814
104,2.948923,678.213793
104,2.958969,675.911190
104,2.805673,712.841465
