n_threads,Time,GFLOPS
100,4.556543,438.929215
100,4.267800,468.625551
100,4.501977,444.249236
100,4.211127,474.932259
100,3.975415,503.092167
