n_threads,Time,GFLOPS
76,2.146567,931.720318
76,2.437870,820.388447
76,2.368236,844.510562
76,2.361943,846.760313
76,2.239325,893.126328
