n_threads,Time,GFLOPS
104,5.288648,378.168496
104,4.884552,409.454158
104,5.089124,392.994979
104,5.242672,381.484857
104,5.212533,383.690621
