n_threads,Time,GFLOPS
52,1.506877,1327.248571
52,1.544386,1295.013048
52,1.560863,1281.342590
52,1.549004,1291.152463
52,1.548654,1291.443855
