n_threads,Time,GFLOPS
2,22.433471,89.152498
2,22.399568,89.287437
2,22.433578,89.152075
2,22.449009,89.090793
2,21.663162,92.322627
