n_threads,Time,GFLOPS
122,5.700782,350.829078
122,5.845114,342.166122
122,3.487265,573.515407
122,5.237744,381.843763
122,5.493582,364.061194
