n_threads,Time,GFLOPS
104,3.069370,651.599482
104,3.037130,658.516343
104,3.051228,655.473725
104,2.962369,675.135270
104,3.087068,647.864015
