n_threads,Time,GFLOPS
86,2.486706,804.276666
86,2.323111,860.914343
86,2.378068,841.018824
86,2.252580,887.870719
86,2.410834,829.588452
