n_threads,Time,GFLOPS
48,1.415173,1413.255044
48,1.432988,1395.685557
48,1.430673,1397.943711
48,1.424345,1404.153959
48,1.431603,1397.035445
