n_threads,Time,GFLOPS
108,4.060942,492.496540
108,5.363082,372.919888
108,5.508316,363.087394
108,5.468650,365.721004
108,5.291785,377.944311
