n_threads,Time,GFLOPS
74,2.498587,800.452542
74,2.493150,802.198170
74,2.525710,791.856655
74,2.289734,873.464023
74,2.242749,891.762622
