n_threads,Time,GFLOPS
44,3.191494,626.665790
44,3.258061,613.862092
44,3.181257,628.682334
44,3.145969,635.734118
44,3.202744,624.464442
