n_threads,Time,GFLOPS
20,3.228490,619.484697
20,2.657536,752.576769
20,2.866957,697.603660
20,3.122675,640.476557
20,2.970477,673.292481
