n_threads,Time,GFLOPS
26,4.071959,491.164082
26,3.671961,544.668165
26,2.560032,781.240338
26,2.977431,671.719934
26,4.385742,456.023144
