n_threads,Time,GFLOPS
106,5.228545,382.515609
106,5.290608,378.028388
106,5.311716,376.526181
106,5.273738,379.237663
106,5.303012,377.144157
