n_threads,Time,GFLOPS
64,3.341755,598.487922
64,3.309973,604.234507
64,3.326257,601.276408
64,3.301772,605.735267
64,3.331865,600.264339
