n_threads,Time,GFLOPS
50,1.944314,1028.640482
50,1.413058,1415.370461
50,2.054271,973.581520
50,1.713903,1166.927430
50,2.992839,668.261804
