n_threads,Time,GFLOPS
12,1.847073,1082.794201
12,1.864620,1072.604386
12,1.903474,1050.710499
12,1.880467,1063.565320
12,1.851507,1080.200980
