n_threads,Time,GFLOPS
18,9.497941,210.571952
18,10.786104,185.423772
18,8.000892,249.972132
18,10.719622,186.573748
18,8.234955,242.867144
