n_threads,Time,GFLOPS
24,1.370903,1458.892229
24,1.539153,1299.415591
24,1.646104,1214.990184
24,1.398401,1430.204878
24,1.324593,1509.897837
