n_threads,Time,GFLOPS
102,4.987067,401.037308
102,4.958734,403.328712
102,3.295545,606.879937
102,4.909563,407.368236
102,4.857355,411.746759
