n_threads,Time,GFLOPS
126,6.328284,316.041431
126,6.138799,325.796632
126,6.103137,327.700331
126,6.201524,322.501364
126,6.153314,325.028089
