n_threads,Time,GFLOPS
122,2.534815,789.012313
122,2.558536,781.696930
122,2.570496,778.059821
122,2.649311,754.913301
122,2.646064,755.839533
