n_threads,Time,GFLOPS
112,2.586943,773.113324
112,2.393522,835.588803
112,2.469756,809.796718
112,2.140813,934.224441
112,2.152681,929.073910
