n_threads,Time,GFLOPS
68,3.542261,564.611197
68,3.491229,572.864105
68,3.557596,562.177425
68,3.542302,564.604594
68,3.527807,566.924401
