n_threads,Time,GFLOPS
32,1.158946,1725.706076
32,1.162998,1719.692718
32,1.177313,1698.783232
32,1.182599,1691.189832
32,1.157726,1727.525076
