n_threads,Time,GFLOPS
118,3.098423,645.489579
118,3.092915,646.639151
118,2.973678,672.567760
118,3.104251,644.277800
118,3.115210,642.011217
