n_threads,Time,GFLOPS
16,1.407002,1421.461817
16,1.408850,1419.598042
16,1.420481,1407.974081
16,1.417368,1411.066245
16,1.405189,1423.296004
