n_threads,Time,GFLOPS
96,4.230589,472.747384
96,3.614236,553.367296
96,4.398590,454.691155
96,4.033652,495.828617
96,4.073918,490.927928
