n_threads,Time,GFLOPS
36,2.789164,717.060776
36,4.421669,452.317900
36,3.890403,514.085524
36,3.080180,649.312713
36,2.593711,771.095989
