n_threads,Time,GFLOPS
114,3.150867,634.745973
114,3.439557,581.470147
114,3.120818,640.857600
114,2.706762,738.890296
114,3.063037,652.946670
