n_threads,Time,GFLOPS
120,2.383744,839.016098
120,2.588191,772.740405
120,2.142709,933.397976
120,2.385250,838.486575
120,2.823627,708.308886
