n_threads,Time,GFLOPS
122,5.915311,338.105634
122,5.872517,340.569498
122,5.775317,346.301309
122,5.859791,341.309116
122,5.960469,335.544058
