n_threads,Time,GFLOPS
88,2.928792,682.875437
88,2.683325,745.343999
88,2.587230,773.027591
88,2.685435,744.758209
88,2.738866,730.229167
