n_threads,Time,GFLOPS
106,2.930934,682.376343
106,3.173190,630.280569
106,3.063739,652.797094
106,2.952606,677.367660
106,2.853635,700.860393
