n_threads,Time,GFLOPS
118,4.251716,470.398310
118,5.865518,340.975835
118,3.580150,558.635759
118,5.913543,338.206750
118,5.771367,346.538373
