n_threads,Time,GFLOPS
124,6.040989,331.071627
124,6.174018,323.938173
124,5.798582,344.911906
124,6.125388,326.509932
124,5.601661,357.036970
