n_threads,Time,GFLOPS
10,2.135496,936.550667
10,2.146107,931.919991
10,2.151975,929.378831
10,2.144948,932.423586
10,2.157231,927.114452
