n_threads,Time,GFLOPS
2,10.513431,190.232853
2,10.504013,190.403420
2,10.505899,190.369243
2,10.519000,190.132147
2,10.428482,191.782472
