n_threads,Time,GFLOPS
86,2.384786,838.649680
86,3.107756,643.551108
86,2.919081,685.147165
86,2.805036,713.003287
86,2.526403,791.639270
