n_threads,Time,GFLOPS
94,3.052611,655.176846
94,2.960966,675.455152
94,2.868276,697.282920
94,2.533728,789.350630
94,2.631822,759.929720
