n_threads,Time,GFLOPS
56,1.600426,1249.667600
56,1.631833,1225.615717
56,1.622268,1232.841820
56,1.617872,1236.191511
56,1.591558,1256.629910
