n_threads,Time,GFLOPS
82,3.803710,525.802502
82,4.204793,475.647693
82,4.054230,493.311963
82,4.323381,462.600869
82,4.562243,438.380901
