n_threads,Time,GFLOPS
12,3.703404,540.043643
12,3.707289,539.477774
12,3.705915,539.677769
12,3.706922,539.531232
12,3.705455,539.744811
