n_threads,Time,GFLOPS
36,2.374355,842.333859
36,2.629535,760.590868
36,3.166019,631.708114
36,2.038534,981.096996
36,2.614327,765.015378
