n_threads,Time,GFLOPS
74,3.958615,505.227158
74,3.933944,508.395628
74,3.744298,534.145526
74,3.667756,545.292516
74,4.235676,472.179602
