n_threads,Time,GFLOPS
30,2.566038,779.411745
30,2.605160,767.707043
30,2.563484,780.188264
30,2.603582,768.172442
30,2.621808,762.832239
