n_threads,Time,GFLOPS
102,4.773831,418.950692
102,4.646961,430.388802
102,4.403010,454.234671
102,5.252662,380.759282
102,4.718160,423.894040
