n_threads,Time,GFLOPS
40,1.343993,1488.103097
40,1.365732,1464.416256
40,1.370890,1458.906738
40,1.357974,1472.782523
40,1.354882,1476.143496
