n_threads,Time,GFLOPS
102,2.994485,667.894402
102,2.858114,699.762116
102,2.840466,704.109800
102,2.908151,687.722231
102,2.813857,710.768185
