n_threads,Time,GFLOPS
2,21.502944,93.010521
2,21.648181,92.386514
2,21.637276,92.433075
2,21.449907,93.240498
2,21.551005,92.803096
