n_threads,Time,GFLOPS
128,3.138999,637.145851
128,3.101549,644.838975
128,3.122562,640.499670
128,3.129593,639.060783
128,3.136874,637.577331
