n_threads,Time,GFLOPS
88,4.455987,448.834374
88,3.980077,502.502893
88,4.191367,477.171284
88,4.392756,455.295067
88,4.457229,448.709319
