n_threads,Time,GFLOPS
30,1.798913,1111.782810
30,2.004488,997.760900
30,1.978870,1010.677752
30,1.993626,1003.197051
30,1.954039,1023.520896
