n_threads,Time,GFLOPS
14,1.628649,1228.011923
14,1.627503,1228.876713
14,1.618513,1235.701929
14,1.608949,1243.047713
14,1.680692,1189.986229
