n_threads,Time,GFLOPS
120,5.779311,346.062001
120,5.842274,342.332450
120,5.582939,358.234252
120,5.914585,338.147155
120,5.973246,334.826314
