n_threads,Time,GFLOPS
52,1.631484,1225.877804
52,1.965546,1017.529049
52,1.436940,1391.846998
52,1.592508,1255.880294
52,1.464718,1365.450693
