n_threads,Time,GFLOPS
72,3.619834,552.511467
72,3.865568,517.388390
72,3.775566,529.721957
72,3.836531,521.304258
72,4.089012,489.115743
