n_threads,Time,GFLOPS
42,1.424972,1403.536161
42,1.393903,1434.819628
42,1.382593,1446.556974
42,1.384979,1444.065304
42,1.425227,1403.285427
