n_threads,Time,GFLOPS
110,2.967046,674.071029
110,3.078437,649.680378
110,2.988659,669.196341
110,3.166018,631.708343
110,2.994982,667.783591
