n_threads,Time,GFLOPS
48,2.870784,696.673771
48,2.857462,699.921853
48,2.892740,691.386061
48,2.887076,692.742332
48,2.835381,705.372586
