n_threads,Time,GFLOPS
10,4.446095,449.832972
10,4.440295,450.420509
10,4.445451,449.898072
10,4.440551,450.394595
10,4.431973,451.266268
