n_threads,Time,GFLOPS
78,3.567921,560.550561
78,3.651954,547.652022
78,3.913256,511.083347
78,3.684469,542.819021
78,4.077708,490.471610
