n_threads,Time,GFLOPS
40,3.030970,659.854821
40,3.115143,642.025166
40,3.099652,645.233627
40,3.008815,664.713514
40,2.905745,688.291730
