n_threads,Time,GFLOPS
84,2.129584,939.150385
84,2.018251,990.957057
84,2.012731,993.674965
84,2.214727,903.045913
84,2.264431,883.223908
