n_threads,Time,GFLOPS
72,3.953164,505.923801
72,3.174116,630.096685
72,3.592519,556.712447
72,4.049827,493.848228
72,4.067281,491.728960
