n_threads,Time,GFLOPS
38,2.740126,729.893324
38,2.718034,735.826102
38,2.724601,734.052413
38,2.754732,726.023539
38,2.745656,728.423413
