n_threads,Time,GFLOPS
52,2.623533,762.330757
52,2.528743,790.906921
52,4.270646,468.313240
52,2.540673,787.192991
52,3.271853,611.274446
