n_threads,Time,GFLOPS
20,1.415785,1412.643706
20,1.706461,1172.015966
20,2.064837,968.599294
20,2.062614,969.643157
20,1.683073,1188.302420
