n_threads,Time,GFLOPS
100,2.466956,810.715601
100,2.559361,781.445062
100,2.571561,777.737578
100,2.496602,801.088942
100,2.593251,771.232720
