n_threads,Time,GFLOPS
40,1.347379,1484.363785
40,2.036933,981.868443
40,1.433151,1395.526400
40,2.095573,954.392931
40,1.175318,1701.667769
