n_threads,Time,GFLOPS
108,2.870736,696.685423
108,2.882359,693.875993
108,2.862465,698.698499
108,2.876445,695.302812
108,2.897105,690.344251
