n_threads,Time,GFLOPS
14,,
14,,
14,,
14,,
14,11.151450,179.348873
