n_threads,Time,GFLOPS
122,,
122,,
122,,
122,5.248811,381.038664
122,,
