n_threads,Time,GFLOPS
102,3.228789,619.427329
102,3.807912,525.222255
102,3.774309,529.898364
102,3.510299,569.752016
102,4.157076,481.107367
