n_threads,Time,GFLOPS
18,2.443648,818.448641
18,2.343177,853.542095
18,2.399380,833.548738
18,2.396093,834.692158
18,2.389008,837.167544
