n_threads,Time,GFLOPS
66,3.259267,613.634877
66,3.089612,647.330523
66,3.394422,589.201863
66,3.495169,572.218377
66,3.468368,576.640104
