n_threads,Time,GFLOPS
84,1.889614,1195.286210
84,1.945006,1028.274369
84,1.843321,1084.998131
84,1.876645,1065.731772
84,1.773862,1127.483176
