n_threads,Time,GFLOPS
38,3.037170,658.507745
38,3.076328,650.125777
38,3.159573,632.996884
38,3.078562,649.653951
38,3.137454,637.459448
