n_threads,Time,GFLOPS
106,1.796895,1113.030945
106,1.885560,1060.692626
106,1.788690,1118.136510
106,1.866543,1071.499399
106,1.844385,1084.372288
