n_threads,Time,GFLOPS
120,3.579659,558.712466
120,2.566793,779.182324
120,3.161682,632.574650
120,3.604663,554.836823
120,3.126103,639.774196
