n_threads,Time,GFLOPS
98,3.844591,520.211386
98,3.645172,548.670970
98,3.336778,599.380665
98,3.252518,518.499262
98,,
