n_threads,Time,GFLOPS
20,2.170194,921.576506
20,2.165561,923.548127
20,2.237165,893.988514
20,2.188120,914.026638
20,2.151517,929.576467
