n_threads,Time,GFLOPS
104,3.294645,607.045722
104,2.704955,739.383801
104,3.065355,652.453061
104,3.126972,639.596470
104,3.639151,549.578698
