n_threads,Time,GFLOPS
104,1.820761,1098.441919
104,1.843775,1084.731190
104,1.837721,1088.304696
104,1.773898,1127.460397
104,1.819178,1099.397865
