n_threads,Time,GFLOPS
54,1.837911,1088.191800
54,1.877742,1065.108811
54,1.862529,1073.808920
54,1.857941,1076.460590
54,1.858311,1076.246225
