n_threads,Time,GFLOPS
46,1.842783,1085.315045
46,1.854090,1078.696482
46,1.865725,1071.969184
46,1.849350,1081.460971
46,1.860317,1075.085408
