n_threads,Time,GFLOPS
110,1.755548,1139.245287
110,1.757514,1137.971161
110,1.677816,1192.025661
110,1.619897,1234.646051
110,1.700437,1176.168144
