n_threads,Time,GFLOPS
64,1.818356,1099.894639
64,1.845257,1083.860058
64,1.748315,1143.958383
64,1.849653,1081.283703
64,1.860564,1074.942633
