n_threads,Time,GFLOPS
66,1.886630,1060.091177
66,1.823342,1096.886682
66,1.853141,1079.248757
66,1.869776,1069.646813
66,1.840035,1086.936102
