n_threads,Time,GFLOPS
58,3.192808,626.407855
58,3.213278,622.417277
58,3.226531,619.860749
58,3.242853,616.740928
58,3.215958,621.898598
