n_threads,Time,GFLOPS
8,4.603370,434.464341
8,4.604182,434.387738
8,4.589333,435.793215
8,4.591804,435.558696
8,4.627768,432.173806
