n_threads,Time,GFLOPS
2,18.182298,109.997098
2,17.846173,112.068843
2,18.676572,107.086031
2,18.145545,110.219891
2,18.062428,110.727084
