n_threads,Time,GFLOPS
82,1.695486,1179.603010
82,1.687134,1185.442412
82,1.698480,1177.523451
82,1.753491,1140.581810
82,1.712496,1167.885646
