n_threads,Time,GFLOPS
118,3.817971,523.838479
118,3.882790,515.093549
118,4.093983,488.521764
118,3.975160,503.124393
118,3.902435,512.500582
