n_threads,Time,GFLOPS
118,1.722304,1161.234883
118,1.779332,1124.017575
118,1.753345,1140.676909
118,1.736129,1151.988334
118,1.773777,1127.537187
