n_threads,Time,GFLOPS
28,1.834334,1090.313969
28,1.862936,1073.574187
28,1.863531,1073.231140
28,1.840998,1086.367429
28,1.828324,1093.898100
