n_threads,Time,GFLOPS
10,,
10,4.152998,481.579838
10,4.090582,488.927950
10,4.088561,489.169658
10,4.173645,479.197416
