n_threads,Time,GFLOPS
56,3.382174,591.335683
56,3.379835,591.744922
56,3.381129,591.518382
56,3.401064,588.051251
56,3.383515,591.101313
