n_threads,Time,GFLOPS
16,2.716754,736.172733
16,2.706899,738.852846
16,2.715057,736.632724
16,2.695812,741.891546
16,2.695397,742.005667
