n_threads,Time,GFLOPS
54,3.147798,635.364726
54,3.174555,630.009516
54,3.181220,628.689579
54,3.144260,636.079751
54,3.162701,632.370945
