n_threads,Time,GFLOPS
88,3.436031,582.066861
88,3.182733,628.390735
88,3.531528,566.327167
88,3.530274,566.528184
88,3.533150,566.067084
