n_threads,Time,GFLOPS
64,3.382920,591.205235
64,3.439798,581.429458
64,3.421891,584.472112
64,3.393147,589.423361
64,3.804418,525.704633
