n_threads,Time,GFLOPS
14,3.446022,580.379360
14,3.427598,583.499076
14,3.432313,582.697522
14,3.424304,584.060275
14,3.436998,581.903126
