n_threads,Time,GFLOPS
62,2.043919,978.512268
62,2.037227,981.726695
62,2.047570,976.767713
62,1.683987,1187.657958
62,2.058636,971.516942
