n_threads,Time,GFLOPS
84,3.317903,602.790341
84,3.551662,563.116636
84,3.221955,620.741154
84,3.062104,653.145621
84,3.613392,553.496600
