n_threads,Time,GFLOPS
6,7.841837,255.042270
6,7.918689,252.567060
6,7.804243,256.270848
6,7.876999,253.903800
6,7.883734,253.686891
