n_threads,Time,GFLOPS
56,1.776696,1125.684845
56,1.810738,1104.521827
56,1.790300,1117.131218
56,1.829316,1093.305085
56,1.780624,1123.201653
