n_threads,Time,GFLOPS
68,2.136435,936.139096
68,2.057435,972.083994
68,2.084433,959.493517
68,2.096381,954.025213
68,2.068161,967.042544
