n_threads,Time,GFLOPS
120,1.638687,1220.489211
120,1.642283,1217.816921
120,1.656161,1207.611921
120,1.727984,1157.418420
120,1.692227,1181.874853
