n_threads,Time,GFLOPS
76,3.710135,539.063988
76,3.700532,540.462896
76,3.791254,527.529928
76,4.187672,477.592350
76,3.717281,538.027712
