n_threads,Time,GFLOPS
20,1.331620,1501.930200
20,1.337367,1495.475910
20,,
20,1.354737,1476.300868
20,1.341829,1490.502615
