n_threads,Time,GFLOPS
116,4.674844,427.821798
116,5.445484,367.276821
116,5.020986,
116,4.750710,420.989735
116,5.108546,391.500843
