n_threads,Time,GFLOPS
6,3.675006,544.216778
6,3.662067,546.139686
6,3.582863,558.212743
6,3.742473,534.405967
6,3.761143,531.753204
