n_threads,Time,GFLOPS
112,4.862489,411.312012
112,4.507509,443.704081
112,4.567845,437.843238
112,4.848850,412.468962
112,4.764544,419.767389
