n_threads,Time,GFLOPS
2,21.430674,93.324177
2,21.237524,94.172936
2,21.538283,92.857912
2,21.743675,91.980770
2,22.300211,89.685251
