n_threads,Time,GFLOPS
92,2.221277,900.382880
92,2.097997,953.290118
92,2.472481,808.904131
92,2.193333,911.854305
92,2.260118,884.909638
