n_threads,Time,GFLOPS
6,7.294243,274.188835
6,7.442014,268.744452
6,7.354241,271.951930
6,7.325583,273.015810
6,7.382312,270.917852
