n_threads,Time,GFLOPS
34,2.667848,749.667892
34,2.659889,751.911075
34,2.725115,733.914069
34,2.761486,724.247738
34,2.694471,742.260840
