n_threads,Time,GFLOPS
4,10.911323,183.295824
4,11.050131,180.993329
4,10.935199,182.895619
4,10.846219,184.396062
4,10.968536,182.339747
