n_threads,Time,GFLOPS
80,3.741687,534.518194
80,3.573978,559.600606
80,3.704167,539.932452
80,3.634166,550.332627
80,3.767299,530.884378
