n_threads,Time,GFLOPS
118,,
118,4.731924,422.661081
118,4.761361,420.047947
118,4.467350,447.692688
118,4.750213,421.033730
