n_threads,Time,GFLOPS
92,4.344866,460.313438
92,4.081936,489.963621
92,4.118638,485.597413
92,4.135569,483.609437
92,4.090348,488.956012
