n_threads,Time,GFLOPS
32,1.215605,1645.271869
32,1.247045,1603.790803
32,1.227144,1629.800514
32,1.205926,1658.476907
32,1.210129,1652.716539
