n_threads,Time,GFLOPS
36,2.696537,741.691943
36,2.804007,713.264911
36,2.774744,720.787242
36,2.714211,736.862439
36,2.739092,730.169008
