n_threads,Time,GFLOPS
88,2.021674,989.279152
88,2.396501,834.550026
88,2.106792,949.310434
88,2.050703,975.275208
88,2.148077,931.065206
