n_threads,Time,GFLOPS
64,3.342969,598.270615
64,3.350501,
64,3.351602,596.729481
64,3.205949,623.840207
64,3.349807,597.049388
