n_threads,Time,GFLOPS
72,3.706780,539.551904
72,3.705081,539.799210
72,3.759165,532.033106
72,3.985336,501.839701
72,3.678978,543.629197
