n_threads,Time,GFLOPS
18,2.783752,718.454829
18,2.796634,715.145337
18,2.800722,714.101569
18,2.804971,713.019748
18,2.767949,362.889862
