n_threads,Time,GFLOPS
104,4.463462,448.082715
104,4.170968,479.504996
104,4.344334,460.369719
104,4.440171,450.433066
104,4.228978,472.927468
