n_threads,Time,GFLOPS
46,1.459991,1369.871054
46,1.489962,1342.315686
46,1.494898,1337.883731
46,1.460260,1369.619414
46,1.458766,1371.022178
