n_threads,Time,GFLOPS
60,3.245626,616.213901
60,3.158795,633.152851
60,3.170895,630.736836
60,3.252922,614.831813
60,3.167040,631.504499
