n_threads,Time,GFLOPS
70,2.083403,959.967707
70,1.927442,1037.644563
70,1.909458,1047.417670
70,1.862519,1073.814806
70,1.937150,1032.444487
