n_threads,Time,GFLOPS
116,2.449446,816.511078
116,2.510523,796.646798
116,2.504839,798.454513
116,2.907109,687.968718
116,2.670032,749.054763
