n_threads,Time,GFLOPS
64,1.669982,1197.617504
64,1.685278,1186.748074
64,1.672421,1195.870989
64,1.690432,1183.129170
64,1.674714,1194.233945
