n_threads,Time,GFLOPS
62,3.309393,604.340392
62,3.298397,606.355088
62,3.204678,624.087596
62,3.228768,619.431229
62,3.362221,594.844828
