n_threads,Time,GFLOPS
124,5.045792,396.369860
124,4.651345,429.983155
124,5.093700,392.641875
124,4.924269,406.151671
124,4.837348,413.449720
