n_threads,Time,GFLOPS
50,2.958714,675.969285
50,2.927291,683.225452
50,2.919112,685.139949
50,2.923877,684.023360
50,3.066595,652.189117
