n_threads,Time,GFLOPS
120,5.051780,395.900081
120,4.914801,406.934094
120,4.915018,406.916145
120,4.823999,414.593800
120,4.715907,424.096561
