n_threads,Time,GFLOPS
58,1.619966,1234.593845
58,1.606615,1244.853319
58,1.592456,1255.921537
58,1.621039,1233.776758
58,1.665098,1201.130765
