n_threads,Time,GFLOPS
48,1.516509,1318.818629
48,1.536743,1301.454019
48,1.545792,1293.835213
48,1.549301,1290.904940
48,1.517301,1318.129765
