n_threads,Time,GFLOPS
38,2.735565,731.110502
38,2.828991,706.965819
38,2.799692,714.364215
38,2.729619,732.702978
38,2.766524,722.928823
