n_threads,Time,GFLOPS
36,1.346878,1484.915661
36,1.342233,1490.054331
36,1.342694,1489.543196
36,,
36,1.323947,1510.634908
