n_threads,Time,GFLOPS
110,2.265819,882.682853
110,2.249409,889.122396
110,2.399828,833.393233
110,2.517187,794.537832
110,2.454696,814.764815
