n_threads,Time,GFLOPS
78,3.947346,506.669558
78,3.759393,532.000790
78,3.594150,556.459759
78,3.388371,590.254127
78,3.971920,503.534854
